"User_ID","Age","Gender","Occupation","Device_Type","Daily_Phone_Hours","Social_Media_Hours","Work_Productivity_Score","Sleep_Hours","Stress_Level","App_Usage_Count","Caffeine_Intake_Cups","Weekend_Screen_Time_Hours"
"U40002",34,"Female","Professional","Android",11.3,1,7,6.5,8,51,3,11.9
"U40003",46,"Male","Professional","Android",2.9,6.4,5,6.1,4,57,0,8.1
"U40004",35,"Other","Business Owner","iOS",8.5,7.7,7,7.2,1,30,2,11.4
"U40005",47,"Male","Professional","iOS",1.2,5.1,1,5.3,3,48,6,3
"U40006",45,"Male","Freelancer","Android",5.7,4.4,7,4.6,10,30,4,3.6
"U40007",55,"Other","Freelancer","iOS",5.1,1,5,6.3,10,56,1,3.6
"U40008",25,"Other","Student","iOS",2.6,1,5,6.7,9,16,6,7.3
"U40009",60,"Male","Business Owner","Android",4,2.2,5,6.4,5,53,2,13.7
"U40010",23,"Other","Business Owner","iOS",3.4,1.8,2,8.8,10,7,4,10.8
"U40011",45,"Female","Business Owner","iOS",9.4,6.9,10,6.5,6,14,6,8.4
"U40012",23,"Female","Professional","iOS",9.7,5.6,3,4.2,4,45,5,5.7
"U40013",29,"Male","Business Owner","Android",1.8,2.8,5,8.1,5,44,4,10.7
"U40014",29,"Female","Student","iOS",2.1,6.9,9,6.1,3,33,2,6.2
"U40015",25,"Other","Student","iOS",11.3,5.6,7,6.8,1,56,2,8.4
"U40016",39,"Male","Student","Android",1.2,7.4,6,7.9,7,52,3,4.5
"U40017",20,"Other","Student","Android",9.9,7.9,9,6.1,8,56,1,8.3
"U40018",33,"Male","Business Owner","iOS",11.4,5.1,3,4.1,6,42,4,8.3
"U40019",54,"Other","Student","iOS",10.6,5.3,2,4.3,3,44,3,5.5
"U40020",43,"Other","Professional","Android",3.1,7.5,2,5,7,10,3,2.8
"U40021",38,"Other","Freelancer","iOS",2.9,6.8,2,7.4,4,50,6,7.1
"U40022",40,"Other","Student","iOS",2.5,4.4,2,6.8,3,16,6,5.6
"U40023",53,"Male","Business Owner","Android",9.2,7.3,3,7.9,4,44,5,2.2
"U40024",44,"Other","Business Owner","iOS",4.4,5.7,4,8.3,2,14,3,2.5
"U40025",50,"Female","Student","Android",1.8,7.6,7,6.3,7,20,6,2.4
"U40026",22,"Other","Business Owner","iOS",3.8,3.6,6,7.7,3,10,5,3
"U40027",58,"Other","Professional","Android",6.9,6.8,2,4.7,10,16,3,10.6
"U40028",54,"Female","Business Owner","Android",8.4,1.9,2,6,5,48,5,13.6
"U40029",58,"Male","Freelancer","iOS",11,5.5,3,5.7,8,27,1,3
"U40030",20,"Male","Business Owner","Android",5.3,3.3,5,7.8,8,54,3,9.6
"U40031",20,"Female","Freelancer","Android",6.2,4.6,1,8.1,3,33,2,12.8
"U40032",37,"Male","Freelancer","iOS",3.1,3.5,1,6.9,6,12,3,2
"U40033",25,"Male","Professional","iOS",4.1,2.7,6,6.2,9,41,0,13.6
"U40034",38,"Female","Student","iOS",11.5,1.2,8,4.1,6,60,4,8.6
"U40035",51,"Other","Freelancer","Android",1.3,6.5,9,7.4,1,51,4,6.4
"U40036",56,"Male","Freelancer","Android",5.4,0.9,5,6.1,7,48,5,13.6
"U40037",32,"Other","Professional","iOS",9.5,5.2,6,8.2,4,41,2,12.7
"U40038",31,"Female","Business Owner","Android",11.2,4.6,1,4.9,6,51,5,12
"U40039",31,"Other","Freelancer","iOS",7.5,4.5,7,7.6,10,17,6,7.7
"U40040",41,"Female","Student","iOS",7.5,6.9,6,6.7,1,33,0,5.7
"U40041",26,"Female","Freelancer","Android",4.3,5,3,8.9,5,54,5,12.8
"U40042",52,"Female","Student","iOS",3,5.7,10,8.1,6,58,3,12.2
"U40043",44,"Male","Freelancer","Android",9.4,1.9,9,8.4,1,45,0,6.5
"U40044",60,"Male","Professional","Android",7.5,2.8,4,7.9,7,34,0,12
"U40045",43,"Male","Freelancer","iOS",1.2,1,9,4.2,1,25,1,9.9
"U40046",18,"Female","Business Owner","iOS",1.1,3.5,6,8,4,51,0,12.1
"U40047",24,"Female","Professional","Android",3.5,0.7,9,6.5,5,37,1,8.8
"U40048",32,"Other","Student","iOS",9.1,0.8,5,6.6,7,56,2,13.6
"U40049",50,"Male","Student","iOS",6.8,3.5,3,4.6,9,41,0,8.5
"U40050",38,"Other","Professional","Android",6.7,7.7,1,4.9,6,8,0,3.8
"U40051",38,"Male","Freelancer","iOS",4.5,3,8,6.5,1,56,3,7
"U40052",18,"Other","Freelancer","iOS",5.7,1.8,9,5.6,4,40,2,5.7
"U40053",19,"Male","Professional","Android",3.4,1.1,5,7.1,8,16,1,9.7
"U40054",28,"Male","Business Owner","iOS",2.6,4.7,6,5.2,5,19,2,9.7
"U40055",55,"Male","Student","iOS",7.7,5.8,2,5,5,13,4,8.1
"U40056",39,"Other","Business Owner","Android",2.4,4.6,5,6.4,9,53,3,2.1
"U40057",48,"Female","Freelancer","Android",6.5,7.2,8,8.6,6,15,6,9.3
"U40058",30,"Female","Freelancer","Android",5.2,6.5,6,4.2,10,60,2,6.9
"U40059",51,"Other","Professional","Android",7.9,3.9,5,6,3,55,1,3.5
"U40060",18,"Male","Professional","Android",3.7,2.9,6,6,10,35,4,12.9
"U40061",24,"Male","Business Owner","Android",4.8,4,10,7,6,22,2,2.7
"U40062",19,"Male","Business Owner","iOS",10,4.4,10,7.7,8,31,5,8.1
"U40063",22,"Female","Student","iOS",1.7,0.7,10,7.2,10,27,5,2.1
"U40064",29,"Male","Professional","Android",11.1,2.4,9,7.3,7,33,3,12
"U40065",36,"Female","Student","iOS",8,1.4,10,6.7,5,46,4,11.2
"U40066",40,"Other","Business Owner","Android",1.9,4.2,7,6.1,7,35,4,6.9
"U40067",47,"Female","Freelancer","Android",11.5,4.1,8,7.4,10,54,2,7.2
"U40068",24,"Other","Student","Android",4.3,2.9,7,6.9,10,34,4,8.1
"U40069",52,"Other","Student","iOS",6.5,3.4,9,8.5,6,42,1,12.2
"U40070",23,"Other","Student","Android",5.4,6.2,8,4.5,8,11,5,6.3
"U40071",41,"Female","Student","iOS",5.3,5.8,1,5.1,5,45,2,12.4
"U40072",53,"Male","Business Owner","Android",5.2,2.3,5,6.4,3,29,3,3.2
"U40073",21,"Male","Student","Android",1.3,5.8,10,7.6,5,37,0,10.3
"U40074",42,"Other","Student","iOS",6.4,5.3,2,6.2,3,11,4,5.7
"U40075",59,"Other","Freelancer","Android",1.1,6.9,10,7.2,8,25,6,9.9
"U40076",23,"Male","Student","iOS",2.1,1.5,8,7.4,6,30,4,9.5
"U40077",56,"Female","Student","Android",7.5,6,2,4.7,2,43,3,13.6
"U40078",36,"Female","Professional","iOS",11.3,2.6,9,5.2,7,25,2,10.7
"U40079",56,"Female","Business Owner","Android",11.4,6.3,8,6.2,4,44,2,12.1
"U40080",54,"Other","Freelancer","iOS",10.6,7.5,9,4.3,1,25,5,11.2
"U40081",55,"Female","Professional","Android",5.8,3.3,8,8.2,3,48,6,2
"U40082",25,"Other","Professional","Android",2.2,4.8,7,7.8,5,33,6,6.9
"U40083",30,"Other","Student","Android",8,4.8,1,4.8,10,17,1,11.4
"U40084",43,"Female","Professional","Android",11.5,5.9,7,8.6,5,44,6,10.3
"U40085",58,"Male","Professional","iOS",1.5,2.9,7,4.3,4,58,5,8.7
"U40086",41,"Other","Professional","iOS",5.9,6.8,5,7.1,8,51,4,9.2
"U40087",20,"Male","Freelancer","iOS",8.8,5,4,8.5,3,44,5,9.4
"U40088",40,"Male","Freelancer","Android",5.6,2.6,1,4.2,8,19,4,8.9
"U40089",39,"Female","Business Owner","iOS",6.6,5.3,3,6.5,5,12,3,6.1
"U40090",25,"Male","Student","Android",5.2,7.5,5,7.6,7,57,0,3.8
"U40091",54,"Other","Business Owner","Android",7.3,6.3,3,7,3,18,3,9.4
"U40092",24,"Female","Freelancer","Android",4.7,6.5,10,6.6,6,42,1,4.5
"U40093",60,"Female","Student","iOS",11.6,4.6,1,7.3,2,44,6,3.5
"U40094",55,"Other","Freelancer","iOS",1.6,6.8,3,4.1,10,5,3,12.8
"U40095",32,"Female","Student","iOS",6.9,0.6,10,5.8,5,45,0,4.4
"U40096",54,"Male","Freelancer","Android",5.4,2.6,2,6.4,3,58,2,6
"U40097",44,"Male","Freelancer","iOS",1.3,1.3,10,4,8,15,0,9.3
"U40098",52,"Other","Freelancer","iOS",9.4,4.8,5,7.6,10,31,5,4.8
"U40099",46,"Female","Business Owner","Android",11.3,0.5,9,5.7,8,12,2,9
"U40100",23,"Female","Professional","iOS",6.2,1,10,8.3,2,42,3,5.9
"U40101",50,"Male","Business Owner","Android",2.3,2.4,1,6.7,3,18,6,13.3
"U40102",45,"Female","Freelancer","Android",9.2,5.3,8,7.4,8,38,4,7.2
"U40103",60,"Female","Freelancer","Android",9.5,7.9,10,6.9,8,24,6,10.2
"U40104",49,"Other","Professional","iOS",3.4,6.9,9,8.4,6,30,5,6.3
"U40105",22,"Female","Professional","Android",2.9,4.6,7,8.1,8,39,3,5.1
"U40106",48,"Male","Student","Android",2.9,7.5,4,6.1,5,22,6,4.4
"U40107",18,"Female","Professional","Android",6.4,2.6,1,4.9,7,31,2,2.6
"U40108",52,"Male","Professional","Android",11,3.5,7,8.8,8,16,0,3.7
"U40109",18,"Female","Business Owner","Android",3,3,9,5.5,9,54,4,3.2
"U40110",59,"Female","Student","Android",1.4,6.2,6,4.3,8,13,4,6.7
"U40111",37,"Female","Professional","Android",2,6.3,3,7.4,3,14,1,4.8
"U40112",57,"Other","Freelancer","Android",3,2.9,1,7.3,9,32,5,6.7
"U40113",27,"Other","Student","Android",4.7,1.5,9,6.1,2,21,4,10.7
"U40114",56,"Female","Student","iOS",2.3,7.7,6,4.4,3,29,6,10.2
"U40115",31,"Male","Business Owner","Android",5.7,4.1,10,6.4,7,14,2,10.8
"U40116",28,"Female","Freelancer","Android",11.3,3.6,1,6.4,1,48,0,7.6
"U40117",53,"Male","Business Owner","iOS",7.1,5.4,8,8.3,8,45,6,4.4
"U40118",41,"Female","Freelancer","Android",1.5,2.8,3,7.1,6,13,0,12.4
"U40119",19,"Female","Professional","Android",9.8,0.8,5,6.8,6,56,0,7.2
"U40120",49,"Male","Student","iOS",11,0.5,1,8.5,5,39,4,3.7
"U40121",24,"Other","Business Owner","Android",3.7,4.6,7,8,4,11,6,10.7
"U40122",56,"Female","Professional","iOS",8.1,6.7,9,4.6,7,41,5,5.6
"U40123",45,"Female","Freelancer","iOS",6.8,5.2,5,7.1,7,50,0,7.1
"U40124",23,"Female","Professional","iOS",8.5,5.5,9,8.9,5,12,4,13.5
"U40125",27,"Other","Professional","iOS",8.6,6,8,6.6,10,50,2,9.5
"U40126",55,"Other","Professional","Android",8.8,4.5,9,5.7,8,26,5,9.7
"U40127",32,"Female","Freelancer","Android",6.4,4.7,10,7.5,10,46,3,10.3
"U40128",31,"Other","Professional","iOS",1.9,2.6,1,8.6,8,55,2,2.4
"U40129",26,"Other","Student","Android",4,3.4,6,8.2,8,25,4,6.8
"U40130",22,"Male","Professional","iOS",3.6,7.4,8,4.7,9,11,3,2.4
"U40131",30,"Other","Business Owner","iOS",4.4,1.8,3,8.7,9,41,4,5.5
"U40132",35,"Other","Professional","Android",6.7,2.8,9,6.7,3,27,5,4.2
"U40133",54,"Other","Professional","Android",7.6,5.4,5,8.8,5,23,1,5
"U40134",40,"Other","Freelancer","iOS",5.3,5.3,2,7.3,1,41,6,5.8
"U40135",28,"Male","Business Owner","Android",4.8,3.4,7,8.9,6,46,0,6.6
"U40136",26,"Male","Freelancer","iOS",6.5,1.8,4,5.6,8,57,1,13
"U40137",20,"Female","Professional","iOS",8.7,6.1,3,4.8,2,31,2,11.1
"U40138",54,"Female","Professional","iOS",11.7,5.1,8,7.3,4,54,0,11.1
"U40139",34,"Female","Professional","iOS",9,7.2,9,4.1,2,5,0,9.5
"U40140",20,"Other","Freelancer","Android",4.2,7,6,4.8,6,25,0,13.6
"U40141",60,"Female","Professional","iOS",5.3,7.7,7,7.6,1,33,2,7.6
"U40142",21,"Female","Freelancer","iOS",8.9,5.1,10,7.9,3,23,6,2.9
"U40143",31,"Other","Business Owner","Android",6,6.6,10,6.7,5,57,0,6.6
"U40144",48,"Other","Student","iOS",6.8,6.1,2,6.6,2,39,4,12.4
"U40145",22,"Other","Student","Android",2.4,4.4,6,4.6,6,56,0,8.2
"U40146",48,"Female","Freelancer","Android",6.9,5,5,8.9,3,13,3,12.5
"U40147",49,"Other","Student","Android",11.3,7.8,4,7.7,3,27,6,5.1
"U40148",41,"Female","Business Owner","Android",1.3,2.6,3,4.2,9,52,2,8.2
"U40149",51,"Male","Professional","Android",3.7,2.8,10,4.7,6,27,0,9.9
"U40150",53,"Other","Business Owner","iOS",1.1,3.3,8,4.6,7,43,2,12.7
"U40151",40,"Other","Student","iOS",1.8,6.2,7,4.9,9,17,5,6.5
"U40152",42,"Male","Business Owner","iOS",4.2,2.7,10,6,5,21,4,11.2
"U40153",27,"Male","Student","Android",11.7,1.3,7,5.2,9,7,6,7.6
"U40154",46,"Male","Professional","iOS",2.3,2.9,7,9,7,35,3,7
"U40155",34,"Male","Student","iOS",5.7,7.1,5,4.1,10,7,0,6.6
"U40156",52,"Male","Business Owner","Android",5.1,2.9,6,7.4,2,17,4,5.3
"U40157",18,"Other","Freelancer","Android",11,7.8,2,8.2,3,18,1,5.2
"U40158",42,"Male","Business Owner","iOS",6.9,7.7,1,7.7,1,5,5,9.4
"U40159",43,"Male","Student","Android",1.6,3.1,2,4.1,4,24,2,13.6
"U40160",24,"Other","Freelancer","Android",6.6,5.2,1,6.8,3,43,6,7.4
"U40161",22,"Male","Business Owner","iOS",5.9,4.6,7,8.9,8,10,0,8.8
"U40162",29,"Male","Business Owner","iOS",7.9,2.7,6,4.4,7,17,5,4
"U40163",44,"Male","Student","Android",8.5,3.9,7,8.2,1,19,3,7.1
"U40164",26,"Female","Student","Android",4,5.8,9,6,5,25,4,10.6
"U40165",20,"Male","Business Owner","Android",11.5,4.3,2,7,10,30,1,10.4
"U40166",59,"Other","Student","Android",1.4,7.7,4,5.6,9,28,5,5.1
"U40167",32,"Female","Freelancer","Android",1.5,4.6,5,5,10,22,6,8.6
"U40168",21,"Female","Business Owner","iOS",2.5,3.3,9,8.6,8,18,6,10.4
"U40169",42,"Male","Student","Android",6.3,5.4,2,8.3,5,13,3,12.6
"U40170",55,"Female","Business Owner","Android",3.9,4.6,5,8.8,10,30,3,13.2
"U40171",41,"Male","Professional","iOS",11.7,6,10,7.6,2,13,1,12.7
"U40172",22,"Other","Professional","Android",6.1,7.3,8,5.7,8,32,6,5.5
"U40173",45,"Female","Business Owner","Android",1.2,5.2,2,8.5,9,5,1,7
"U40174",38,"Male","Business Owner","iOS",9.2,4.1,4,4.5,6,45,5,13.4
"U40175",49,"Other","Business Owner","Android",6.2,5.8,5,5.4,9,49,6,5.3
"U40176",23,"Male","Business Owner","iOS",6.1,2,1,5.9,2,33,4,13.9
"U40177",28,"Other","Freelancer","Android",5.4,6,1,8.3,3,42,5,11.5
"U40178",25,"Male","Student","Android",10,3.6,3,4.3,4,57,1,13
"U40179",25,"Male","Professional","Android",10.3,6.4,2,5.6,8,15,3,5.6
"U40180",53,"Other","Business Owner","iOS",3.3,1.1,2,7,9,43,4,3.1
"U40181",45,"Other","Student","Android",9.9,5.5,9,6,1,19,0,10.5
"U40182",21,"Other","Freelancer","iOS",2.8,4.1,2,8.4,1,13,6,11.6
"U40183",59,"Other","Freelancer","Android",2.5,4.7,5,7.3,10,37,2,8.8
"U40184",22,"Other","Professional","Android",8.7,5,8,6.5,6,15,5,4.6
"U40185",52,"Male","Professional","iOS",1.4,1.4,10,8.3,6,50,1,9.6
"U40186",23,"Male","Freelancer","Android",10.6,3.1,3,6.1,6,51,0,9.1
"U40187",25,"Male","Business Owner","iOS",1.4,4.2,4,8,7,22,2,5.7
"U40188",60,"Male","Freelancer","Android",1.3,2.2,1,4.7,9,54,5,7.4
"U40189",26,"Female","Freelancer","Android",8.2,1.9,3,7.3,1,59,2,10.2
"U40190",60,"Female","Business Owner","Android",3.3,5.3,7,8.4,6,31,4,7.9
"U40191",59,"Male","Student","iOS",4.7,3,2,8.7,2,25,3,8
"U40192",32,"Other","Professional","iOS",4,3.5,1,8.5,6,17,3,13.1
"U40193",57,"Other","Business Owner","Android",3.8,5.7,1,5.6,8,25,2,9.2
"U40194",56,"Male","Freelancer","iOS",8,3.5,1,6.4,4,12,4,2
"U40195",32,"Male","Student","iOS",4.6,3.5,5,4.7,7,22,1,11.1
"U40196",30,"Male","Student","iOS",11.6,5.9,2,4,6,21,6,4.5
"U40197",21,"Female","Student","Android",10.1,1.9,2,6.3,4,36,3,10.1
"U40198",29,"Female","Freelancer","Android",6.1,7.3,2,5,7,30,1,5.9
"U40199",38,"Other","Freelancer","Android",1.1,1.3,5,6.2,7,33,4,10.1
"U40200",40,"Other","Business Owner","Android",7.2,2.2,7,5.7,2,7,5,7.2
"U40201",55,"Other","Business Owner","iOS",5.2,5.2,8,7.4,2,60,1,12.4
"U40202",50,"Other","Professional","iOS",3,1.9,7,4.4,7,28,1,7
"U40203",49,"Other","Professional","Android",1.9,2.9,5,5,1,57,5,9.1
"U40204",55,"Other","Professional","iOS",4.1,2.7,9,7.3,4,36,3,11.8
"U40205",26,"Female","Student","iOS",8.1,6.4,1,8.4,6,18,2,3.7
"U40206",21,"Male","Professional","Android",10.3,1.4,10,4.3,3,16,3,4.8
"U40207",45,"Male","Business Owner","Android",11.4,3.6,3,6.3,1,58,5,8
"U40208",27,"Female","Business Owner","Android",7.7,2.6,4,4.3,9,6,6,9.2
"U40209",32,"Female","Freelancer","Android",3.3,5.3,10,6.7,3,27,1,9.7
"U40210",25,"Other","Student","Android",8.2,5.7,1,5.7,8,24,2,3.5
"U40211",36,"Female","Freelancer","iOS",4.2,2.1,3,8.4,2,52,6,5.7
"U40212",60,"Male","Student","iOS",11.1,1.4,1,6.3,7,7,4,5.8
"U40213",39,"Female","Student","iOS",4.6,6.1,5,8,1,36,6,4.6
"U40214",56,"Male","Freelancer","Android",7.8,0.8,1,6.7,4,27,4,2.6
"U40215",45,"Other","Freelancer","iOS",4,2.6,5,5.3,6,32,0,9.3
"U40216",53,"Male","Freelancer","Android",1.9,1.1,6,8,1,50,0,13.4
"U40217",60,"Male","Student","Android",10.5,1.1,4,5.2,3,20,1,6.2
"U40218",50,"Other","Professional","Android",11.7,3.8,1,4.9,3,48,3,7.9
"U40219",56,"Female","Freelancer","iOS",9.6,6.8,2,6.5,4,5,5,9.3
"U40220",24,"Female","Business Owner","iOS",10.7,6.3,8,4.4,10,39,1,13.3
"U40221",19,"Female","Professional","iOS",1.9,0.9,8,6.2,6,29,6,8.7
"U40222",55,"Female","Professional","Android",6.2,3.2,2,6.5,10,38,2,8.9
"U40223",42,"Other","Freelancer","iOS",10.6,1.9,7,5.7,4,31,4,9.7
"U40224",58,"Other","Freelancer","iOS",1.4,7.3,4,7.7,10,23,5,10.9
"U40225",24,"Male","Student","Android",3.9,6.1,8,5.4,7,48,1,4.8
"U40226",54,"Female","Business Owner","Android",4,4.1,7,5.8,1,18,1,8.2
"U40227",43,"Male","Business Owner","Android",4.1,7.6,10,4.3,4,33,3,11.9
"U40228",53,"Other","Professional","iOS",5.6,5.4,8,4.4,2,19,0,9.2
"U40229",21,"Male","Business Owner","Android",11.1,1.6,1,4.3,6,20,1,8.6
"U40230",36,"Female","Professional","iOS",2.9,3.8,8,5,5,25,0,9.6
"U40231",40,"Male","Business Owner","Android",8.3,7.9,4,4.8,4,29,0,9.1
"U40232",19,"Male","Professional","Android",11.5,1.1,3,8.2,8,21,1,3.6
"U40233",40,"Male","Freelancer","iOS",5.3,7.4,4,8.1,5,28,5,7.3
"U40234",28,"Male","Professional","iOS",2.7,6.7,5,8.8,9,26,5,2.2
"U40235",23,"Other","Business Owner","Android",10.1,4.3,7,6.4,6,15,3,14
"U40236",22,"Male","Professional","iOS",12,2.1,5,4.5,10,52,4,9.1
"U40237",27,"Female","Freelancer","iOS",4.4,3.9,4,6.4,3,50,2,5.6
"U40238",21,"Female","Professional","iOS",8.8,4.4,3,8.2,3,48,1,10.3
"U40239",31,"Female","Professional","Android",1.1,7.3,4,4.4,5,7,6,11.4
"U40240",45,"Other","Freelancer","iOS",8.1,6.4,5,5.7,9,10,5,12.3
"U40241",18,"Female","Business Owner","iOS",11.3,6.5,4,8.3,5,47,4,14
"U40242",51,"Female","Professional","Android",10.9,7.1,1,6,4,17,1,3.4
"U40243",25,"Other","Freelancer","iOS",3.9,5.3,9,7.4,9,36,0,11.3
"U40244",43,"Other","Freelancer","Android",8.5,5.2,5,6.4,9,11,1,7.6
"U40245",35,"Female","Business Owner","iOS",10.6,2,6,7.8,4,35,0,6.6
"U40246",24,"Female","Student","Android",6,3.1,8,6.7,2,59,3,13.4
"U40247",53,"Female","Professional","iOS",5.3,5.3,7,4,10,49,6,7.5
"U40248",18,"Other","Student","iOS",5,1.2,3,5.7,3,52,2,2.3
"U40249",34,"Other","Professional","Android",4.1,4.6,9,5.7,3,24,3,10.8
"U40250",34,"Male","Student","Android",3.7,4.2,6,4.6,3,32,1,3.8
"U40251",44,"Male","Student","iOS",4.5,0.5,6,6.8,8,56,5,13.4
"U40252",20,"Female","Freelancer","Android",7.8,4.4,2,4.8,2,31,0,7.5
"U40253",52,"Female","Business Owner","iOS",8.2,2.1,1,8.1,9,36,4,2.2
"U40254",22,"Other","Student","Android",8.5,5.8,10,4.6,9,5,3,13.3
"U40255",57,"Other","Professional","iOS",10.3,3.5,10,7,2,60,4,8.9
"U40256",49,"Other","Freelancer","iOS",7.1,7.5,6,6.6,3,38,2,4.1
"U40257",24,"Female","Professional","Android",4.5,2.5,4,5,7,48,4,10.7
"U40258",34,"Male","Freelancer","Android",3.4,4,5,7,8,58,1,4
"U40259",20,"Female","Business Owner","Android",8.7,3.1,7,4.7,10,23,1,10.3
"U40260",53,"Male","Student","Android",3.6,7.9,4,5.1,8,8,3,5.7
"U40261",33,"Male","Business Owner","iOS",4.4,3,5,4.2,5,18,0,7.6
"U40262",35,"Female","Freelancer","iOS",11.1,3.2,7,7.1,7,52,4,3.3
"U40263",45,"Female","Freelancer","iOS",5.2,6.6,8,6.8,4,43,4,8.2
"U40264",54,"Other","Freelancer","Android",8.4,6.9,8,7.6,4,55,0,13.5
"U40265",38,"Male","Freelancer","Android",8.6,6,10,8.6,3,6,1,10.5
"U40266",34,"Female","Student","iOS",1.9,1,1,5.8,2,44,3,2.2
"U40267",35,"Male","Professional","Android",8.9,6.6,6,4.2,4,15,4,9.9
"U40268",54,"Other","Freelancer","iOS",7.2,0.7,6,7,1,58,3,3.5
"U40269",40,"Other","Student","Android",4.6,5,9,6.4,8,50,0,9
"U40270",19,"Other","Freelancer","Android",6.1,5.9,3,7.3,7,5,5,2.5
"U40271",43,"Other","Student","Android",10.6,6.8,2,8.2,8,23,3,4.3
"U40272",18,"Male","Business Owner","iOS",9.3,5.1,5,8.7,6,29,0,5.7
"U40273",55,"Female","Student","Android",10.8,4.3,4,7.9,1,32,5,6
"U40274",39,"Female","Student","Android",4.9,4,10,8.8,10,55,1,8
"U40275",50,"Male","Freelancer","Android",3,5.7,6,7.7,8,40,0,10.6
"U40276",20,"Female","Business Owner","iOS",2.9,5,9,4.5,10,8,4,9.5
"U40277",44,"Other","Student","Android",9.8,6.8,1,8.1,7,10,1,12.3
"U40278",26,"Male","Business Owner","Android",8.1,6.2,3,8.3,5,5,6,12.6
"U40279",47,"Female","Business Owner","Android",4.2,1.3,9,7.7,8,29,0,11.7
"U40280",34,"Male","Student","Android",10.7,4.3,3,7.9,6,55,3,7.7
"U40281",39,"Male","Freelancer","iOS",2.2,3.7,2,5,7,22,6,2.7
"U40282",43,"Male","Business Owner","Android",9.4,5.6,8,5.1,10,40,1,8.3
"U40283",45,"Male","Professional","Android",11.6,3.8,8,5.4,5,43,1,8.3
"U40284",56,"Other","Freelancer","iOS",1.8,4.1,5,5.5,5,19,1,3
"U40285",53,"Other","Freelancer","Android",2.2,5.1,6,5.3,4,13,3,9.1
"U40286",32,"Other","Professional","iOS",3.6,4.3,1,4.7,8,33,5,8
"U40287",57,"Female","Freelancer","Android",11,5.9,6,6.1,4,31,0,7.7
"U40288",58,"Female","Freelancer","iOS",9.8,1.3,5,7.1,10,20,0,12.9
"U40289",52,"Male","Student","iOS",1.3,6.7,10,7.4,10,38,4,2.5
"U40290",40,"Female","Business Owner","Android",5.9,2,3,6.3,1,12,3,13.4
"U40291",54,"Male","Student","Android",2.8,1.3,2,8.9,2,6,5,6.1
"U40292",59,"Female","Freelancer","Android",8.3,0.5,10,7.2,7,54,3,12.5
"U40293",20,"Male","Professional","Android",2.8,7,5,8.6,10,5,5,10.4
"U40294",49,"Female","Business Owner","iOS",7.5,6.9,7,8.9,6,32,4,11.7
"U40295",34,"Male","Professional","Android",3.8,4.6,6,8,1,12,4,8.4
"U40296",27,"Male","Professional","Android",1.8,0.8,9,7.4,3,34,0,2.8
"U40297",56,"Male","Student","Android",6.1,6.1,8,4.8,10,22,4,10.1
"U40298",35,"Male","Business Owner","iOS",6.4,7.6,2,8.6,6,37,2,4.3
"U40299",23,"Male","Student","iOS",5,7.3,2,4.1,3,57,1,4.2
"U40300",37,"Other","Business Owner","iOS",6.1,7.8,4,8.5,6,13,5,13.8
"U40301",27,"Female","Professional","Android",6.4,7.5,8,5.4,9,45,4,6.4
"U40302",60,"Male","Student","Android",8.9,3.7,9,6.2,6,29,4,3.4
"U40303",57,"Female","Professional","iOS",2.8,1.1,10,4.9,9,20,0,10.3
"U40304",60,"Female","Student","iOS",9.3,3.3,5,4.4,2,33,1,9.5
"U40305",19,"Other","Freelancer","iOS",2.3,7.4,1,7.7,2,37,6,6.2
"U40306",36,"Other","Student","Android",2.5,5.2,6,7,2,30,0,10.4
"U40307",57,"Male","Business Owner","iOS",7.5,7.2,6,7.1,9,25,6,11.3
"U40308",40,"Male","Business Owner","Android",9.6,6.6,9,6,1,7,3,7.5
"U40309",47,"Male","Freelancer","iOS",9.8,1.5,9,5.8,1,37,4,8.3
"U40310",59,"Female","Professional","iOS",5.1,8,9,7.1,5,7,1,5.4
"U40311",46,"Male","Freelancer","Android",5.9,5.4,2,4.8,4,54,1,8.8
"U40312",45,"Other","Business Owner","Android",7.4,6.4,9,5.3,2,21,6,11.1
"U40313",29,"Female","Business Owner","iOS",6.7,2.8,3,7.3,3,55,4,4.8
"U40314",38,"Other","Business Owner","iOS",7.8,6.1,2,8.6,10,5,0,6.1
"U40315",30,"Female","Professional","iOS",3.4,0.6,8,7.8,10,37,3,12.5
"U40316",58,"Other","Freelancer","Android",11.1,7.6,7,5,4,6,2,11.6
"U40317",52,"Other","Student","Android",9.1,1.4,9,6.4,5,14,1,10
"U40318",36,"Male","Student","Android",9.4,2.7,7,8.8,10,56,0,8
"U40319",47,"Male","Student","iOS",4.6,7.1,9,5,8,13,2,6.4
"U40320",43,"Female","Freelancer","Android",10.4,2.1,3,6.9,3,33,0,8.6
"U40321",42,"Other","Business Owner","iOS",6.5,3.1,1,7,6,37,1,8.2
"U40322",56,"Female","Business Owner","Android",7.6,2.2,2,6.7,6,10,0,11.7
"U40323",23,"Other","Freelancer","iOS",10.6,5.3,4,6.1,4,30,2,7.5
"U40324",56,"Female","Student","Android",9.4,1.8,7,4.8,2,59,0,2.8
"U40325",40,"Other","Business Owner","Android",10.8,1.4,3,8.3,7,56,5,3.8
"U40326",30,"Other","Business Owner","iOS",6.7,4.4,9,6.8,5,14,0,7.1
"U40327",20,"Female","Business Owner","iOS",1.3,4.3,10,5.8,6,40,2,4.9
"U40328",24,"Male","Business Owner","iOS",5,6.2,10,5.5,3,59,0,8.4
"U40329",43,"Female","Business Owner","iOS",8.4,7.1,8,6.8,6,18,4,6.9
"U40330",36,"Male","Student","Android",11.3,1,6,6.6,9,10,6,13.5
"U40331",49,"Female","Business Owner","Android",6.8,5.8,6,5.4,2,57,6,11.7
"U40332",26,"Male","Business Owner","iOS",3.8,4.4,9,4.6,10,28,2,8.6
"U40333",51,"Other","Business Owner","iOS",9.7,1.7,7,6,5,53,5,6.6
"U40334",58,"Female","Freelancer","iOS",10.6,5.8,8,7.3,10,11,1,3
"U40335",43,"Female","Business Owner","iOS",5.3,6.1,3,7,2,36,3,7.7
"U40336",25,"Other","Business Owner","iOS",2.1,1.2,8,6.2,8,37,6,13.5
"U40337",48,"Female","Business Owner","iOS",4.2,4.7,10,6.7,8,13,5,13.5
"U40338",36,"Female","Business Owner","Android",5.4,2.8,1,7.9,4,37,5,4.8
"U40339",42,"Female","Business Owner","Android",8,5.9,1,5.3,3,56,3,11.2
"U40340",51,"Male","Student","iOS",1.6,1,1,6.3,7,5,6,8.7
"U40341",38,"Other","Freelancer","Android",3.2,3.4,4,8.1,8,51,4,2.9
"U40342",55,"Male","Professional","iOS",11.3,3.8,2,4.2,1,10,1,4.4
"U40343",18,"Female","Business Owner","iOS",11.9,4.6,2,7.9,6,22,3,11.1
"U40344",26,"Other","Business Owner","iOS",11.8,7.2,5,5,3,31,5,10.3
"U40345",42,"Male","Professional","Android",9.3,2.5,9,8,5,6,2,7.5
"U40346",26,"Female","Business Owner","Android",2.5,2.3,6,5.2,7,8,5,10.4
"U40347",56,"Other","Professional","Android",10.7,3.4,1,4.2,8,31,6,7.4
"U40348",46,"Female","Professional","Android",4.4,6.8,1,4.8,4,43,5,5.6
"U40349",42,"Female","Professional","Android",11.6,1.9,1,4.9,10,6,6,2.9
"U40350",23,"Male","Professional","Android",9.5,6,8,8.4,5,33,5,7
"U40351",25,"Other","Freelancer","Android",1.2,7.3,9,7.2,10,12,6,9.5
"U40352",42,"Male","Student","Android",6.8,1,3,6.5,2,51,3,13
"U40353",42,"Male","Professional","iOS",1.3,4,10,8,10,60,6,2.4
"U40354",26,"Female","Student","Android",5.6,2,8,7.9,5,20,0,13.4
"U40355",52,"Female","Student","iOS",2.9,7.8,3,6.2,5,51,2,10.5
"U40356",43,"Male","Freelancer","Android",9.7,6.2,5,8.1,6,26,6,7.3
"U40357",45,"Other","Freelancer","Android",9.8,0.7,8,7.5,3,33,6,3.6
"U40358",18,"Other","Business Owner","Android",9.1,4.9,6,8.3,3,29,6,10.1
"U40359",30,"Other","Freelancer","iOS",4.9,6.6,1,7.1,3,46,5,4.1
"U40360",37,"Other","Business Owner","Android",9.7,5.8,10,5.8,3,55,2,8.2
"U40361",56,"Female","Student","Android",2.8,5.2,2,5.4,4,48,3,10.1
"U40362",51,"Other","Student","Android",6.2,6.7,1,4.9,9,25,5,8.4
"U40363",26,"Female","Freelancer","Android",7.6,7.3,1,4.7,3,25,1,3.6
"U40364",35,"Other","Student","Android",3.9,4.1,8,7.3,2,40,1,8.9
"U40365",43,"Female","Student","Android",1.6,4.1,6,6.4,7,37,3,3
"U40366",53,"Male","Student","iOS",8.5,6.7,3,4.5,7,46,4,14
"U40367",56,"Male","Professional","iOS",10.7,3,8,8.9,5,36,0,2.4
"U40368",58,"Male","Business Owner","Android",4.6,2,2,4.1,10,7,4,12.3
"U40369",44,"Male","Freelancer","Android",11.8,2,7,6,6,18,0,9.1
"U40370",48,"Female","Freelancer","Android",10.8,0.9,7,6.1,9,59,3,13.4
"U40371",59,"Female","Student","iOS",8.2,4.7,4,4.6,8,57,2,7.5
"U40372",20,"Other","Business Owner","Android",11.3,6,1,8.4,7,55,5,6.6
"U40373",25,"Male","Professional","Android",1.6,1.8,8,8.8,1,10,4,11
"U40374",43,"Male","Student","iOS",2.1,6.1,8,8.5,9,59,1,9.9
"U40375",41,"Male","Freelancer","Android",10,6.9,1,6.4,6,27,3,4.1
"U40376",42,"Other","Freelancer","iOS",9.2,3.1,8,6.6,3,11,0,12.6
"U40377",28,"Other","Freelancer","iOS",8.6,7.4,9,4.9,4,56,4,4.7
"U40378",49,"Female","Business Owner","Android",4.1,0.7,4,4.4,1,21,3,13.6
"U40379",49,"Other","Freelancer","Android",5.8,2.9,5,7.2,7,9,0,9.9
"U40380",36,"Other","Professional","iOS",3.9,2.7,3,6.2,10,50,3,10.8
"U40381",20,"Female","Business Owner","Android",9.8,3.9,10,8.6,1,27,1,5.3
"U40382",28,"Male","Freelancer","Android",5.5,3.4,6,4.4,4,36,3,11
"U40383",22,"Other","Student","Android",8.9,2,4,7.3,3,28,6,6.4
"U40384",41,"Male","Freelancer","iOS",4.4,2,5,7.3,3,52,6,9.9
"U40385",49,"Female","Freelancer","iOS",2.9,3.2,3,8.9,10,50,5,10.3
"U40386",26,"Male","Student","iOS",10.4,1.4,6,6.2,1,49,0,5.8
"U40387",31,"Female","Freelancer","Android",8.6,2.2,5,6.3,7,7,6,3.9
"U40388",23,"Male","Freelancer","iOS",4.8,6.7,5,4.1,3,7,1,4.5
"U40389",27,"Female","Student","Android",6.9,7.5,9,6.3,1,46,2,13.3
"U40390",38,"Male","Freelancer","Android",11.1,7.4,8,5.6,5,48,4,13.4
"U40391",27,"Other","Student","Android",1.9,3.5,10,7,9,47,1,5.6
"U40392",35,"Female","Business Owner","iOS",11.5,1.7,9,8.2,1,47,0,12.1
"U40393",29,"Other","Professional","iOS",6.3,3.5,1,8.4,7,23,3,6.5
"U40394",30,"Male","Student","Android",11.1,1.6,7,8.9,3,26,0,6.7
"U40395",39,"Female","Student","iOS",6.5,5.8,1,8.9,3,15,6,5.2
"U40396",27,"Female","Professional","Android",1.2,7.8,4,4.4,8,17,3,8.8
"U40397",39,"Female","Freelancer","Android",3.1,2.4,3,7.7,9,45,4,4
"U40398",42,"Male","Professional","Android",4.6,3.5,7,7.6,2,10,4,9.1
"U40399",20,"Female","Student","iOS",10.5,3.5,10,7.5,6,19,4,11.6
"U40400",18,"Other","Student","iOS",2.7,1.6,1,4.6,5,51,0,9.7
"U40401",51,"Female","Business Owner","iOS",1.4,5.9,5,6.4,8,24,4,5.1
"U40402",38,"Female","Student","Android",2.1,6.8,2,4.6,8,30,3,3.2
"U40403",51,"Female","Professional","iOS",8.6,4.2,2,8.7,7,52,0,13.1
"U40404",57,"Other","Student","iOS",6,5.8,7,4.1,5,39,3,11.8
"U40405",37,"Female","Professional","iOS",8,6.4,2,7.2,6,26,3,6.2
"U40406",56,"Female","Student","Android",2.4,7.2,7,6.9,3,26,6,11
"U40407",42,"Other","Freelancer","iOS",2.3,7.8,10,5.9,10,6,2,3.3
"U40408",22,"Other","Business Owner","iOS",4.3,6.6,5,4.3,9,41,6,6.4
"U40409",46,"Other","Professional","Android",1.9,1.3,3,4.9,5,11,6,3.2
"U40410",29,"Female","Business Owner","iOS",5.8,1.1,5,6.4,1,16,6,3.2
"U40411",24,"Male","Business Owner","Android",1.3,6.1,1,4.8,3,8,1,7.5
"U40412",41,"Other","Professional","iOS",6.7,4.1,2,6.3,1,53,0,12.5
"U40413",21,"Other","Student","Android",7,3.6,9,8.3,9,51,5,13.4
"U40414",39,"Male","Student","iOS",1.4,6.1,4,6.3,7,22,2,8.4
"U40415",27,"Female","Professional","iOS",6.6,5.6,2,8,1,5,1,4.3
"U40416",18,"Other","Student","Android",2.9,5.5,8,8.8,4,45,4,5
"U40417",58,"Other","Professional","Android",3.4,5.4,2,4.7,7,57,2,9.2
"U40418",41,"Male","Professional","Android",8.3,8,3,5.7,3,7,0,11.1
"U40419",32,"Other","Freelancer","iOS",1.5,4.5,9,8.9,6,12,4,8.1
"U40420",39,"Other","Student","Android",3,6.7,7,8.6,10,13,0,7.4
"U40421",30,"Other","Student","iOS",5.6,6,9,4.3,8,21,5,7.3
"U40422",23,"Other","Freelancer","Android",2.7,5.4,9,6,5,21,6,9.5
"U40423",30,"Other","Student","iOS",9.7,2,10,7,2,25,0,7.6
"U40424",25,"Other","Freelancer","iOS",7.6,6.5,4,7.4,3,15,1,11.6
"U40425",50,"Male","Freelancer","iOS",11.6,5.5,3,4.2,8,6,2,13.6
"U40426",35,"Other","Business Owner","iOS",1.9,0.8,3,5.5,5,57,3,8.6
"U40427",41,"Male","Business Owner","Android",9,2.4,3,6.2,2,27,1,4.1
"U40428",44,"Male","Professional","Android",3.4,5.7,8,8,4,25,4,3.7
"U40429",19,"Male","Business Owner","Android",9.3,4.1,7,6,10,13,1,2.2
"U40430",39,"Female","Freelancer","Android",2.3,4.7,10,8.6,7,24,2,3.9
"U40431",57,"Other","Professional","Android",11,7.7,3,4.4,4,5,0,2.9
"U40432",57,"Female","Student","Android",10.1,7.6,5,6.3,1,52,1,8.1
"U40433",32,"Female","Business Owner","Android",10,3.2,6,7.6,10,15,3,3.2
"U40434",36,"Female","Business Owner","Android",9.5,0.9,2,5,9,23,3,10.4
"U40435",60,"Other","Professional","iOS",4.5,5.4,2,8.5,7,13,5,11.4
"U40436",27,"Other","Freelancer","Android",6.6,0.9,10,6.2,6,44,4,5
"U40437",33,"Male","Student","Android",11.1,4.4,3,8.9,2,51,3,6.8
"U40438",27,"Female","Professional","Android",7,7.5,2,4.5,8,5,2,13.8
"U40439",26,"Female","Business Owner","iOS",3,1,3,5.5,8,25,1,14
"U40440",25,"Female","Business Owner","Android",3.5,5.5,8,8.7,10,42,0,7.8
"U40441",18,"Male","Student","Android",10.5,7.7,8,4.8,1,44,0,8.7
"U40442",56,"Female","Professional","iOS",3.1,7.9,7,8.8,4,10,1,3.6
"U40443",23,"Other","Business Owner","Android",6.9,4.3,8,8.4,1,41,2,8.9
"U40444",27,"Male","Professional","iOS",10.8,1.4,2,7.3,9,9,0,9.5
"U40445",55,"Other","Freelancer","iOS",9.5,5.1,4,4.3,8,37,6,4.3
"U40446",35,"Male","Student","iOS",3.8,3.8,3,7.5,4,51,0,7.1
"U40447",34,"Other","Business Owner","iOS",11.4,7.6,9,4.4,9,20,6,4.1
"U40448",32,"Male","Student","iOS",3.4,6.1,10,6.6,5,16,1,12.9
"U40449",24,"Female","Freelancer","iOS",2.9,4.8,10,4.7,5,23,1,8.2
"U40450",35,"Female","Student","iOS",5.2,2.1,5,6.7,8,33,2,4.1
"U40451",59,"Male","Freelancer","Android",4.4,2.6,7,5.2,4,20,0,7
"U40452",22,"Female","Freelancer","Android",7.9,6.7,2,6.8,4,30,2,9.8
"U40453",35,"Male","Business Owner","iOS",1.3,4.7,3,6.2,2,49,0,9.3
"U40454",19,"Male","Freelancer","Android",5.5,3.8,5,6.2,10,12,1,2.4
"U40455",52,"Male","Professional","Android",3.7,6.7,4,8.7,10,29,4,8.7
"U40456",49,"Male","Business Owner","iOS",4.9,3.5,2,4.8,2,16,1,12.2
"U40457",50,"Other","Professional","Android",8.4,4,6,5.5,2,36,6,13.2
"U40458",32,"Other","Professional","iOS",6.8,6.1,9,7.6,10,24,5,12.1
"U40459",34,"Other","Freelancer","Android",7.7,3.5,10,6.4,5,12,4,11.7
"U40460",30,"Female","Freelancer","iOS",6.6,6.3,4,6.3,7,46,0,12.7
"U40461",58,"Male","Freelancer","Android",2.6,2.5,4,7.3,6,19,0,12
"U40462",47,"Other","Freelancer","Android",4.6,6.6,7,7.3,7,32,6,8.4
"U40463",48,"Female","Freelancer","Android",8.7,7.6,9,6,5,32,4,6.2
"U40464",55,"Female","Professional","iOS",10.6,7.7,4,5.8,1,21,4,7.8
"U40465",52,"Male","Freelancer","iOS",5.9,2,1,5.7,5,54,1,13.6
"U40466",27,"Other","Freelancer","Android",5.4,6.5,6,6.2,8,59,6,4.8
"U40467",37,"Male","Professional","Android",5.6,3.2,6,6.3,9,30,2,12.6
"U40468",20,"Female","Business Owner","Android",9,3.1,10,4.3,6,45,4,13.5
"U40469",27,"Other","Business Owner","iOS",3.3,2.5,9,7.3,8,52,6,13.6
"U40470",24,"Female","Business Owner","iOS",7.5,5.5,4,8.3,6,12,2,5
"U40471",25,"Male","Professional","Android",7.8,1.7,9,8.2,9,15,6,9.1
"U40472",45,"Male","Professional","iOS",9.6,7.5,10,6.4,1,26,6,5.2
"U40473",51,"Male","Professional","iOS",4.9,6.1,7,7.5,5,35,6,2.2
"U40474",27,"Male","Business Owner","iOS",7.5,7,6,4.4,6,25,6,6.7
"U40475",32,"Male","Freelancer","Android",2.9,7,5,7.7,3,32,1,4.1
"U40476",23,"Other","Student","Android",8.7,1.1,10,5.2,9,25,3,3.4
"U40477",31,"Female","Student","iOS",9.9,2.8,5,4.9,6,56,1,6.6
"U40478",49,"Other","Professional","Android",3.8,6.6,2,7.8,5,41,1,6.1
"U40479",57,"Male","Freelancer","Android",9.1,7.3,10,6.1,7,43,4,12.3
"U40480",54,"Other","Business Owner","iOS",9,1.5,10,5.3,5,53,4,9.9
"U40481",51,"Female","Student","Android",7.1,3.6,1,8.9,10,35,1,3.9
"U40482",23,"Male","Student","Android",10.9,5.6,8,7.9,2,20,2,9.1
"U40483",50,"Male","Professional","iOS",3.1,2.3,3,5.9,7,37,4,7.1
"U40484",24,"Male","Freelancer","Android",4.7,4.5,1,7.2,9,54,0,11.7
"U40485",59,"Other","Professional","iOS",9.3,4,1,6.3,7,45,6,11.9
"U40486",18,"Other","Freelancer","Android",11.5,1.2,6,4.4,5,42,1,13.9
"U40487",20,"Male","Business Owner","iOS",10.9,2.9,8,8.8,9,45,5,4.7
"U40488",54,"Other","Freelancer","iOS",2.8,7.3,9,4,3,21,4,5.9
"U40489",42,"Female","Business Owner","Android",4.3,6,3,7.7,9,46,2,11.1
"U40490",27,"Other","Student","Android",7.5,0.6,2,8.3,7,46,6,2.7
"U40491",37,"Other","Freelancer","Android",11.6,6.6,6,8.6,10,33,3,11.5
"U40492",28,"Female","Professional","iOS",5.5,3.5,7,6.3,3,55,2,2.1
"U40493",44,"Female","Business Owner","Android",7.9,6.1,4,4.2,9,16,0,13.7
"U40494",40,"Female","Business Owner","Android",6.2,5.8,10,4.7,7,49,5,4
"U40495",47,"Male","Professional","iOS",10.3,3,4,6.1,4,22,3,10.4
"U40496",51,"Other","Professional","iOS",7.8,1.4,2,5.2,3,26,3,4.8
"U40497",57,"Female","Freelancer","Android",4.4,0.6,5,7.5,9,44,4,13.4
"U40498",45,"Male","Professional","iOS",4.3,6.3,6,6.8,9,45,5,8.4
"U40499",31,"Female","Freelancer","iOS",9.5,6.3,3,6.7,3,26,0,5.8
"U40500",39,"Other","Student","Android",4.2,4.6,9,4.7,9,58,4,5
"U40501",41,"Other","Business Owner","Android",4.3,1.6,6,9,8,16,2,5.5
"U40502",50,"Other","Student","iOS",7.2,5.5,5,4,1,23,2,11.2
"U40503",48,"Other","Student","iOS",2.6,1.6,10,8.1,4,32,6,2.1
"U40504",46,"Other","Student","iOS",9.3,5.5,10,5.3,2,23,5,11.9
"U40505",36,"Male","Business Owner","Android",3.9,5.7,9,4.1,10,7,6,2.7
"U40506",40,"Male","Freelancer","Android",11.7,2.1,2,4.5,1,23,0,13.9
"U40507",26,"Female","Business Owner","Android",2.3,1.6,7,6.8,5,43,3,6.9
"U40508",44,"Male","Business Owner","iOS",5.6,5,2,8.7,1,8,1,9.2
"U40509",31,"Other","Student","iOS",3.2,7.5,7,8.8,4,16,0,9.5
"U40510",37,"Other","Freelancer","iOS",1.6,5.4,10,8.5,4,12,4,8.5
"U40511",50,"Other","Student","iOS",9.4,5,8,4.4,10,58,3,8.1
"U40512",51,"Other","Business Owner","iOS",2.9,3.3,9,5.8,4,13,2,6.7
"U40513",52,"Male","Professional","iOS",4.5,1.2,10,5.4,3,34,3,6.4
"U40514",27,"Female","Freelancer","Android",3.2,4.3,10,7.2,2,30,3,11.8
"U40515",30,"Other","Business Owner","iOS",11.3,0.7,2,6.2,1,58,2,6
"U40516",49,"Female","Business Owner","Android",11.6,2.2,3,6.2,3,20,1,12
"U40517",58,"Male","Freelancer","iOS",2.2,6.5,7,4.3,6,8,5,6.5
"U40518",27,"Female","Student","iOS",10.2,1,4,8.9,2,26,4,10.5
"U40519",38,"Male","Freelancer","iOS",1.5,4.5,8,7.5,1,53,0,12
"U40520",37,"Other","Professional","Android",5.8,2.5,8,5.2,6,28,1,9.5
"U40521",36,"Other","Business Owner","iOS",4.1,4.1,3,5.4,5,47,2,7.6
"U40522",29,"Female","Freelancer","Android",8.9,0.9,4,8,1,13,5,2.9
"U40523",26,"Other","Business Owner","Android",11.9,7,10,7.3,10,6,2,6.4
"U40524",58,"Female","Student","Android",9.9,6.4,6,6.1,2,34,3,3
"U40525",38,"Male","Professional","iOS",3.5,4.4,8,6.7,1,43,1,3
"U40526",30,"Other","Student","iOS",9.5,1.7,9,5.6,4,59,4,7.3
"U40527",38,"Other","Student","iOS",2,1.6,3,8.1,1,12,1,2.3
"U40528",25,"Other","Student","Android",6.8,5,9,4.3,2,42,2,9
"U40529",22,"Male","Professional","iOS",6.9,4.9,3,7,1,21,0,3.1
"U40530",47,"Other","Student","Android",7.9,6.8,8,4.7,4,41,4,9.8
"U40531",51,"Other","Student","iOS",9.4,1.6,2,4.6,5,11,4,5.8
"U40532",53,"Female","Freelancer","Android",1.7,1.8,1,4.9,5,6,2,11.7
"U40533",29,"Other","Freelancer","iOS",6.6,1.8,9,4.5,6,48,2,5.9
"U40534",53,"Other","Student","iOS",10.1,5.9,1,5.5,1,31,5,4.5
"U40535",19,"Other","Freelancer","iOS",4.5,2.3,4,7.4,2,5,5,11.3
"U40536",39,"Other","Professional","Android",4.5,0.9,9,8.3,10,31,5,10.3
"U40537",20,"Female","Student","iOS",4.8,1.6,5,4.4,4,9,4,5.5
"U40538",33,"Male","Student","iOS",9.4,6.7,2,6.5,2,38,4,11.6
"U40539",34,"Male","Professional","iOS",10.1,0.6,2,6.3,10,24,2,13.4
"U40540",39,"Male","Business Owner","Android",7.8,4.6,7,4.2,2,54,2,3.2
"U40541",41,"Other","Professional","Android",6.3,4.5,6,7.3,2,29,3,12.4
"U40542",32,"Male","Business Owner","iOS",2,2.5,9,6.3,6,59,0,11.3
"U40543",53,"Female","Business Owner","iOS",5.1,6.9,6,5,10,19,2,6.4
"U40544",51,"Male","Student","Android",9.2,7.8,4,5.2,3,9,3,10.8
"U40545",29,"Other","Freelancer","Android",10.8,6.2,10,7.4,4,41,3,3.3
"U40546",50,"Female","Freelancer","Android",8,6.4,10,4.3,5,19,0,11
"U40547",48,"Female","Professional","Android",9.9,4.7,8,7.6,9,18,6,10.7
"U40548",28,"Male","Freelancer","iOS",7.6,7.1,4,5.9,8,48,2,3
"U40549",18,"Male","Student","iOS",1.4,6,1,6.5,4,13,3,11.8
"U40550",34,"Female","Freelancer","iOS",11.9,6.2,10,8.4,3,8,0,9.1
"U40551",46,"Female","Freelancer","iOS",5.3,5.6,7,7.8,5,37,4,10.4
"U40552",43,"Female","Student","Android",9.9,7.1,3,5,8,37,3,11
"U40553",48,"Other","Freelancer","Android",8.5,1.8,10,5.9,8,18,1,9.3
"U40554",45,"Other","Professional","iOS",6.8,2.2,10,5.7,10,18,5,3.2
"U40555",42,"Female","Freelancer","Android",4.7,5.9,2,9,9,27,2,12.7
"U40556",42,"Other","Business Owner","iOS",8.1,5.6,10,7.7,2,57,6,9.3
"U40557",20,"Male","Student","iOS",1.5,7.9,4,6.1,10,39,4,6.5
"U40558",52,"Other","Business Owner","iOS",9.5,7.1,3,8.1,2,37,4,5.5
"U40559",26,"Female","Professional","Android",7.2,2.1,1,5.7,7,25,3,12.8
"U40560",52,"Female","Business Owner","Android",7.7,2.9,8,6.9,3,34,2,3
"U40561",52,"Female","Business Owner","iOS",10.7,2.8,5,5,10,24,3,9.1
"U40562",49,"Male","Student","Android",10.7,3.7,3,4.8,4,12,6,10.2
"U40563",37,"Male","Professional","Android",11.6,1.5,9,8.5,4,25,0,10.1
"U40564",38,"Other","Business Owner","iOS",11.3,7.6,7,8.2,3,56,1,2.8
"U40565",50,"Female","Business Owner","iOS",5.7,2.5,10,6.4,6,50,0,5.5
"U40566",46,"Other","Business Owner","iOS",10.9,5.7,8,5.3,6,30,1,11
"U40567",23,"Other","Professional","iOS",11.5,4.3,6,5.4,8,34,6,6.6
"U40568",60,"Male","Business Owner","Android",4.8,1.4,1,6.2,10,8,4,5.5
"U40569",26,"Male","Business Owner","Android",11.1,2.6,2,4.3,6,39,6,13.8
"U40570",21,"Female","Business Owner","iOS",2.7,1.8,2,4.4,6,56,3,4.6
"U40571",58,"Female","Professional","iOS",11,3.2,7,5.5,10,43,0,9.6
"U40572",48,"Other","Professional","Android",5.9,2,1,8.6,4,43,5,3.6
"U40573",38,"Female","Business Owner","Android",10.2,2.5,7,6.2,8,26,6,5.5
"U40574",31,"Other","Freelancer","iOS",8.4,5.1,7,5.9,3,58,0,3.9
"U40575",22,"Male","Business Owner","iOS",4.3,3.5,10,5,7,51,5,3.2
"U40576",31,"Female","Freelancer","Android",2,5.5,2,4.4,6,56,0,4.7
"U40577",42,"Female","Professional","iOS",7.1,5.7,10,8.6,2,20,1,3.4
"U40578",53,"Female","Professional","Android",4.5,8,4,7.7,7,54,4,11
"U40579",41,"Female","Business Owner","iOS",8.6,3.4,2,6.8,4,24,0,9.2
"U40580",56,"Other","Professional","iOS",5.9,7.3,6,4,5,8,5,11.6
"U40581",30,"Other","Business Owner","Android",11.5,3.6,9,6.2,9,59,4,5.3
"U40582",24,"Other","Business Owner","iOS",3.6,5.3,2,7.2,2,37,5,10
"U40583",41,"Other","Student","Android",6.9,0.6,5,6.8,5,7,3,13.4
"U40584",26,"Male","Student","Android",5,1.4,10,7.6,10,42,4,8.5
"U40585",43,"Male","Freelancer","iOS",5.5,3.4,2,7.4,4,50,1,5.2
"U40586",26,"Other","Student","iOS",4.6,2.2,10,7.7,9,51,1,8.3
"U40587",24,"Male","Professional","iOS",7.6,7.9,3,4.3,6,39,1,7.4
"U40588",60,"Female","Student","iOS",5.4,7.8,1,5.5,10,56,0,14
"U40589",59,"Other","Student","Android",5.4,6.8,2,8.1,4,20,2,4
"U40590",20,"Male","Professional","Android",4.1,5.9,7,4.3,8,18,0,8.8
"U40591",48,"Female","Business Owner","Android",3.7,4.5,2,5.2,9,33,3,13.7
"U40592",36,"Male","Freelancer","iOS",7.6,5.5,9,4.6,5,18,0,9.1
"U40593",23,"Female","Freelancer","Android",9.8,1.6,8,6.8,2,27,2,9.9
"U40594",34,"Other","Professional","Android",8.5,1,7,4.4,4,50,4,7.6
"U40595",34,"Male","Freelancer","Android",1.6,2.8,2,4.6,10,34,3,8.9
"U40596",32,"Female","Student","Android",7.5,3.4,9,4.3,3,10,0,3.9
"U40597",18,"Other","Freelancer","iOS",5.7,1.8,8,5,3,19,5,9.9
"U40598",58,"Male","Business Owner","Android",10.8,1.2,5,8.5,8,28,5,12.4
"U40599",25,"Other","Professional","iOS",6.3,2,2,6.7,7,8,5,4.6
"U40600",18,"Female","Student","Android",9.7,5.9,9,8.6,7,50,6,10.7
"U40601",42,"Female","Freelancer","Android",7,5.2,7,4.1,4,33,3,2.3
"U40602",23,"Male","Business Owner","iOS",4.4,3.6,9,8.1,5,5,6,7.6
"U40603",35,"Male","Business Owner","iOS",6.7,1.5,8,8.5,1,18,2,9.4
"U40604",36,"Male","Student","iOS",1.4,4.6,8,8,1,59,4,8.9
"U40605",40,"Male","Professional","iOS",4.8,5.6,7,6.3,4,18,3,5.9
"U40606",27,"Other","Freelancer","Android",2.8,6.7,2,6.4,7,48,2,5.6
"U40607",55,"Other","Student","iOS",1.6,7.9,2,4.3,2,33,0,3.9
"U40608",56,"Male","Freelancer","Android",9.8,6.1,1,5.5,8,49,1,10.8
"U40609",42,"Male","Freelancer","Android",3,2.7,9,7.6,7,30,1,11.4
"U40610",37,"Female","Professional","Android",6.2,3.8,8,8.3,5,26,4,6.8
"U40611",40,"Female","Student","iOS",11.3,7.8,6,4.4,3,37,6,8.2
"U40612",47,"Male","Business Owner","iOS",5.2,2.1,5,5.9,2,33,3,10.2
"U40613",37,"Other","Student","iOS",5,6.8,6,6,4,47,3,3
"U40614",35,"Male","Professional","iOS",6.4,3.4,8,6,6,23,2,4.5
"U40615",31,"Male","Student","Android",1.1,4.3,6,4.8,1,41,6,8.6
"U40616",31,"Male","Student","iOS",2.1,1.3,3,5.8,7,5,1,12.7
"U40617",22,"Female","Freelancer","Android",7.2,3.7,3,4.2,8,5,3,8.9
"U40618",56,"Male","Freelancer","Android",3,4.6,10,5,9,44,1,5.9
"U40619",57,"Other","Professional","Android",6.9,7.1,6,6.2,9,10,2,12.4
"U40620",48,"Female","Student","iOS",5.1,1.2,4,4.4,10,13,5,11.4
"U40621",24,"Other","Professional","Android",1.5,0.7,4,4.4,8,48,2,2
"U40622",25,"Female","Student","iOS",7.7,5.2,1,5.6,2,43,0,13.7
"U40623",41,"Male","Freelancer","Android",8.8,2.8,1,6,2,26,2,12
"U40624",32,"Other","Professional","iOS",2.2,5.3,9,8.5,10,29,0,7.6
"U40625",32,"Other","Professional","Android",3.4,4.4,10,4.3,10,11,6,7.1
"U40626",33,"Other","Professional","iOS",10.8,6.4,5,4.8,9,32,6,5.1
"U40627",35,"Other","Business Owner","Android",5.8,1.3,6,4.5,6,35,4,11.5
"U40628",55,"Female","Professional","iOS",9.4,5.8,4,7.7,9,45,5,2.5
"U40629",46,"Male","Freelancer","iOS",1.6,3.8,10,6.2,1,47,1,2.4
"U40630",28,"Other","Business Owner","iOS",3.6,3.5,1,5.4,8,26,0,3.8
"U40631",57,"Other","Freelancer","Android",2.7,7.6,3,5.2,9,43,1,2.5
"U40632",45,"Female","Freelancer","iOS",11.5,5.1,7,8.7,9,18,1,12.5
"U40633",57,"Male","Professional","iOS",6.6,5.6,4,8.4,6,22,6,13.7
"U40634",47,"Male","Professional","Android",4.9,7,9,4.9,9,19,0,7.4
"U40635",19,"Male","Business Owner","iOS",1.6,1.9,4,8.4,2,13,0,12.2
"U40636",23,"Female","Business Owner","iOS",2.7,4.6,8,4.7,2,40,5,7.2
"U40637",19,"Female","Student","Android",8.7,7.9,6,6.3,1,41,6,12.3
"U40638",20,"Female","Student","iOS",5.8,1.6,1,4.7,1,20,4,3.4
"U40639",31,"Female","Student","iOS",10.8,2.2,9,8.5,7,48,6,10.7
"U40640",58,"Male","Freelancer","iOS",4.2,2.6,5,5,8,11,5,13.3
"U40641",37,"Other","Student","Android",5.1,2.7,6,6.6,10,55,0,8.5
"U40642",32,"Male","Freelancer","iOS",6.8,7.7,9,4.9,7,13,3,8.5
"U40643",36,"Other","Student","Android",8.5,5,10,8.7,7,25,4,13.5
"U40644",37,"Male","Freelancer","Android",1.9,7.4,7,4.1,8,40,2,4
"U40645",56,"Male","Student","iOS",3.7,6.4,3,4.6,10,25,1,5.5
"U40646",56,"Female","Professional","Android",4.9,5.9,3,5.5,8,42,1,5.2
"U40647",49,"Other","Freelancer","iOS",5.6,4.6,7,5.2,9,39,3,2.2
"U40648",41,"Male","Professional","iOS",4.9,2.3,10,6.9,1,54,2,9.5
"U40649",52,"Other","Student","Android",7.9,6.8,4,8.1,7,48,2,10
"U40650",40,"Male","Professional","Android",8.3,6.4,7,5.2,2,18,0,6.9
"U40651",53,"Female","Business Owner","Android",4.2,7.5,6,6.5,7,32,0,3.2
"U40652",44,"Female","Freelancer","Android",6.3,0.7,2,7.5,5,39,5,12.9
"U40653",58,"Other","Freelancer","iOS",5.7,7.2,9,6.3,9,13,0,4.9
"U40654",22,"Male","Business Owner","iOS",2.5,3,4,5.9,2,59,3,6.1
"U40655",51,"Other","Freelancer","iOS",7.4,4.5,6,6.1,10,10,6,10.9
"U40656",51,"Male","Business Owner","Android",4.1,7.4,6,8.9,10,49,6,4.3
"U40657",50,"Other","Business Owner","iOS",7.1,2.6,1,5.8,9,50,5,5
"U40658",23,"Other","Professional","Android",5.9,0.7,7,5.7,9,43,2,6.2
"U40659",48,"Male","Business Owner","Android",3.2,7.7,9,5.1,3,46,6,6.8
"U40660",50,"Other","Business Owner","iOS",6.4,1.3,1,7.1,2,40,2,8.9
"U40661",43,"Male","Student","iOS",5.4,5.3,9,4.5,1,57,6,12.4
"U40662",21,"Female","Business Owner","Android",3.4,1.8,7,6.5,7,33,0,5.8
"U40663",26,"Male","Business Owner","iOS",5.2,1.5,10,5.8,5,8,5,11.6
"U40664",25,"Other","Business Owner","Android",1.3,6.1,6,6.4,8,52,0,3.6
"U40665",41,"Male","Student","Android",6.1,3.9,5,5,5,55,6,13.2
"U40666",54,"Male","Professional","Android",10.3,5.7,3,4.6,9,58,5,9
"U40667",55,"Male","Business Owner","Android",11.5,7.9,3,4.7,7,23,0,7.9
"U40668",27,"Female","Business Owner","iOS",3.1,1.3,5,6.5,7,13,3,7.3
"U40669",49,"Other","Freelancer","Android",8.6,2.8,10,5.8,9,8,0,13.8
"U40670",56,"Male","Professional","Android",11.4,1.9,10,7.9,7,51,6,8.2
"U40671",34,"Other","Professional","Android",11.5,2.9,7,8.4,3,30,0,7.4
"U40672",31,"Female","Freelancer","iOS",10.1,7.4,3,5.6,10,12,0,5.1
"U40673",47,"Male","Freelancer","iOS",8.8,5.6,9,7.2,5,24,1,10.6
"U40674",45,"Other","Freelancer","iOS",4.9,1.2,1,5.1,3,31,0,9.3
"U40675",32,"Female","Freelancer","Android",1.2,1,10,5.9,5,5,6,3.8
"U40676",50,"Female","Freelancer","Android",10.8,3.7,6,7.4,1,47,2,12.5
"U40677",26,"Male","Business Owner","Android",1.3,2.4,2,7.1,9,28,0,12.7
"U40678",49,"Other","Business Owner","Android",6.6,7.1,3,4.6,6,30,0,3.4
"U40679",36,"Other","Freelancer","iOS",8.6,2.9,7,8.9,9,41,3,3.2
"U40680",55,"Female","Student","iOS",2,4.1,1,4.3,3,27,6,9.8
"U40681",20,"Other","Freelancer","Android",4.9,7.3,4,8.3,10,40,6,2.8
"U40682",31,"Female","Freelancer","Android",2,7.2,9,5.5,1,37,4,9.3
"U40683",31,"Male","Business Owner","Android",11.3,2.2,3,7.2,10,13,0,9.1
"U40684",25,"Male","Student","iOS",9.2,0.7,10,4.7,9,5,1,10.3
"U40685",28,"Other","Student","Android",6.1,1.4,4,6.4,7,55,6,5.2
"U40686",28,"Female","Student","iOS",8.2,3,5,8,10,51,5,2.6
"U40687",29,"Other","Freelancer","Android",10.9,5.5,10,8.3,8,56,5,13.2
"U40688",32,"Female","Business Owner","Android",5.4,1.5,1,8,8,53,5,6
"U40689",56,"Other","Business Owner","Android",1.9,5.9,7,8.2,10,15,3,5.6
"U40690",38,"Other","Freelancer","Android",1.1,6.7,4,7.6,2,16,6,4.9
"U40691",34,"Other","Freelancer","iOS",7.6,2,6,6,5,57,6,12.7
"U40692",53,"Other","Business Owner","iOS",6.6,3,7,8.7,6,29,4,11.7
"U40693",20,"Male","Business Owner","iOS",9.3,1.5,10,7.8,8,34,5,8.7
"U40694",46,"Other","Student","Android",6.6,7.4,5,8.3,9,39,5,7.2
"U40695",18,"Male","Student","iOS",2.5,7.2,10,8.6,5,25,4,13.7
"U40696",36,"Male","Professional","Android",5.6,1.8,6,6.3,9,24,3,13.5
"U40697",46,"Male","Professional","Android",11.4,5,4,7.9,1,31,6,5.6
"U40698",31,"Male","Professional","Android",4.7,7.2,4,8.5,6,48,0,5.2
"U40699",25,"Other","Student","iOS",4.3,7,1,5.6,1,10,6,6.7
"U40700",37,"Female","Professional","iOS",10.2,1.6,4,6.2,5,9,6,2.7
"U40701",51,"Male","Freelancer","Android",5.4,4,7,8.5,7,26,4,2.3
"U40702",31,"Male","Freelancer","Android",6.9,2.5,5,5.1,6,20,1,10.8
"U40703",43,"Male","Business Owner","iOS",2.1,5.3,8,7.8,1,51,0,12.8
"U40704",53,"Other","Business Owner","Android",9.5,2.9,1,8.2,5,51,2,10
"U40705",47,"Other","Professional","Android",5.7,7.8,1,5,3,16,6,6.9
"U40706",37,"Other","Student","Android",2,4.9,4,8.8,9,54,1,4.6
"U40707",47,"Other","Freelancer","Android",7.9,2.2,8,7.9,5,21,6,11.3
"U40708",48,"Male","Student","iOS",2.8,6.8,10,5.6,9,43,0,10.7
"U40709",49,"Other","Professional","iOS",1.1,3.5,3,8.7,2,52,4,10.2
"U40710",34,"Other","Business Owner","Android",10.5,5.4,2,7.3,9,30,2,10.8
"U40711",18,"Female","Freelancer","iOS",5.8,7.1,6,5.7,6,46,6,14
"U40712",47,"Female","Freelancer","Android",1,4.5,1,8.6,7,42,5,2.5
"U40713",19,"Male","Business Owner","Android",4.1,6.6,7,6.2,7,44,5,13.9
"U40714",32,"Other","Professional","Android",5.2,5.9,9,7.3,6,42,4,8.8
"U40715",43,"Male","Freelancer","Android",6.8,7.4,10,8,4,36,3,10.3
"U40716",42,"Male","Freelancer","iOS",3.9,6.1,6,7.6,8,45,0,5.8
"U40717",44,"Female","Freelancer","iOS",7.5,3.3,5,7.3,8,52,6,8.5
"U40718",40,"Male","Professional","iOS",10.3,7.2,3,6.7,10,23,3,5.9
"U40719",43,"Male","Student","Android",4.2,2.9,10,5.3,5,14,3,5.3
"U40720",18,"Other","Student","Android",3.5,0.9,4,6.7,3,58,6,11.6
"U40721",18,"Male","Freelancer","iOS",11.2,1.6,6,5.4,5,41,0,13.3
"U40722",46,"Female","Business Owner","iOS",2.9,4.7,1,4,4,12,4,9.9
"U40723",42,"Male","Business Owner","iOS",8.2,6.2,7,4.3,3,59,0,4.4
"U40724",26,"Male","Business Owner","iOS",10.2,6.8,6,8.7,2,53,3,2.3
"U40725",28,"Other","Professional","Android",6.4,0.6,7,6.7,2,10,0,12.2
"U40726",53,"Male","Freelancer","iOS",2.7,6.2,2,4.5,10,26,2,4.7
"U40727",27,"Female","Professional","iOS",9.1,3.9,9,9,2,57,1,3.9
"U40728",25,"Male","Professional","iOS",7.2,5,4,4.2,4,55,6,2.2
"U40729",29,"Male","Business Owner","Android",8.3,3.3,10,8.5,2,30,1,2.7
"U40730",59,"Female","Freelancer","iOS",4.7,4,8,6.7,3,56,6,7.9
"U40731",52,"Female","Student","Android",8.5,5.1,9,6.6,10,38,4,5.6
"U40732",26,"Male","Business Owner","iOS",8.5,4,1,4.3,3,20,0,4.7
"U40733",25,"Female","Business Owner","Android",2.4,5.6,3,5.8,6,35,4,2.9
"U40734",55,"Female","Professional","iOS",10.1,4,6,7.5,5,41,1,2.3
"U40735",31,"Other","Student","iOS",8.3,2.4,10,6,3,45,1,5.9
"U40736",50,"Male","Student","iOS",3.7,4,1,7.7,9,16,4,4.6
"U40737",44,"Male","Professional","iOS",8.4,2,4,4.5,2,15,6,10.4
"U40738",52,"Other","Student","iOS",1.4,6.3,3,4.7,9,11,0,9.1
"U40739",28,"Other","Freelancer","iOS",8.7,2.7,2,8.2,10,43,2,7.5
"U40740",48,"Other","Business Owner","Android",10.5,3.7,3,5.1,5,13,0,4.3
"U40741",53,"Male","Freelancer","Android",4.3,6.8,4,7.4,9,37,5,4
"U40742",34,"Male","Freelancer","Android",7.1,6.7,9,4.3,7,9,4,8.7
"U40743",46,"Male","Professional","iOS",9.1,2.9,5,6.5,6,38,0,12
"U40744",26,"Male","Professional","iOS",5.8,5.8,9,6,3,23,2,10.7
"U40745",45,"Female","Professional","Android",5.6,1.7,4,7.9,5,26,4,9.7
"U40746",34,"Female","Freelancer","Android",1.1,5,4,7.5,9,43,4,5.7
"U40747",31,"Female","Professional","iOS",8.4,7.2,2,4.4,9,31,0,5.1
"U40748",56,"Male","Freelancer","Android",9.8,1.7,4,7.7,7,54,0,5
"U40749",31,"Other","Student","Android",11.9,6.2,7,6,3,49,4,5.2
"U40750",30,"Male","Student","Android",8.6,1.7,6,5.8,2,25,2,8.8
"U40751",18,"Other","Professional","Android",5,2.3,5,8.3,2,20,5,6.1
"U40752",37,"Male","Freelancer","Android",11.3,1.3,3,9,2,26,3,9.8
"U40753",41,"Other","Business Owner","iOS",9.7,3,1,7.4,5,29,5,2.4
"U40754",59,"Other","Business Owner","iOS",6.9,7.9,6,7.3,4,22,4,4.4
"U40755",55,"Male","Professional","Android",4.4,2.2,1,5.5,6,48,4,2.9
"U40756",45,"Other","Professional","Android",1.3,6.1,9,4.4,8,15,6,10.8
"U40757",54,"Female","Professional","Android",7.7,4.3,5,5.9,6,60,0,13.5
"U40758",28,"Other","Business Owner","iOS",8.8,7.8,10,8.6,6,26,3,2.1
"U40759",60,"Female","Freelancer","iOS",5.7,6.8,9,5.9,8,30,0,3.9
"U40760",20,"Other","Professional","Android",10.4,5.1,1,5.8,8,37,4,7.5
"U40761",43,"Male","Student","iOS",1.9,1.2,10,8,9,39,6,3.7
"U40762",43,"Female","Freelancer","iOS",11.5,5.1,8,7.3,10,6,2,12.3
"U40763",60,"Male","Student","Android",5.5,7.2,9,8.4,3,39,2,8.3
"U40764",43,"Male","Professional","iOS",5,1.2,4,4.3,9,31,5,10.8
"U40765",20,"Other","Business Owner","Android",7.2,1.8,9,4.3,1,28,6,11.8
"U40766",35,"Female","Business Owner","iOS",8.3,5.3,3,5.6,2,46,3,6.8
"U40767",52,"Male","Freelancer","Android",3.5,3.6,9,6,5,42,5,10.6
"U40768",40,"Female","Student","iOS",10.2,4,6,4.8,8,16,4,13.8
"U40769",32,"Female","Professional","Android",2.5,1.6,2,7.7,2,23,0,3
"U40770",24,"Female","Student","Android",5.3,3.4,4,5.5,5,8,3,8.7
"U40771",29,"Other","Freelancer","iOS",1.5,2.8,5,4.7,9,53,1,12.5
"U40772",30,"Female","Student","iOS",1.3,1.3,6,7.8,6,49,2,13.7
"U40773",34,"Female","Student","iOS",2.9,3.1,6,7.2,2,32,0,9.1
"U40774",59,"Female","Freelancer","iOS",5.5,7.2,4,7.5,1,18,2,2.5
"U40775",34,"Male","Student","Android",2.1,5.2,6,4.2,1,56,5,13.5
"U40776",31,"Female","Freelancer","iOS",9.5,7,5,4.3,2,6,4,12.4
"U40777",39,"Female","Business Owner","iOS",8.7,3.5,6,9,8,53,1,5.4
"U40778",51,"Male","Business Owner","iOS",4,6.6,4,8.5,1,31,1,4.7
"U40779",35,"Male","Professional","Android",6.8,2.4,3,8.8,2,25,4,10.9
"U40780",55,"Other","Freelancer","iOS",4.3,2.7,5,6.1,6,13,4,7.8
"U40781",53,"Female","Freelancer","Android",1.6,1.4,5,6.1,7,14,0,11.9
"U40782",23,"Male","Student","iOS",6.3,0.6,1,7.9,9,10,0,4
"U40783",25,"Female","Professional","iOS",2.6,2,9,7.9,9,44,5,9.5
"U40784",51,"Male","Professional","Android",8.2,4.6,5,7.6,3,9,5,9.2
"U40785",60,"Female","Professional","iOS",11.5,5.2,2,6.9,3,53,0,13.5
"U40786",37,"Male","Professional","iOS",5.4,1.7,10,4.8,2,6,3,10
"U40787",45,"Other","Professional","iOS",6.4,2.8,10,5.6,5,27,2,2.3
"U40788",40,"Male","Professional","iOS",6.6,7.9,2,5.1,7,38,1,13.5
"U40789",24,"Male","Student","iOS",8.1,3.5,5,5.7,4,42,4,4.2
"U40790",27,"Female","Freelancer","Android",4.3,6,5,6.9,5,57,5,5.1
"U40791",34,"Male","Student","Android",9.7,5.8,1,6.1,2,49,1,7.4
"U40792",29,"Male","Freelancer","Android",6.1,2.8,6,8.4,2,52,0,5.7
"U40793",25,"Male","Freelancer","Android",3.6,1.6,1,5.2,5,10,5,6.9
"U40794",19,"Female","Student","Android",5.4,4.3,1,4.2,2,44,0,11.8
"U40795",42,"Other","Student","Android",9.8,2.5,10,6.7,10,33,3,5.6
"U40796",33,"Male","Professional","iOS",7.3,2.7,1,6,10,38,5,2.3
"U40797",47,"Male","Business Owner","Android",5.6,2.7,4,6.3,3,53,1,7.2
"U40798",53,"Female","Freelancer","iOS",3.1,3.8,2,5.8,9,14,0,2.7
"U40799",23,"Male","Business Owner","Android",1.2,5.4,10,6.8,8,44,1,3.5
"U40800",48,"Male","Freelancer","iOS",5.1,4.2,10,5.8,8,36,5,4.2
"U40801",19,"Other","Professional","iOS",7.4,2,2,4.3,1,59,6,13.1
"U40802",37,"Female","Freelancer","Android",7.6,5.5,9,6.8,9,36,6,5.9
"U40803",53,"Female","Professional","Android",2.1,1.1,10,7.1,1,9,1,11.1
"U40804",32,"Female","Business Owner","iOS",11.5,0.6,1,4.4,10,48,2,2.4
"U40805",42,"Female","Student","iOS",10,2.8,1,8.8,4,43,2,13.3
"U40806",34,"Other","Business Owner","iOS",7.7,2.9,4,8.6,7,34,0,8.3
"U40807",58,"Male","Business Owner","iOS",6.1,7.1,3,7.1,1,30,3,3.6
"U40808",51,"Male","Business Owner","Android",10.8,7.9,9,6.5,10,58,1,4.4
"U40809",24,"Male","Professional","iOS",8,7.9,7,7.8,8,56,5,11.9
"U40810",23,"Other","Student","Android",6,2.8,3,6.1,10,36,3,6.9
"U40811",44,"Other","Business Owner","Android",4.5,1.2,9,8.7,1,21,0,10.1
"U40812",39,"Female","Business Owner","Android",11.7,3.6,9,4.1,9,55,6,8.4
"U40813",55,"Male","Professional","Android",3.8,3.2,5,6.6,8,24,2,3.5
"U40814",40,"Other","Student","Android",7.5,6.6,7,4.9,8,14,5,5.2
"U40815",41,"Male","Professional","iOS",1.4,5.4,9,8.1,7,58,3,4.8
"U40816",53,"Female","Student","iOS",5.3,7.4,1,8.4,9,32,1,9.1
"U40817",58,"Female","Business Owner","Android",1.1,4.5,10,7.8,5,17,4,2.4
"U40818",41,"Female","Business Owner","iOS",1.1,4.1,5,5.2,9,59,5,13.4
"U40819",54,"Male","Professional","Android",3.8,7.3,3,7.1,4,55,4,10.2
"U40820",34,"Female","Business Owner","Android",1.1,2,6,5.7,2,21,0,2.7
"U40821",28,"Male","Professional","iOS",10.5,1.3,6,7.5,3,21,5,5.5
"U40822",22,"Other","Professional","Android",3.1,4.6,9,6.9,3,25,0,2.5
"U40823",57,"Female","Student","Android",4.1,7.3,2,4.2,2,7,0,3.8
"U40824",33,"Female","Professional","Android",9.3,1.2,4,8.7,6,22,3,2.4
"U40825",49,"Female","Student","iOS",5.7,4.6,3,8,9,28,5,7.2
"U40826",54,"Male","Student","Android",3.8,1.9,6,6,4,12,3,6.4
"U40827",30,"Female","Business Owner","Android",4.8,2.1,10,7.2,7,23,0,8.7
"U40828",24,"Male","Professional","Android",6.2,6.8,5,8,1,5,6,11
"U40829",31,"Other","Professional","iOS",11.5,2,5,4.6,9,58,3,2.5
"U40830",44,"Male","Business Owner","iOS",4,7.8,6,6.1,6,56,4,12.9
"U40831",30,"Male","Professional","Android",10.1,2.8,9,8.6,7,30,0,12.9
"U40832",43,"Other","Freelancer","Android",3.1,1.7,2,6,8,45,4,8.2
"U40833",39,"Other","Professional","Android",11.9,5.7,7,6.3,4,5,3,6.2
"U40834",54,"Other","Freelancer","Android",6.3,6.2,7,8.4,3,19,5,12.3
"U40835",49,"Female","Professional","Android",8.4,6.7,8,7.1,5,42,6,12.9
"U40836",29,"Other","Student","iOS",1.2,3.7,9,5,5,56,1,10.4
"U40837",49,"Other","Professional","Android",11.5,0.9,3,4.9,9,16,5,13.4
"U40838",43,"Male","Student","Android",5.8,4.6,2,5.6,7,47,1,11.2
"U40839",47,"Male","Business Owner","iOS",4.4,0.8,1,6.2,10,60,3,12.3
"U40840",45,"Other","Professional","iOS",5.1,0.5,10,8.6,10,48,5,8.3
"U40841",51,"Male","Freelancer","iOS",9.4,1.7,4,8.2,7,25,6,8.7
"U40842",49,"Male","Freelancer","iOS",1.8,3.6,4,6.1,7,54,0,13
"U40843",48,"Other","Professional","Android",3.7,4.7,3,6.1,5,25,2,10.4
"U40844",49,"Male","Student","Android",11.3,3.8,8,8.6,7,14,4,11.6
"U40845",41,"Other","Student","iOS",7.6,3.1,2,6.5,3,57,0,9.5
"U40846",54,"Female","Professional","iOS",11,1,9,8,8,59,5,13.3
"U40847",31,"Female","Professional","iOS",1.8,4.4,2,8.1,5,23,0,13.2
"U40848",41,"Female","Business Owner","iOS",6.7,0.8,3,7,8,55,2,11.5
"U40849",53,"Male","Student","iOS",6.7,6,9,7.3,3,54,0,7.6
"U40850",45,"Other","Student","iOS",8.6,3.6,4,6.3,9,31,4,5.1
"U40851",22,"Other","Student","Android",8.7,8,3,6,2,23,4,6.8
"U40852",31,"Other","Freelancer","Android",4.5,2.3,7,5.8,10,50,5,10.1
"U40853",37,"Female","Freelancer","iOS",2.3,2.7,7,7.1,5,12,4,7.3
"U40854",23,"Male","Freelancer","iOS",3,5.6,7,5.2,4,23,2,8.3
"U40855",49,"Female","Freelancer","iOS",6.7,0.7,10,5.9,8,38,5,13.7
"U40856",34,"Male","Student","Android",3,3.5,8,4.6,2,6,5,6.6
"U40857",56,"Female","Freelancer","iOS",8.9,6.7,4,7.2,1,48,6,8.1
"U40858",22,"Other","Student","Android",6.6,6.2,10,5.9,5,46,4,7.4
"U40859",55,"Male","Professional","Android",3.9,5.4,10,8.2,4,56,0,8.1
"U40860",40,"Female","Business Owner","Android",3.8,2.5,10,6.4,9,11,5,9.1
"U40861",32,"Male","Professional","iOS",3.5,1.1,7,6.9,6,33,4,5.1
"U40862",53,"Male","Business Owner","Android",7.3,2.6,7,5,3,30,1,2.4
"U40863",19,"Male","Freelancer","Android",7.6,1.5,5,5.6,1,44,3,13.4
"U40864",53,"Other","Professional","iOS",11.8,6.4,9,4.8,8,48,6,11.4
"U40865",59,"Female","Business Owner","iOS",1.5,3.4,10,5.4,8,19,3,5.3
"U40866",52,"Other","Student","Android",11.2,2.3,10,6.5,6,50,1,11.7
"U40867",37,"Other","Freelancer","Android",6.4,3.1,9,4.8,4,15,4,8.2
"U40868",29,"Male","Professional","Android",5.4,1.3,3,7.9,1,49,6,6.6
"U40869",45,"Other","Professional","Android",5.1,6.4,7,8.5,5,59,6,13.5
"U40870",49,"Male","Freelancer","Android",9.4,5,3,4.3,1,21,3,11.8
"U40871",26,"Male","Professional","iOS",8.3,3.9,10,7.8,1,31,0,13.5
"U40872",30,"Female","Student","Android",9.5,3.5,1,6.1,8,53,1,4.5
"U40873",30,"Female","Professional","Android",7.8,4.7,6,4.1,2,28,5,8.5
"U40874",56,"Female","Professional","iOS",7,7.9,3,5.7,1,9,5,7.6
"U40875",56,"Male","Freelancer","iOS",8,0.7,10,7.5,2,38,2,10.2
"U40876",18,"Female","Business Owner","Android",6.1,6.4,1,5.6,1,28,6,8.7
"U40877",49,"Other","Business Owner","Android",12,7.5,8,7.2,1,19,4,11
"U40878",43,"Other","Student","Android",6,5.5,6,4.8,9,28,5,5.1
"U40879",25,"Other","Business Owner","iOS",7.6,6.1,6,5.6,4,43,1,6.6
"U40880",41,"Male","Freelancer","Android",10,2.1,4,7.5,10,6,0,7.7
"U40881",19,"Male","Business Owner","Android",1.9,5.6,9,4.8,4,45,5,10.8
"U40882",20,"Other","Business Owner","Android",1.1,1.7,4,4.2,2,30,5,10.1
"U40883",24,"Female","Professional","Android",5.2,7.5,8,5.3,3,59,2,3.9
"U40884",22,"Male","Freelancer","iOS",3.5,0.9,3,8.3,3,7,0,9.7
"U40885",23,"Male","Freelancer","iOS",5.3,7.6,9,4.1,5,39,1,4.8
"U40886",32,"Male","Business Owner","Android",9.1,2.6,6,6.9,10,50,3,9.9
"U40887",57,"Male","Student","iOS",8.9,6.4,8,8,2,52,1,6.2
"U40888",24,"Female","Student","Android",2.6,7.7,9,5.7,7,22,4,13.1
"U40889",39,"Male","Professional","Android",2.7,2.1,7,6.3,10,33,3,12.3
"U40890",37,"Other","Student","iOS",11.2,2.2,2,8.4,8,51,0,7.5
"U40891",51,"Other","Freelancer","iOS",10.1,7.4,10,8,9,54,0,6.7
"U40892",18,"Male","Professional","iOS",9.5,7.2,9,4.3,1,28,5,10.4
"U40893",37,"Female","Student","Android",10.7,7.4,7,8.5,9,20,2,10.7
"U40894",36,"Male","Freelancer","Android",2.4,3.5,10,5.7,5,7,0,6.4
"U40895",29,"Male","Freelancer","iOS",2.1,6.2,4,7.7,2,42,3,8.1
"U40896",30,"Other","Professional","iOS",5.1,6.1,7,7.1,7,23,5,12.3
"U40897",44,"Male","Business Owner","Android",6.1,7.4,4,7,3,48,2,10.6
"U40898",34,"Male","Professional","iOS",8,7.3,2,5.1,5,20,0,4.9
"U40899",49,"Other","Professional","iOS",3.6,2.5,10,5.9,10,29,6,10.3
"U40900",57,"Male","Student","Android",8.6,6.5,10,5.1,1,30,5,11.4
"U40901",28,"Female","Business Owner","Android",1.6,7.2,3,4.7,1,46,1,12.8
"U40902",22,"Male","Student","Android",8.6,3.5,6,6.7,3,17,5,4.7
"U40903",34,"Male","Professional","Android",3.5,5.1,2,7.9,7,46,1,11.2
"U40904",55,"Other","Freelancer","iOS",1.5,4.7,10,8.3,9,22,2,7.8
"U40905",56,"Other","Freelancer","iOS",7.6,5.7,6,4.9,7,29,3,11.6
"U40906",18,"Other","Business Owner","Android",2.7,6.4,10,6.3,10,36,6,10.9
"U40907",23,"Other","Freelancer","Android",8.6,2.2,2,7.7,10,54,5,8.6
"U40908",18,"Male","Student","iOS",3.2,4.2,4,7.5,1,24,5,6.8
"U40909",51,"Female","Student","Android",4,1.2,3,8.8,3,26,2,5.1
"U40910",43,"Other","Student","iOS",6.6,4.9,8,8.1,1,34,5,2.2
"U40911",24,"Male","Business Owner","Android",9.4,6.7,9,6.4,5,57,0,10.9
"U40912",42,"Male","Business Owner","iOS",2,4.6,5,4.4,5,52,1,8.9
"U40913",34,"Other","Business Owner","Android",3.1,1,4,8.7,2,26,6,11.8
"U40914",47,"Male","Freelancer","iOS",11.9,2.8,9,8.5,2,44,4,7.6
"U40915",56,"Other","Professional","Android",11.1,1.1,6,6.2,2,51,3,3.1
"U40916",19,"Other","Freelancer","Android",9.6,7.3,5,4.1,8,26,0,3.8
"U40917",37,"Female","Professional","Android",3.4,1.7,2,8.1,1,19,0,4.4
"U40918",58,"Female","Professional","iOS",6.6,5.5,10,4.5,8,43,6,6.2
"U40919",60,"Female","Business Owner","iOS",3.1,1.4,3,5.4,8,32,5,8
"U40920",56,"Female","Freelancer","iOS",2.3,3.6,5,5.6,1,6,4,3.3
"U40921",54,"Other","Freelancer","Android",11.9,7.1,6,5.6,4,51,3,12.1
"U40922",23,"Other","Professional","Android",5.2,2.4,4,8.5,1,30,2,6
"U40923",39,"Female","Freelancer","iOS",10.8,4,1,6.3,9,46,2,7.3
"U40924",48,"Female","Business Owner","Android",10.7,3.5,8,5.9,2,14,2,13.7
"U40925",32,"Other","Business Owner","Android",4.5,6.3,8,4.5,2,54,0,3.3
"U40926",51,"Male","Freelancer","iOS",5.6,7.1,9,7.5,1,10,4,8.1
"U40927",60,"Male","Student","Android",4.1,2.4,1,8.1,10,34,3,7.3
"U40928",19,"Female","Student","iOS",5.6,4.2,8,5.4,1,31,1,3.9
"U40929",42,"Other","Professional","Android",1.4,1.5,10,8,3,24,4,3
"U40930",47,"Male","Freelancer","Android",11.9,3.8,3,5.3,6,45,1,13.1
"U40931",57,"Male","Professional","Android",8.6,3.8,7,4.4,4,10,6,10
"U40932",54,"Female","Business Owner","iOS",2,7.6,3,8.8,1,46,5,10.6
"U40933",42,"Male","Professional","iOS",11,6,3,6.9,6,33,2,9.3
"U40934",47,"Other","Professional","iOS",6.2,1.1,8,8.8,8,34,0,2.6
"U40935",60,"Other","Student","iOS",11,6.4,2,6.8,1,38,5,5.9
"U40936",32,"Male","Professional","Android",6.2,3.2,6,7.3,9,55,3,3.5
"U40937",42,"Other","Professional","iOS",10.8,4.1,7,8.9,2,39,6,2.1
"U40938",46,"Female","Business Owner","Android",6.3,2.4,5,8,9,40,5,13
"U40939",29,"Other","Student","Android",5,2.1,10,6.3,4,13,3,5.8
"U40940",20,"Male","Student","Android",1.7,4.6,7,6.5,5,51,3,10.6
"U40941",55,"Female","Professional","Android",3.3,5,9,4.1,1,59,3,2.9
"U40942",43,"Female","Professional","iOS",1.6,6.5,3,8,1,49,2,12
"U40943",25,"Female","Freelancer","Android",5.5,3.1,1,7.8,9,54,4,5.5
"U40944",20,"Female","Business Owner","Android",10,7.3,3,7.4,1,26,6,7.4
"U40945",29,"Other","Business Owner","iOS",4.6,5.4,1,7.4,5,54,4,4
"U40946",30,"Male","Student","iOS",5.2,5.1,6,8.9,4,55,3,12.5
"U40947",47,"Other","Student","Android",8.2,1,4,5.9,3,38,1,8.9
"U40948",29,"Female","Professional","iOS",6.1,1,6,8.6,6,53,5,5.3
"U40949",45,"Female","Business Owner","iOS",2.5,5,8,8.3,7,10,6,11.9
"U40950",37,"Female","Freelancer","Android",9.2,3,8,6.3,7,10,4,10.1
"U40951",32,"Female","Business Owner","Android",2.1,6.7,2,9,7,59,6,13.9
"U40952",29,"Male","Professional","iOS",9.6,7.3,8,6.1,8,18,1,10.1
"U40953",21,"Female","Professional","iOS",5.7,3.4,5,5.1,4,39,5,2.5
"U40954",41,"Female","Freelancer","Android",1.5,5.3,3,7.5,8,44,1,9.3
"U40955",50,"Male","Professional","Android",9.1,2.2,2,8.6,2,10,2,9.8
"U40956",42,"Female","Freelancer","Android",9.3,0.8,10,5,1,13,4,4.6
"U40957",54,"Female","Professional","Android",6.8,1.7,5,4.8,4,28,1,8.5
"U40958",54,"Female","Professional","iOS",10.1,7.3,6,4.4,5,58,0,10.7
"U40959",46,"Female","Freelancer","Android",10.9,7.7,9,4.6,3,8,1,4.1
"U40960",28,"Other","Business Owner","Android",2.2,6.1,8,5.4,7,28,1,4.4
"U40961",35,"Other","Professional","Android",9.8,2.9,2,4.2,3,10,5,3.1
"U40962",41,"Other","Business Owner","Android",7.2,2.5,3,8.1,7,7,4,12.1
"U40963",57,"Female","Business Owner","Android",7.6,5.7,1,5,7,9,6,6.3
"U40964",48,"Female","Professional","iOS",8.4,3.4,6,7.3,4,47,4,9
"U40965",24,"Male","Freelancer","iOS",4.6,7.1,2,8.5,9,5,4,6
"U40966",60,"Male","Business Owner","Android",7.9,2.4,5,7.6,9,29,1,5.1
"U40967",59,"Male","Freelancer","Android",9.8,4.1,3,7.4,6,23,6,6.3
"U40968",41,"Other","Professional","iOS",5.1,0.8,4,8.1,6,20,4,13.9
"U40969",41,"Female","Freelancer","Android",3.8,1,8,7.1,10,24,0,7.3
"U40970",46,"Female","Student","Android",5.4,4.5,4,8,5,34,3,6.2
"U40971",57,"Other","Business Owner","Android",7.1,3.1,8,6,1,20,1,3.4
"U40972",30,"Female","Professional","iOS",9.5,7,9,6.6,6,59,1,6.6
"U40973",28,"Male","Business Owner","Android",3.9,2.6,2,5.9,6,33,0,6.7
"U40974",49,"Male","Student","Android",11.3,3.3,1,6,8,35,5,12.6
"U40975",47,"Other","Business Owner","iOS",4.4,1.2,1,5.4,9,42,2,12.3
"U40976",18,"Other","Professional","Android",6.8,6.8,5,4.3,5,31,5,4.7
"U40977",25,"Male","Professional","iOS",4.5,6.1,6,8.1,8,8,1,8.2
"U40978",25,"Female","Student","iOS",3.3,1,10,5.2,5,28,4,5.4
"U40979",39,"Other","Freelancer","Android",9.1,2.4,9,5.7,2,28,5,4.1
"U40980",37,"Other","Professional","Android",9.2,7.8,3,5.5,5,5,0,5.8
"U40981",57,"Other","Professional","Android",5.7,5.8,4,8.1,3,5,1,7.3
"U40982",24,"Female","Professional","iOS",4.8,7.9,7,6.4,10,53,1,3.4
"U40983",47,"Male","Business Owner","iOS",2,4.5,1,8.9,8,44,5,5.8
"U40984",49,"Other","Freelancer","iOS",1.9,6.4,7,5.2,5,36,0,13
"U40985",31,"Other","Business Owner","iOS",5.1,1.9,10,6.5,7,5,6,4.1
"U40986",58,"Male","Business Owner","iOS",10.7,6.3,4,5.2,10,43,4,3.7
"U40987",29,"Other","Business Owner","iOS",6.8,4.7,7,8.2,2,24,0,9.3
"U40988",44,"Other","Student","Android",8.7,6.1,4,4.4,6,57,0,5.1
"U40989",18,"Other","Business Owner","Android",9,1.7,9,8.9,5,54,4,7.2
"U40990",55,"Male","Business Owner","iOS",9.1,2.3,4,6.2,5,48,0,3.4
"U40991",45,"Female","Freelancer","iOS",5,6.6,5,7.7,2,42,0,4.7
"U40992",50,"Male","Business Owner","Android",2.6,2.6,5,4.9,7,8,5,9.6
"U40993",39,"Female","Professional","iOS",4,4.5,3,6.8,3,59,3,13.8
"U40994",44,"Male","Professional","Android",7,2.5,7,8.4,4,23,4,11
"U40995",50,"Male","Freelancer","iOS",11.3,2.8,1,6,10,55,4,4.6
"U40996",53,"Other","Professional","Android",8.3,6,5,7.8,2,12,1,7
"U40997",52,"Male","Student","Android",8.1,2,3,6.7,7,5,6,11.7
"U40998",59,"Female","Professional","iOS",3.8,5.6,9,5.6,3,44,2,7.8
"U40999",53,"Male","Freelancer","iOS",5.2,2.6,1,4.5,9,7,3,8
"U41000",44,"Male","Student","iOS",6.4,4.3,2,7.1,1,39,6,7.8
"U41001",22,"Female","Freelancer","Android",6.8,4.1,4,5.4,10,8,4,10.3
"U41002",20,"Other","Professional","Android",12,6.2,1,6.7,3,10,3,6.9
"U41003",51,"Male","Business Owner","Android",6.3,1.4,7,8.7,2,50,3,12
"U41004",39,"Female","Student","Android",2.5,4.2,3,5.4,5,33,0,4.5
"U41005",56,"Male","Professional","Android",7.1,2.5,9,6.6,8,51,5,11
"U41006",48,"Male","Business Owner","iOS",11.8,4.4,6,5.8,10,42,1,3.8
"U41007",30,"Female","Business Owner","iOS",6.1,3.4,7,5.1,7,8,4,7.4
"U41008",40,"Male","Freelancer","iOS",5.8,1,2,6.8,8,9,3,13
"U41009",50,"Male","Freelancer","iOS",10.4,0.5,6,8.9,7,47,4,8.4
"U41010",42,"Female","Business Owner","iOS",1.6,3.9,6,4.6,2,26,2,7.3
"U41011",48,"Male","Student","iOS",7,6.6,8,5.3,8,7,0,10.8
"U41012",55,"Other","Student","iOS",2.9,0.9,8,4.8,6,11,4,8.3
"U41013",36,"Male","Business Owner","iOS",2.1,1.5,9,4.4,5,18,6,4.3
"U41014",31,"Male","Freelancer","Android",11.6,3.2,2,7.2,6,14,2,5.2
"U41015",30,"Male","Student","Android",5.4,5.3,4,6.5,8,11,0,8.3
"U41016",44,"Other","Business Owner","iOS",8.6,1.7,8,5.5,5,39,6,8.6
"U41017",35,"Other","Student","iOS",6.2,4.7,8,7.4,6,51,6,7.7
"U41018",35,"Other","Freelancer","iOS",9,2.5,5,6.5,5,33,6,3.4
"U41019",49,"Female","Student","iOS",3.3,2.7,8,7.9,3,25,1,6.4
"U41020",21,"Male","Freelancer","iOS",8.6,4.4,10,7.9,10,46,5,8
"U41021",28,"Other","Freelancer","iOS",9.1,7.5,9,5.2,2,30,5,11
"U41022",42,"Male","Student","iOS",6.4,4.6,1,7.7,7,18,2,3.7
"U41023",30,"Other","Professional","iOS",2.2,2,1,4.2,10,12,5,6.1
"U41024",27,"Other","Business Owner","iOS",3,6.2,3,4.2,5,30,5,3.2
"U41025",49,"Male","Professional","iOS",7.5,1.4,7,8.5,4,7,4,7.6
"U41026",43,"Female","Freelancer","iOS",6.9,2.6,5,7,8,27,6,7.6
"U41027",49,"Female","Business Owner","Android",4,4.8,8,4.9,4,26,2,13.5
"U41028",60,"Male","Freelancer","iOS",8.9,5.6,4,8.7,9,45,2,5
"U41029",45,"Female","Freelancer","iOS",11.8,4,1,5.7,3,8,5,3.8
"U41030",40,"Other","Professional","Android",10,4.8,5,8.4,7,30,1,12.4
"U41031",56,"Male","Student","iOS",10,7.6,9,7.8,1,16,1,11.7
"U41032",43,"Female","Business Owner","iOS",4.6,4,6,6.1,10,36,5,12.7
"U41033",34,"Other","Student","iOS",7.5,0.5,10,6.4,4,53,6,5.8
"U41034",39,"Other","Professional","Android",1.5,6.4,10,8.9,5,58,6,5.7
"U41035",51,"Other","Freelancer","iOS",11.5,5,8,4.8,4,6,6,6.6
"U41036",46,"Other","Professional","iOS",6.7,5.3,4,7.5,4,45,2,3.1
"U41037",59,"Other","Professional","iOS",2,4,3,5,8,27,2,11.8
"U41038",42,"Other","Freelancer","iOS",10.2,2.2,2,6.8,6,12,4,4.8
"U41039",42,"Female","Student","Android",7.7,7.4,5,6.2,10,39,4,11.5
"U41040",57,"Female","Business Owner","Android",7,2.7,3,6.5,9,30,2,7.8
"U41041",34,"Male","Freelancer","iOS",3.9,4,7,6.5,9,41,5,2.7
"U41042",55,"Other","Professional","Android",7.8,7.1,6,4.6,1,24,1,7.5
"U41043",58,"Male","Business Owner","Android",3,6.9,3,5.9,7,7,6,7.9
"U41044",34,"Male","Student","iOS",11.7,5.5,9,4.2,1,53,1,8
"U41045",46,"Male","Freelancer","iOS",5.7,1.5,4,6.6,2,5,0,11.5
"U41046",23,"Female","Freelancer","Android",5.7,6.7,7,8.8,5,30,3,2.4
"U41047",40,"Other","Freelancer","iOS",9.5,1.2,4,5.3,5,35,5,8.9
"U41048",40,"Female","Business Owner","iOS",6,0.9,8,4.8,9,7,0,7.7
"U41049",58,"Male","Freelancer","Android",5.2,1.2,6,5.7,8,25,2,6.7
"U41050",33,"Other","Business Owner","Android",11.7,1.3,6,7.3,8,31,4,6.8
"U41051",35,"Male","Professional","iOS",11.5,6.7,3,8,6,44,6,3.3
"U41052",46,"Other","Business Owner","iOS",7.6,4.8,9,7.5,1,31,0,9.9
"U41053",34,"Other","Student","Android",1.6,2.8,3,4.3,7,47,3,2.3
"U41054",38,"Female","Business Owner","iOS",6.7,7.5,6,5.5,10,10,0,9.6
"U41055",59,"Other","Professional","Android",2,2.2,4,6,6,35,1,2.8
"U41056",20,"Other","Business Owner","iOS",7.2,6.8,7,8.9,1,27,2,12.5
"U41057",58,"Female","Business Owner","Android",7.4,4.3,6,5.2,9,57,0,13.7
"U41058",26,"Male","Business Owner","iOS",10.9,7.2,5,8.1,10,60,6,4
"U41059",34,"Female","Student","Android",2.7,7.1,6,8.1,6,54,3,12.2
"U41060",19,"Male","Business Owner","iOS",1.3,6,5,8.5,2,44,1,6.7
"U41061",41,"Female","Business Owner","iOS",10.4,5.8,7,6.7,10,20,1,12.7
"U41062",33,"Male","Student","Android",6.8,4,10,4.2,4,57,2,13.3
"U41063",46,"Male","Business Owner","Android",4.2,4.9,7,8.6,7,26,5,11.3
"U41064",49,"Other","Student","Android",4.8,0.9,7,5.8,10,60,2,9.1
"U41065",28,"Male","Professional","iOS",7.7,6.5,1,6.5,10,36,1,12.9
"U41066",56,"Other","Professional","iOS",10.3,2.8,9,6.1,5,6,3,7.1
"U41067",59,"Other","Student","Android",10.5,1,2,5.9,8,23,6,8.8
"U41068",18,"Female","Business Owner","iOS",3.2,5.8,8,7.7,3,13,3,5.2
"U41069",53,"Other","Business Owner","Android",1.8,3.7,7,5.9,2,11,0,3.2
"U41070",35,"Female","Professional","Android",6.9,4.2,7,4,7,11,1,3.3
"U41071",51,"Other","Business Owner","iOS",7.1,4.1,1,5.9,3,34,4,3.9
"U41072",57,"Male","Freelancer","iOS",8.7,7.1,6,7.1,3,52,4,13.2
"U41073",43,"Female","Business Owner","Android",10.3,0.9,4,4.1,6,9,1,10.8
"U41074",38,"Female","Business Owner","iOS",4.3,3.9,10,8.7,3,55,5,11.3
"U41075",32,"Other","Freelancer","iOS",5.5,4.5,2,7.9,8,36,0,11.5
"U41076",59,"Other","Business Owner","Android",9.9,5.4,8,5.5,5,20,3,3.2
"U41077",57,"Other","Freelancer","iOS",6.6,3.8,5,4.3,7,33,2,6.1
"U41078",34,"Female","Student","iOS",1.9,2.9,1,6.7,2,12,5,6.6
"U41079",39,"Other","Student","Android",3.1,1,10,8.9,8,14,5,2.1
"U41080",19,"Female","Student","iOS",7.4,4.4,10,8.3,2,28,5,6.9
"U41081",33,"Female","Professional","Android",10.8,5.7,10,5.5,5,26,4,9.4
"U41082",46,"Other","Student","Android",6.8,4.2,4,5.4,9,58,1,12.5
"U41083",40,"Other","Business Owner","Android",8.3,6.7,2,6.6,3,41,6,2.7
"U41084",35,"Other","Student","iOS",11.4,4.6,2,4.7,6,29,1,6.9
"U41085",53,"Female","Professional","iOS",9.9,1.8,9,5.4,3,21,5,8.3
"U41086",20,"Male","Professional","Android",7.3,7.7,1,5.8,6,33,4,12.3
"U41087",48,"Male","Professional","iOS",6.8,6.5,6,8,10,20,5,10.8
"U41088",51,"Female","Professional","Android",5.9,3.3,5,5.1,8,23,2,6
"U41089",18,"Other","Freelancer","Android",10.1,2.1,2,7.6,7,21,5,4
"U41090",41,"Other","Business Owner","Android",7.9,3.8,3,6.2,6,35,6,4.2
"U41091",32,"Other","Professional","iOS",5.5,4.4,3,7.4,4,16,0,6.9
"U41092",52,"Female","Freelancer","Android",1,6.5,1,6.2,6,22,4,10.6
"U41093",31,"Male","Student","Android",9.2,4,7,5.5,7,34,1,14
"U41094",30,"Other","Professional","iOS",9.2,4.7,5,8.7,8,7,6,5.2
"U41095",52,"Male","Student","iOS",6.6,4.1,7,4.7,7,38,3,6
"U41096",41,"Other","Professional","Android",11.6,6,10,7.2,8,19,1,7.3
"U41097",43,"Other","Professional","Android",4.8,2.2,10,4.6,5,7,2,12.6
"U41098",55,"Female","Business Owner","Android",3.9,7,1,7.5,9,18,2,6.5
"U41099",30,"Male","Professional","iOS",5.4,6.7,2,5.2,7,15,3,9.9
"U41100",29,"Other","Freelancer","Android",10,5.9,10,6.8,8,58,3,11.5
"U41101",56,"Other","Business Owner","iOS",10.9,3.8,1,6.7,10,57,3,5.1
"U41102",25,"Female","Freelancer","iOS",5.3,4.9,6,5.5,7,25,5,2.3
"U41103",33,"Female","Student","Android",1.7,4.9,2,8.8,5,22,6,13.2
"U41104",44,"Female","Student","iOS",6.2,7.6,10,8.7,10,10,0,6.9
"U41105",56,"Female","Professional","Android",11.3,7.2,10,4.4,5,33,3,4.4
"U41106",42,"Other","Business Owner","iOS",11.9,3.1,5,8.7,9,17,6,7.2
"U41107",37,"Male","Professional","iOS",2.9,6.1,7,4.6,2,36,4,2.4
"U41108",51,"Male","Student","Android",7.7,3.4,8,7.6,2,52,5,2.1
"U41109",20,"Male","Student","iOS",10.2,0.6,5,6.4,3,39,6,7.2
"U41110",35,"Other","Student","iOS",2.1,4.1,3,7.2,10,42,4,12.6
"U41111",19,"Female","Student","Android",1.1,3.9,7,7.8,9,11,3,8.1
"U41112",48,"Other","Professional","iOS",1.4,4.1,10,5.3,8,7,6,8.8
"U41113",32,"Male","Business Owner","iOS",9.6,7.3,8,4.1,10,56,3,4.9
"U41114",47,"Female","Student","iOS",8,4.6,9,7.6,2,38,2,9.5
"U41115",31,"Other","Student","iOS",11.4,3.4,3,4.4,7,24,2,2
"U41116",21,"Other","Business Owner","Android",3.6,1.8,5,4.3,3,58,3,6.1
"U41117",35,"Other","Student","Android",1.1,0.8,7,6.6,8,9,2,9.5
"U41118",23,"Other","Student","Android",11.3,3.8,7,4.2,6,51,5,3.7
"U41119",40,"Male","Student","iOS",4.9,3.3,4,4.6,8,31,6,8.5
"U41120",18,"Other","Student","iOS",9.5,2.5,2,7.6,9,24,6,12.6
"U41121",42,"Other","Freelancer","iOS",7.7,1,3,8,8,34,5,2.3
"U41122",31,"Female","Professional","iOS",6.9,5.7,8,7.7,9,52,4,12.8
"U41123",29,"Female","Freelancer","iOS",3.9,4.8,3,7.2,8,45,1,13.9
"U41124",34,"Male","Professional","Android",5.6,5.9,1,6.1,8,32,5,4
"U41125",19,"Female","Student","iOS",1.2,0.5,4,6.5,3,12,0,13.1
"U41126",38,"Other","Business Owner","Android",9.8,7.9,6,5,1,25,4,5.3
"U41127",24,"Male","Professional","iOS",9.6,2.6,10,8.9,3,42,0,2.3
"U41128",20,"Other","Freelancer","Android",10.7,7.8,4,4.5,10,41,2,5.4
"U41129",27,"Male","Student","Android",1.2,6.5,6,8.9,8,9,6,5.2
"U41130",44,"Male","Student","iOS",10.4,7.4,6,8.1,5,7,0,5.7
"U41131",41,"Male","Business Owner","iOS",9,6.3,7,6,1,20,1,9.6
"U41132",51,"Other","Freelancer","Android",11.9,1.6,2,8.7,7,51,0,12.1
"U41133",32,"Female","Freelancer","iOS",7.1,5.4,8,7.2,10,54,3,4.4
"U41134",52,"Female","Student","iOS",5,2,6,5.3,8,36,0,2.2
"U41135",46,"Female","Freelancer","iOS",7.6,3.4,4,5.3,7,30,0,7.4
"U41136",58,"Female","Business Owner","Android",11.1,6.3,8,6.1,8,45,5,10.6
"U41137",55,"Other","Freelancer","iOS",11.3,0.5,6,8.7,2,28,4,3.9
"U41138",45,"Male","Freelancer","Android",2.3,6,5,6.3,1,7,3,5.3
"U41139",31,"Male","Professional","Android",5.6,3.1,5,5.5,8,10,3,6.8
"U41140",30,"Other","Student","iOS",9.4,1.8,2,4.6,3,25,4,8.1
"U41141",36,"Female","Freelancer","Android",9.2,4.6,4,7.7,5,59,1,11.2
"U41142",43,"Other","Business Owner","iOS",7.7,4.9,10,4.5,10,33,3,9.5
"U41143",47,"Female","Freelancer","iOS",3,6.7,5,7.6,6,19,0,4.3
"U41144",35,"Other","Freelancer","Android",9.3,5.8,5,5.4,6,22,4,3
"U41145",59,"Male","Student","Android",7.3,6.2,6,8.3,5,51,3,13.6
"U41146",45,"Male","Professional","Android",4.1,1.6,3,7.3,3,35,0,13.5
"U41147",35,"Female","Professional","Android",11.6,5.4,6,8.4,3,24,1,2.8
"U41148",43,"Male","Student","iOS",5.7,3.7,8,4.5,1,59,5,13.1
"U41149",45,"Other","Freelancer","Android",1.7,4.9,5,4.5,4,5,0,9.5
"U41150",20,"Male","Professional","Android",8.6,6.2,4,8.3,3,15,2,7.7
"U41151",33,"Other","Business Owner","iOS",1.2,5.1,7,4.4,2,48,3,4.3
"U41152",31,"Male","Professional","iOS",4.2,0.9,5,4.5,9,15,5,13.1
"U41153",26,"Male","Student","Android",7.5,3.9,3,5.7,7,57,6,4.6
"U41154",49,"Other","Freelancer","iOS",11.9,0.9,3,8.6,6,33,5,9.5
"U41155",30,"Female","Student","iOS",5.7,6.6,4,8.9,6,46,0,12.7
"U41156",54,"Other","Student","iOS",9.8,7.4,6,4.9,9,44,1,2.8
"U41157",57,"Male","Freelancer","Android",4.9,6.4,6,8.6,2,59,3,6
"U41158",48,"Female","Professional","Android",10.4,6.8,7,7.1,5,37,3,10.3
"U41159",34,"Male","Professional","Android",6.8,5.3,5,4.8,6,26,2,13.8
"U41160",25,"Female","Professional","iOS",6.4,7.2,1,6.6,4,5,5,4.9
"U41161",39,"Female","Business Owner","Android",11.9,2.5,1,6.6,9,13,1,12.3
"U41162",56,"Male","Student","Android",2.1,5.2,10,4.2,2,57,5,8.1
"U41163",27,"Male","Business Owner","iOS",4.9,2,5,6.5,9,27,3,7.9
"U41164",21,"Female","Professional","Android",3.1,6.1,1,6.5,5,40,0,7
"U41165",54,"Other","Business Owner","Android",1.1,4.9,8,8.5,4,26,1,6.3
"U41166",36,"Male","Freelancer","iOS",11.3,4.7,8,4.7,6,48,3,2.8
"U41167",22,"Female","Professional","iOS",2.6,5.3,10,6.2,10,41,4,2.1
"U41168",21,"Male","Freelancer","iOS",10.4,5.8,9,8.8,10,22,6,11.7
"U41169",23,"Female","Student","Android",2.6,6,9,4,9,29,2,9.5
"U41170",19,"Female","Freelancer","iOS",2.7,4.3,8,7.5,7,21,1,11.3
"U41171",29,"Female","Professional","iOS",1.2,1.2,6,5.4,3,9,5,13
"U41172",58,"Male","Business Owner","Android",9.5,0.7,1,8.8,6,51,5,6.4
"U41173",49,"Other","Professional","iOS",5.3,3.9,4,8.4,6,43,5,10.1
"U41174",45,"Other","Professional","Android",3.7,6,7,5.5,9,17,2,2.3
"U41175",20,"Female","Student","Android",7.2,3.2,8,6.4,10,23,3,9.3
"U41176",48,"Female","Student","Android",8.2,5.1,10,8.8,2,39,6,12.4
"U41177",52,"Female","Freelancer","Android",8.4,7,5,5,6,36,3,7.1
"U41178",25,"Female","Professional","Android",10.3,2.1,2,4.6,1,59,4,3.7
"U41179",56,"Male","Student","iOS",4,4.4,1,6.3,2,60,4,3.2
"U41180",38,"Female","Professional","iOS",8.1,2.4,5,6.2,3,6,4,7.4
"U41181",25,"Male","Business Owner","iOS",6.4,2,4,4.5,2,21,1,5.8
"U41182",43,"Female","Freelancer","iOS",10.6,2.2,4,4.5,3,18,0,13
"U41183",37,"Male","Student","Android",1.8,2.5,10,4.7,9,5,1,2.1
"U41184",51,"Male","Student","Android",8.5,6.1,8,7,8,15,4,7.4
"U41185",34,"Other","Freelancer","iOS",2.6,6.4,3,5.1,2,22,0,4.8
"U41186",55,"Male","Freelancer","iOS",9.7,7.3,7,9,9,32,1,2.6
"U41187",47,"Female","Professional","Android",10.6,1.2,9,7.1,2,57,3,5.4
"U41188",48,"Male","Student","Android",4.9,6,7,7.7,3,52,6,2.4
"U41189",54,"Female","Freelancer","Android",11.5,4,10,4.4,10,34,3,9.7
"U41190",58,"Other","Business Owner","Android",5.3,2.6,10,5.5,10,14,2,6.9
"U41191",48,"Female","Freelancer","iOS",9.3,3.5,3,6.6,3,50,0,4.1
"U41192",30,"Other","Freelancer","iOS",10,2.9,10,5,2,37,1,11.3
"U41193",51,"Female","Student","iOS",1.9,3.6,3,5.4,3,18,1,7.4
"U41194",30,"Female","Freelancer","iOS",3.5,0.8,8,6,3,16,1,10.4
"U41195",33,"Other","Freelancer","Android",2.2,2.2,8,4.4,2,15,4,12.1
"U41196",19,"Other","Professional","Android",5.3,3.2,10,8,5,31,4,2.7
"U41197",45,"Female","Freelancer","iOS",2,4.8,1,7,8,9,0,7.3
"U41198",23,"Female","Freelancer","iOS",2.2,5.4,9,6.2,2,17,5,13.5
"U41199",34,"Female","Professional","Android",5.4,5.2,10,7.7,2,55,4,10.8
"U41200",34,"Female","Business Owner","Android",3,0.5,6,5.8,6,27,5,2.4
"U41201",31,"Other","Freelancer","iOS",5.5,2.4,3,7,2,27,0,2.5
"U41202",38,"Other","Student","iOS",2.2,6.4,4,4.7,3,22,0,12.9
"U41203",46,"Male","Freelancer","Android",8.5,6,7,7.8,10,16,0,6.8
"U41204",59,"Male","Student","Android",10.9,0.6,1,7.4,3,50,1,3.9
"U41205",41,"Male","Student","Android",3,5.1,9,8.4,6,21,4,2.5
"U41206",35,"Male","Business Owner","iOS",6.2,4.7,2,4.9,5,10,6,3.4
"U41207",48,"Male","Student","Android",9.8,6,5,9,4,55,1,4.7
"U41208",51,"Female","Freelancer","Android",2.6,2.8,10,6.7,7,29,1,4.7
"U41209",55,"Female","Professional","Android",1.1,7.2,10,6.2,2,31,5,13.8
"U41210",31,"Female","Business Owner","iOS",2.6,4.8,7,7.8,7,19,4,6.2
"U41211",39,"Other","Freelancer","Android",6.7,2.1,3,5.3,2,54,2,12.1
"U41212",19,"Female","Business Owner","Android",5,4.4,2,4.6,10,21,2,10.6
"U41213",40,"Female","Business Owner","iOS",3.2,1.1,5,5.5,3,40,1,13
"U41214",60,"Male","Professional","iOS",3.5,4,8,5.2,5,46,6,6.4
"U41215",59,"Male","Business Owner","Android",6.7,1.3,1,6.4,4,38,0,7.3
"U41216",29,"Other","Business Owner","Android",8.6,7.6,6,4.2,9,43,3,9.7
"U41217",44,"Other","Professional","Android",6.2,7.9,1,4.3,2,18,1,6.8
"U41218",20,"Female","Professional","Android",9.3,4.8,2,8.4,9,7,0,3.7
"U41219",29,"Male","Freelancer","iOS",8.8,2.5,3,8.4,8,41,2,3
"U41220",47,"Female","Professional","Android",4,4.4,3,8.4,3,6,0,7.8
"U41221",19,"Other","Freelancer","Android",7.5,4.1,2,7.7,6,19,3,8
"U41222",43,"Female","Student","Android",7.2,1.6,7,8.6,10,21,5,5.8
"U41223",51,"Male","Professional","Android",1.1,7.9,2,7.8,8,30,2,7.5
"U41224",48,"Other","Student","Android",1.6,1.6,2,8.9,5,58,1,10.5
"U41225",39,"Other","Business Owner","Android",9.2,2,4,8.4,7,17,3,3
"U41226",45,"Male","Professional","Android",9.4,2.5,2,8.5,4,21,1,12.3
"U41227",48,"Other","Business Owner","Android",7.6,5.8,10,8.9,2,23,5,9.9
"U41228",21,"Female","Business Owner","Android",9.6,1.9,4,5.9,2,40,2,10.6
"U41229",48,"Male","Professional","iOS",3.1,6.5,4,7.2,2,27,0,11.9
"U41230",23,"Other","Freelancer","iOS",8.5,3.4,4,7.1,9,8,0,6.3
"U41231",58,"Female","Student","iOS",6.3,7.4,9,7.7,7,10,1,7.5
"U41232",52,"Male","Professional","iOS",8,7.3,10,8.1,10,32,2,12.7
"U41233",25,"Female","Professional","iOS",11.3,2.9,8,8.9,10,46,3,5.8
"U41234",28,"Other","Business Owner","iOS",4.5,2.4,6,6.1,1,32,0,14
"U41235",56,"Female","Student","iOS",2.3,7.8,9,8.6,8,32,4,7.7
"U41236",29,"Other","Business Owner","Android",10.9,1.1,4,7.7,1,31,5,5
"U41237",33,"Other","Professional","iOS",10.4,5.1,2,8.4,5,40,2,3.5
"U41238",43,"Male","Student","Android",7.8,1.5,3,7.3,3,58,2,2.2
"U41239",24,"Male","Business Owner","iOS",5.7,5.9,9,5.2,1,33,5,6.8
"U41240",31,"Female","Freelancer","iOS",3.5,4.9,10,6.6,5,10,2,6.8
"U41241",54,"Other","Freelancer","iOS",3.4,6,7,5.7,9,56,1,5.6
"U41242",25,"Other","Professional","iOS",8.6,7,7,8.2,10,38,5,8
"U41243",26,"Male","Professional","Android",8.1,5.2,1,6.2,9,42,5,11
"U41244",30,"Female","Student","iOS",5.4,5.8,4,5.7,1,43,3,13
"U41245",49,"Male","Freelancer","Android",8.4,2.4,3,4.7,2,22,4,12.9
"U41246",47,"Male","Freelancer","iOS",11.9,1,7,6.4,8,7,2,5.2
"U41247",34,"Other","Professional","iOS",11,6.5,2,8.2,9,42,5,8.4
"U41248",41,"Female","Professional","Android",1.2,5.4,2,8.1,2,50,3,3.5
"U41249",56,"Female","Student","Android",7.2,4.3,3,7.9,9,58,3,9.4
"U41250",59,"Other","Freelancer","Android",4.2,4.1,6,4.3,6,30,4,4.6
"U41251",55,"Male","Student","iOS",4.2,4.9,3,7.3,1,35,1,12
"U41252",51,"Male","Student","Android",3.9,7.7,10,5.6,6,21,3,6
"U41253",37,"Other","Freelancer","Android",6.6,7.5,2,8.6,9,32,5,4.2
"U41254",24,"Male","Professional","iOS",6.2,2.5,9,5.3,10,33,0,4.9
"U41255",31,"Other","Professional","Android",3.1,5,9,4.1,5,44,6,12.8
"U41256",33,"Other","Student","iOS",8.1,2.5,6,5.7,1,39,3,3.7
"U41257",49,"Male","Professional","iOS",5,4.1,3,5.6,9,32,1,11.2
"U41258",44,"Male","Business Owner","iOS",8.2,1.8,3,8.9,8,24,2,6
"U41259",50,"Other","Business Owner","iOS",1.7,5,5,6.8,10,59,5,9.9
"U41260",46,"Female","Freelancer","Android",4.5,7.8,1,7.4,4,55,4,8.4
"U41261",18,"Male","Professional","Android",10.7,6.1,5,7.8,4,11,0,6.6
"U41262",39,"Male","Business Owner","Android",4.2,6.2,5,8.2,2,5,1,2.9
"U41263",50,"Female","Student","iOS",10.7,2.5,6,4.4,4,18,5,8.6
"U41264",18,"Male","Student","Android",2.7,1,10,8.5,3,24,2,5.1
"U41265",49,"Female","Business Owner","iOS",2.2,3.3,2,7.4,2,51,0,11.8
"U41266",55,"Other","Professional","iOS",3.6,7.6,5,8.9,2,14,1,13.1
"U41267",22,"Male","Student","iOS",3,7.2,6,6.8,9,15,4,3.6
"U41268",20,"Other","Student","Android",3,0.7,4,6.6,9,43,5,4
"U41269",58,"Male","Professional","iOS",11.7,1.4,6,4.7,4,48,3,6.8
"U41270",43,"Other","Professional","iOS",8.7,4.7,9,5.6,2,19,0,13
"U41271",59,"Female","Freelancer","iOS",6.3,1.2,8,4.7,3,36,6,9.3
"U41272",41,"Other","Business Owner","iOS",5.1,6.5,5,4.3,8,5,1,5
"U41273",25,"Other","Business Owner","Android",9,7.1,1,5.2,10,31,0,9.8
"U41274",19,"Male","Freelancer","Android",6.3,4.3,9,6,6,12,4,11.9
"U41275",45,"Other","Student","iOS",11.6,4.8,5,8.2,1,35,6,11.1
"U41276",35,"Male","Student","iOS",9.3,0.9,3,5.6,4,54,3,5.9
"U41277",20,"Other","Business Owner","iOS",2.6,6.1,8,7.4,6,34,1,2.1
"U41278",49,"Other","Freelancer","iOS",1.7,5.2,6,5.9,6,60,6,11.6
"U41279",20,"Other","Professional","iOS",3.3,7.9,2,8.5,6,42,2,6.7
"U41280",47,"Other","Business Owner","Android",3,7.1,3,7.7,8,44,6,9.7
"U41281",51,"Female","Professional","Android",7.7,1.5,1,4.6,2,12,1,9.2
"U41282",31,"Female","Professional","iOS",5.8,6.8,7,5.4,9,53,0,9.3
"U41283",52,"Male","Business Owner","iOS",2.4,0.8,2,8,3,39,4,11.5
"U41284",59,"Female","Freelancer","Android",6.6,5.2,10,6.1,5,44,3,11.2
"U41285",37,"Other","Professional","iOS",5.8,6.5,4,7.5,6,40,5,9.4
"U41286",46,"Female","Professional","iOS",2.1,7.5,2,8,9,7,4,2.3
"U41287",51,"Female","Freelancer","Android",10.6,4.5,10,7,4,53,2,10.2
"U41288",35,"Other","Professional","iOS",12,3.1,5,4,10,26,6,2.6
"U41289",50,"Other","Student","iOS",4.9,6.4,8,6.5,4,37,3,4.4
"U41290",30,"Male","Student","iOS",8.8,5.9,1,7.4,1,42,1,10.6
"U41291",18,"Male","Business Owner","Android",9.4,0.8,8,8,8,35,0,7.4
"U41292",32,"Other","Professional","iOS",1.9,4,10,4.7,2,59,2,4
"U41293",34,"Female","Student","iOS",5.3,6.6,6,6.5,1,46,6,8
"U41294",51,"Male","Professional","iOS",11.8,1.5,9,4.7,7,9,1,12
"U41295",40,"Male","Student","iOS",1.5,6.6,2,7.5,6,7,1,2.7
"U41296",47,"Other","Business Owner","iOS",10.2,4.9,3,4.2,3,6,1,10.7
"U41297",31,"Female","Professional","iOS",7.7,4,1,5.7,1,24,4,11.4
"U41298",45,"Male","Business Owner","iOS",2.5,3.8,3,4.5,3,46,2,2.1
"U41299",39,"Female","Student","Android",3.3,4.7,4,7,8,6,6,7.6
"U41300",60,"Other","Business Owner","Android",8.9,2.6,9,8.3,9,41,2,6.1
"U41301",36,"Other","Professional","iOS",7.1,2.2,3,5.1,1,20,1,6.6
"U41302",18,"Female","Freelancer","iOS",9,5.2,2,4,4,18,5,9.2
"U41303",36,"Male","Student","Android",7.6,5.7,8,8.3,6,7,6,5.6
"U41304",34,"Female","Professional","iOS",3.1,2.3,8,7.5,4,13,2,8
"U41305",57,"Other","Business Owner","Android",7.9,1.3,9,4.6,4,21,1,7.6
"U41306",26,"Other","Student","Android",3.4,1.8,7,7.8,6,6,4,5.5
"U41307",48,"Male","Business Owner","Android",3.2,8,8,4.3,3,41,5,8.3
"U41308",29,"Other","Business Owner","Android",4.1,4.1,10,4.2,2,43,2,7.3
"U41309",50,"Male","Student","Android",7,3.1,1,5.2,10,18,3,6.3
"U41310",21,"Male","Freelancer","Android",6.1,4.5,1,6.5,7,42,2,4.5
"U41311",57,"Other","Freelancer","Android",11.3,5.9,3,4.5,5,9,3,13.1
"U41312",18,"Other","Freelancer","iOS",3.5,4.4,4,4.3,9,60,3,5.3
"U41313",30,"Female","Freelancer","Android",10.7,6.1,7,6.2,9,57,0,5.8
"U41314",25,"Male","Freelancer","iOS",10.5,7.7,6,8.3,1,51,0,3
"U41315",46,"Male","Student","iOS",7.5,1.1,3,5.4,3,13,2,10.8
"U41316",53,"Male","Freelancer","Android",7.1,6.4,8,5.9,8,42,5,8.1
"U41317",50,"Other","Business Owner","iOS",9.6,2.5,10,8.2,9,7,2,13.5
"U41318",33,"Male","Student","iOS",10.7,5.4,9,8.1,7,7,6,4.9
"U41319",60,"Female","Business Owner","iOS",10,7.3,4,8.2,9,49,0,9.2
"U41320",42,"Male","Student","iOS",10.9,1.4,5,4.3,5,11,6,8.5
"U41321",34,"Other","Freelancer","Android",8.5,2,4,5.3,7,23,1,7.9
"U41322",33,"Female","Business Owner","Android",1.8,1.8,6,6.2,6,40,0,11.9
"U41323",23,"Male","Freelancer","Android",8.2,5.6,9,4.1,4,19,2,13.3
"U41324",45,"Other","Student","iOS",4.4,3.7,3,4.7,4,37,5,4.2
"U41325",49,"Female","Business Owner","Android",9.2,6.8,4,8.8,9,46,1,11.1
"U41326",51,"Male","Professional","Android",10.6,7.4,2,5,3,31,2,12.5
"U41327",38,"Male","Business Owner","iOS",3.8,5.7,10,4,7,47,0,3.2
"U41328",57,"Male","Business Owner","iOS",8.7,6.5,4,7.5,6,32,0,12
"U41329",50,"Female","Student","Android",11,0.8,8,4.4,9,22,5,6.2
"U41330",35,"Female","Student","Android",2.8,4.5,6,8.7,9,21,1,13.8
"U41331",34,"Male","Business Owner","Android",9.4,6.1,9,5.6,8,43,6,8.3
"U41332",35,"Other","Professional","iOS",4.5,3.1,4,5,2,55,3,3.5
"U41333",20,"Female","Business Owner","Android",7,7.2,7,6.4,3,47,4,6.3
"U41334",53,"Other","Professional","Android",4.5,2.6,6,5.8,9,58,2,10.1
"U41335",53,"Other","Freelancer","iOS",6.5,4.5,7,8.6,8,58,1,13.9
"U41336",60,"Other","Business Owner","iOS",4.6,1.6,10,5.5,2,28,5,13
"U41337",54,"Other","Student","iOS",11.3,5.3,5,6,10,31,4,4.5
"U41338",38,"Other","Student","Android",5.9,0.8,1,7.6,10,18,6,5.6
"U41339",55,"Other","Professional","Android",8.3,5.2,5,8.7,1,23,0,12.9
"U41340",31,"Other","Student","Android",9.4,2.5,9,8,1,39,0,5.7
"U41341",19,"Male","Business Owner","Android",2.6,4.4,4,8.2,5,16,1,6.6
"U41342",30,"Other","Freelancer","iOS",2.3,1.5,1,8.7,6,6,6,12.9
"U41343",29,"Other","Business Owner","Android",8.4,5.3,5,6.6,2,15,4,13.5
"U41344",58,"Other","Business Owner","iOS",3.4,6.8,8,6.2,9,48,2,12.6
"U41345",20,"Other","Business Owner","Android",3.9,5.1,5,8.1,8,45,1,6.5
"U41346",47,"Male","Freelancer","Android",3.3,0.9,10,9,8,53,0,9.3
"U41347",58,"Male","Professional","Android",7.7,5,7,6.7,5,7,0,13.4
"U41348",41,"Male","Professional","iOS",10,7.8,2,5.5,7,24,2,10.8
"U41349",45,"Male","Freelancer","iOS",4.9,3.5,4,5.3,9,16,0,2.5
"U41350",18,"Female","Professional","Android",2.6,7.7,9,8.4,7,29,3,8
"U41351",39,"Other","Freelancer","iOS",8.6,6.2,7,7.9,9,43,2,11.5
"U41352",27,"Other","Professional","iOS",4.3,6.6,7,6,6,51,0,11.7
"U41353",45,"Female","Freelancer","Android",4.4,0.7,10,6,8,12,1,10.4
"U41354",57,"Male","Professional","Android",2.7,1.9,2,5.9,1,10,0,11.3
"U41355",57,"Other","Freelancer","Android",9.6,2.8,4,8.9,6,41,3,8
"U41356",21,"Other","Business Owner","Android",5.6,1.3,10,8.5,5,26,1,9.3
"U41357",25,"Male","Business Owner","iOS",9.1,5,7,7.4,1,5,6,2.2
"U41358",41,"Female","Business Owner","iOS",5.9,7.5,2,5.7,2,8,1,11.2
"U41359",28,"Other","Student","Android",2,2.2,4,7.9,4,14,0,5.8
"U41360",31,"Other","Student","iOS",11.9,7.2,7,5.9,3,17,6,7.7
"U41361",59,"Male","Business Owner","Android",3.1,1.1,4,5.9,5,14,1,8
"U41362",20,"Female","Freelancer","iOS",4.2,3.9,1,5.5,10,42,5,5.8
"U41363",26,"Other","Student","iOS",4.6,4,2,7.3,2,22,3,4.5
"U41364",56,"Male","Student","iOS",6.8,4.1,10,7.5,4,13,0,3.4
"U41365",56,"Other","Business Owner","iOS",4.9,6.5,6,6.8,7,23,3,10.4
"U41366",60,"Other","Business Owner","Android",3,7,8,6.2,1,48,6,6.9
"U41367",57,"Other","Business Owner","Android",2,4,5,5.9,8,58,2,6.9
"U41368",43,"Other","Freelancer","iOS",4.6,3.7,1,7.3,9,45,5,12.4
"U41369",42,"Other","Student","Android",2.7,2.1,5,6.7,2,48,2,9.5
"U41370",30,"Other","Professional","iOS",3.1,3.2,9,8.4,8,39,1,3.8
"U41371",32,"Female","Professional","iOS",10.5,2.5,7,7.4,4,40,1,6.1
"U41372",19,"Other","Professional","iOS",8.2,0.9,7,7,6,26,3,9.9
"U41373",56,"Other","Freelancer","iOS",1.6,3.3,2,6.8,1,32,3,6.6
"U41374",28,"Other","Freelancer","iOS",11.1,3.2,6,5.4,3,35,3,8.9
"U41375",33,"Male","Professional","iOS",6.3,4.6,5,5.4,7,14,3,13.5
"U41376",40,"Female","Freelancer","Android",1.7,5.5,7,7.1,9,37,4,6.6
"U41377",43,"Other","Professional","iOS",2.3,0.5,7,6.7,6,42,3,11.1
"U41378",40,"Other","Professional","Android",9.9,1.2,2,8.1,4,48,3,7.6
"U41379",34,"Male","Professional","Android",4.2,3.5,2,5.6,9,31,0,11.9
"U41380",18,"Female","Student","Android",1.3,3.4,9,7.1,6,8,3,9.5
"U41381",33,"Other","Professional","iOS",3.7,3.6,4,7.3,8,27,4,11.4
"U41382",19,"Female","Student","iOS",6.3,6.8,8,6.3,7,18,1,8.6
"U41383",46,"Male","Student","Android",5.5,5.7,8,4.8,7,60,3,7.9
"U41384",56,"Female","Professional","Android",1.3,2.8,2,8.3,1,39,6,4.5
"U41385",59,"Female","Freelancer","iOS",11.3,5.8,6,6.1,5,8,3,11.8
"U41386",55,"Female","Professional","iOS",7.2,1.9,4,8.7,1,16,5,13.8
"U41387",25,"Female","Freelancer","iOS",10.3,6.5,8,5.4,9,6,6,4.1
"U41388",40,"Female","Freelancer","iOS",4.9,6,6,8.9,10,11,6,8.1
"U41389",35,"Female","Student","Android",9,1.6,3,6.7,1,20,4,13.9
"U41390",21,"Female","Student","Android",10.6,3.5,8,7.2,6,23,3,10.3
"U41391",29,"Male","Business Owner","iOS",2.9,3.3,6,5.3,9,17,5,3.9
"U41392",47,"Male","Student","Android",6,7.8,6,7.6,4,34,0,2
"U41393",31,"Female","Business Owner","Android",2.5,2,10,6.1,10,52,0,13.8
"U41394",28,"Male","Business Owner","Android",4.8,0.8,1,8.4,4,11,0,10.2
"U41395",19,"Male","Freelancer","iOS",8.2,2.2,8,5.9,8,17,2,6.9
"U41396",25,"Male","Business Owner","iOS",10.5,4.1,1,7.3,3,24,2,12.4
"U41397",27,"Female","Student","iOS",10.7,3.9,7,5.2,6,22,6,11.4
"U41398",58,"Male","Business Owner","iOS",10.2,4.6,7,6.1,8,56,2,7.9
"U41399",56,"Female","Professional","iOS",2.4,4.8,6,6.5,9,40,4,11.3
"U41400",40,"Female","Professional","Android",4.2,2.3,4,8.5,4,46,1,9.9
"U41401",31,"Female","Professional","iOS",10.9,2.1,8,5.2,8,40,4,13.9
"U41402",23,"Male","Professional","iOS",9.6,1.4,8,8.5,10,38,0,7.5
"U41403",53,"Female","Business Owner","iOS",9.8,4.2,10,4.4,3,15,6,6.1
"U41404",38,"Other","Freelancer","iOS",8.3,6.6,7,8.6,2,28,2,6.1
"U41405",18,"Female","Student","iOS",2.7,2.8,10,8.2,4,60,6,11.1
"U41406",19,"Male","Freelancer","Android",2.2,6.6,5,4.7,9,14,4,4.2
"U41407",36,"Female","Student","Android",10.6,1.1,1,6.6,4,56,3,6
"U41408",26,"Male","Business Owner","iOS",9.3,3.5,4,5.6,8,29,6,5.7
"U41409",30,"Other","Freelancer","Android",2.9,2.8,5,6,1,16,0,5.1
"U41410",23,"Other","Professional","iOS",11.3,4.6,4,8.6,1,47,1,6.7
"U41411",60,"Male","Student","iOS",7.7,3,7,4.7,8,50,2,8.4
"U41412",52,"Female","Student","iOS",9.8,4.3,7,6.5,10,22,2,7.9
"U41413",26,"Other","Student","Android",7.5,3.4,9,7.6,7,16,5,2.4
"U41414",20,"Other","Freelancer","iOS",2.1,2,9,4.1,4,57,4,4.5
"U41415",42,"Other","Student","Android",5.9,0.9,5,7.2,1,25,4,13.2
"U41416",51,"Male","Professional","iOS",10.3,1.7,6,5.3,9,35,2,2.6
"U41417",26,"Other","Student","Android",11.6,4.8,10,7,8,28,3,7.7
"U41418",21,"Male","Student","iOS",2.2,5.1,10,8.3,9,22,1,10.5
"U41419",37,"Other","Freelancer","iOS",7.6,7.4,6,8.6,2,7,5,11.5
"U41420",51,"Female","Freelancer","iOS",4.4,7,1,7.8,7,51,5,11.9
"U41421",25,"Other","Business Owner","iOS",8.5,1.9,2,5.8,3,48,3,5.5
"U41422",20,"Female","Business Owner","iOS",6.4,2.6,4,8.2,4,30,4,5.4
"U41423",54,"Female","Professional","iOS",5.3,0.9,8,5,6,48,4,10.1
"U41424",33,"Female","Freelancer","Android",1.1,5.5,10,8.8,6,41,3,6.6
"U41425",21,"Male","Student","Android",7.3,1.6,5,7.7,10,40,2,10.3
"U41426",40,"Male","Freelancer","Android",10,5.4,7,4.7,10,35,4,6.2
"U41427",37,"Other","Student","iOS",4.9,1.7,10,6.8,4,35,2,4
"U41428",51,"Other","Professional","Android",10,4.2,1,5.1,3,38,1,4.5
"U41429",36,"Female","Professional","Android",4.9,1.5,4,5.1,8,60,2,8
"U41430",46,"Female","Freelancer","Android",8,2.1,9,5.6,10,27,2,13.4
"U41431",31,"Other","Professional","Android",10.8,7,2,4.2,4,32,2,13.1
"U41432",51,"Other","Business Owner","Android",3,1.4,6,8.3,2,30,1,13.6
"U41433",40,"Male","Student","iOS",9.3,5.1,7,7.6,3,22,1,11.4
"U41434",46,"Other","Student","Android",6.1,2.8,6,8.2,3,56,6,7.7
"U41435",49,"Male","Freelancer","Android",9.6,2.1,1,4.3,1,32,2,2.6
"U41436",56,"Female","Student","Android",9.1,6.9,10,4.5,1,6,2,9.8
"U41437",46,"Female","Student","Android",10.2,7.5,4,8.4,4,47,1,12.8
"U41438",31,"Male","Business Owner","iOS",4.4,3.6,2,4.3,6,34,0,2.3
"U41439",55,"Male","Student","iOS",10.1,3.3,3,7.7,2,56,0,12.8
"U41440",51,"Male","Business Owner","iOS",2.3,0.6,2,7.5,9,48,1,3.7
"U41441",27,"Male","Student","iOS",3.1,1,2,7.8,7,36,5,8.7
"U41442",35,"Male","Professional","Android",2.2,0.6,2,8.2,2,60,1,8.9
"U41443",39,"Female","Freelancer","Android",1.5,5.7,5,6.9,4,42,5,13.5
"U41444",58,"Female","Business Owner","iOS",8.5,1.8,1,6.3,3,49,6,9.4
"U41445",38,"Male","Professional","iOS",1.1,4.3,1,4.3,7,44,4,6.3
"U41446",33,"Female","Business Owner","iOS",10.1,2.9,6,6.9,1,54,3,10.6
"U41447",51,"Other","Freelancer","iOS",5.4,5,10,6.2,5,36,4,6.3
"U41448",24,"Male","Freelancer","iOS",8.9,2.5,1,5.9,2,27,3,8.9
"U41449",41,"Other","Professional","Android",1.4,6.2,4,6,3,47,6,4.5
"U41450",23,"Male","Freelancer","iOS",9.7,3,3,5.3,3,10,3,13
"U41451",52,"Other","Professional","iOS",5,3.9,9,8.4,9,10,3,11.8
"U41452",28,"Female","Student","iOS",4.1,0.9,1,6.1,3,55,3,8.4
"U41453",49,"Other","Business Owner","iOS",3.5,3.8,5,7.1,9,23,2,12.9
"U41454",27,"Other","Professional","iOS",4.9,4,2,5.1,2,30,3,7.8
"U41455",30,"Female","Professional","iOS",5.8,0.9,4,4.8,8,35,6,12.2
"U41456",50,"Male","Freelancer","Android",1.7,5.7,3,6,10,48,0,12.1
"U41457",26,"Female","Freelancer","iOS",1,6.7,6,8.7,3,19,5,12.7
"U41458",45,"Female","Student","iOS",4.3,3.9,5,8.4,7,58,6,8.6
"U41459",35,"Other","Freelancer","Android",8.9,3.3,8,5.7,7,25,3,8.4
"U41460",26,"Other","Professional","Android",7.2,5.1,7,6.1,3,40,1,7.2
"U41461",55,"Female","Business Owner","iOS",7.1,5.4,7,7.2,3,54,3,13
"U41462",40,"Male","Freelancer","iOS",1.7,2,5,8.5,10,44,3,3.1
"U41463",24,"Male","Student","Android",7,0.8,4,6.5,1,35,5,6.5
"U41464",50,"Male","Student","Android",11.8,1.3,9,8.2,8,57,3,13.1
"U41465",39,"Other","Professional","Android",11,2.6,1,5.4,10,19,3,3.7
"U41466",29,"Male","Professional","Android",10.6,1,1,5.8,6,55,3,13.1
"U41467",41,"Other","Business Owner","Android",9.2,2.6,1,4.7,6,28,0,6.2
"U41468",41,"Male","Student","Android",9,7,5,6.8,3,24,1,7.4
"U41469",59,"Female","Student","iOS",4.3,6.3,5,4.6,10,31,3,10.4
"U41470",47,"Other","Freelancer","Android",7.2,6.7,2,7.9,6,49,0,4.3
"U41471",44,"Male","Student","iOS",5.3,2.2,8,8.2,6,37,4,9.4
"U41472",51,"Male","Professional","iOS",9.4,1.5,4,6.6,4,20,0,3.5
"U41473",51,"Female","Freelancer","iOS",8.1,3.2,6,5.7,9,49,6,3.7
"U41474",60,"Male","Professional","Android",4.4,2.8,5,6.1,1,35,3,7.9
"U41475",23,"Male","Freelancer","iOS",6.5,7.9,6,4.5,1,40,1,2.2
"U41476",39,"Female","Student","Android",6.1,6.6,6,8,8,12,2,11.9
"U41477",39,"Female","Business Owner","Android",4.9,2.9,2,8.8,3,49,3,10.6
"U41478",55,"Female","Business Owner","Android",6.8,1.6,8,6.9,8,23,0,3.5
"U41479",20,"Other","Business Owner","Android",11,4.2,10,5.2,10,29,3,4.7
"U41480",33,"Female","Student","Android",6.2,0.5,3,4.3,9,25,6,9.3
"U41481",21,"Male","Freelancer","iOS",5,3.6,1,6.4,1,59,2,12.6
"U41482",50,"Other","Freelancer","iOS",11.1,7.8,4,4.5,7,11,4,11.7
"U41483",25,"Male","Professional","iOS",6.6,6,6,8.6,6,49,6,9.4
"U41484",54,"Male","Student","Android",7.6,2.5,6,4.4,7,33,5,9.7
"U41485",45,"Male","Student","Android",7.3,6.7,7,4.2,10,9,1,5
"U41486",57,"Male","Freelancer","Android",10.1,6.9,8,5.5,6,8,2,2.9
"U41487",39,"Male","Student","Android",5.1,3.5,6,5.8,1,40,6,7
"U41488",37,"Male","Business Owner","Android",5.6,0.8,3,4.6,4,10,0,12.4
"U41489",34,"Male","Freelancer","iOS",7.9,1.4,4,4,8,5,3,13.3
"U41490",50,"Male","Professional","iOS",1.1,6.5,5,8.6,4,46,1,13.6
"U41491",47,"Other","Student","Android",1.4,3.4,4,7.9,2,58,1,2.1
"U41492",42,"Other","Student","iOS",8.2,2.8,10,8.8,2,22,4,7.7
"U41493",24,"Other","Freelancer","Android",3.5,6.7,6,4.3,7,47,4,6.2
"U41494",39,"Female","Student","iOS",9.9,2.7,4,6.5,8,60,0,10.6
"U41495",18,"Other","Business Owner","Android",7.7,5.2,3,4.1,2,29,0,5.8
"U41496",36,"Other","Freelancer","Android",7.3,3.8,4,5.6,10,52,0,9.6
"U41497",50,"Other","Professional","iOS",5.6,5.5,8,5.1,7,59,2,3.7
"U41498",53,"Male","Professional","iOS",10.6,2.7,5,9,9,42,3,9.4
"U41499",36,"Other","Business Owner","Android",3.6,6.7,3,6.6,1,7,6,8.3
"U41500",55,"Female","Business Owner","iOS",8.3,3,9,7.2,2,48,1,4.5
"U41501",25,"Female","Professional","iOS",7.7,3.4,10,7.6,2,25,1,10.5
"U41502",38,"Male","Student","iOS",2.7,6.9,6,5.9,1,5,2,13
"U41503",19,"Female","Freelancer","Android",6.9,1.5,1,6.3,4,45,6,10.9
"U41504",50,"Male","Business Owner","iOS",8.7,3.9,7,4.6,5,21,5,6.6
"U41505",54,"Other","Business Owner","iOS",10.6,7.6,4,8.9,8,29,5,8.1
"U41506",26,"Female","Professional","Android",8.8,6.9,10,6,10,31,4,11.7
"U41507",59,"Male","Professional","Android",5.1,4.3,7,8.1,1,6,1,2.7
"U41508",34,"Other","Freelancer","Android",9.8,3.9,3,6,10,21,6,10.3
"U41509",36,"Other","Professional","iOS",5.9,0.5,10,5.7,4,17,6,6.6
"U41510",44,"Female","Freelancer","Android",11.7,2.7,1,6.5,8,40,1,13.5
"U41511",36,"Female","Student","Android",1.8,2.3,2,4.2,10,19,1,10.4
"U41512",20,"Male","Business Owner","iOS",9.3,2.1,8,6,2,49,5,12.3
"U41513",33,"Female","Freelancer","Android",11.8,6,6,5.7,2,40,2,3.6
"U41514",39,"Male","Business Owner","iOS",9.6,1.7,8,5.4,10,5,0,2.5
"U41515",19,"Female","Business Owner","Android",8,1.6,10,8.5,8,45,1,11.7
"U41516",46,"Other","Student","Android",6.9,0.7,7,8.6,10,59,4,3.8
"U41517",44,"Female","Professional","Android",8.3,1.6,5,4.6,2,47,3,3
"U41518",56,"Other","Student","iOS",1.1,7.7,5,7.9,1,29,2,5.2
"U41519",41,"Other","Professional","Android",3.1,7,8,8.5,10,7,2,11.1
"U41520",40,"Other","Business Owner","Android",4.7,4,7,5.8,10,37,1,6.4
"U41521",40,"Other","Freelancer","Android",4.1,5.1,4,8.5,7,9,4,4.1
"U41522",56,"Female","Professional","iOS",10.9,5.3,10,5.4,6,55,3,12.1
"U41523",31,"Female","Professional","Android",6.3,6.8,8,8.8,7,35,3,10.6
"U41524",41,"Other","Business Owner","iOS",6.4,1.9,6,4.2,7,9,0,11.4
"U41525",39,"Male","Student","iOS",1.6,6.1,7,6.2,4,18,1,6.9
"U41526",50,"Other","Student","iOS",6.3,4.1,8,6.5,4,16,3,10.6
"U41527",50,"Female","Professional","iOS",3.1,1,9,4.2,2,47,4,8.6
"U41528",22,"Other","Freelancer","iOS",6.3,4.7,8,7.2,8,19,2,10.8
"U41529",21,"Other","Professional","iOS",9.7,6.5,10,4.6,8,52,2,5.6
"U41530",50,"Other","Professional","iOS",11.8,4.5,6,4.7,6,44,6,5.1
"U41531",26,"Male","Business Owner","Android",3.8,7.3,8,7.9,10,36,3,10.7
"U41532",60,"Other","Student","Android",5.6,5.7,3,8.8,5,42,6,13.7
"U41533",27,"Male","Freelancer","iOS",11.1,7,3,8,7,49,2,12.9
"U41534",46,"Female","Professional","iOS",2.4,7,6,7.4,6,34,0,7.2
"U41535",46,"Male","Student","Android",3.1,3.6,5,4.3,3,38,3,10.9
"U41536",39,"Other","Business Owner","iOS",7.8,2.3,9,8.4,2,54,6,8.6
"U41537",37,"Female","Freelancer","Android",5.7,6.8,9,8.2,8,49,6,12.1
"U41538",46,"Male","Professional","iOS",6.7,5.4,3,8.1,8,37,4,4.2
"U41539",46,"Female","Business Owner","iOS",2.4,6.9,2,4.6,3,44,4,7.3
"U41540",58,"Male","Business Owner","iOS",2.7,1.1,9,5.8,9,27,3,2.4
"U41541",49,"Female","Student","iOS",9.4,6.4,10,7.8,3,17,3,3.2
"U41542",49,"Female","Freelancer","iOS",4.1,4.6,9,7.3,4,12,5,5.9
"U41543",35,"Female","Student","Android",2.5,6.2,2,8,10,10,6,2.9
"U41544",41,"Other","Professional","Android",5.6,2.6,6,7.9,7,20,3,2.2
"U41545",54,"Male","Business Owner","iOS",4.8,0.8,8,4.8,10,9,1,5.1
"U41546",29,"Other","Student","iOS",7.6,0.8,10,4.9,8,55,4,3.9
"U41547",41,"Male","Professional","Android",6.3,4.2,5,4.2,3,40,1,8.2
"U41548",36,"Male","Professional","iOS",7.2,7.9,2,5.3,8,31,6,10
"U41549",25,"Other","Business Owner","iOS",5.9,6.1,2,6.8,9,12,4,5.5
"U41550",26,"Other","Professional","iOS",8.4,5.7,1,4.2,5,59,0,6.6
"U41551",31,"Male","Business Owner","Android",7.6,2.7,4,7.2,4,19,4,3.8
"U41552",50,"Male","Professional","Android",3.5,4,9,5.9,1,37,5,6
"U41553",46,"Female","Business Owner","iOS",5.3,6.1,7,8.7,2,6,1,3
"U41554",27,"Other","Freelancer","Android",7.2,2.5,9,5.6,5,8,6,4
"U41555",36,"Other","Professional","iOS",12,4.7,9,4.9,6,53,3,4.5
"U41556",55,"Other","Freelancer","Android",10.9,1.6,9,6.7,8,18,4,9.9
"U41557",33,"Male","Freelancer","iOS",2,7.3,9,6.6,1,38,6,2.4
"U41558",48,"Female","Business Owner","iOS",2.9,7.7,8,5.3,1,28,4,6
"U41559",56,"Female","Business Owner","iOS",2.9,3.1,6,5.4,8,28,0,11.2
"U41560",48,"Female","Student","iOS",9.3,4.9,9,8.8,8,32,4,13
"U41561",57,"Female","Professional","Android",6.6,6,6,5.6,8,45,2,9.4
"U41562",20,"Male","Professional","iOS",9.7,3.1,4,5,4,43,6,5.9
"U41563",19,"Male","Student","Android",6.8,3.9,9,6.4,4,38,2,10
"U41564",49,"Other","Freelancer","Android",6.9,2.2,1,4.2,1,56,3,11.9
"U41565",21,"Other","Student","Android",4.6,0.8,1,6.5,2,29,5,11.3
"U41566",36,"Male","Freelancer","Android",8.3,7.1,5,6.2,2,40,6,13.7
"U41567",39,"Female","Freelancer","iOS",10.7,2.9,3,4.9,7,9,4,12.2
"U41568",41,"Other","Student","Android",8.4,2,2,7.7,2,16,6,8
"U41569",56,"Male","Professional","Android",7.5,6,10,7.5,9,60,1,3.7
"U41570",36,"Female","Business Owner","Android",1.5,1,8,8.4,4,55,6,5.7
"U41571",53,"Female","Freelancer","iOS",10.9,2.9,5,7.5,2,33,1,9.4
"U41572",37,"Female","Student","iOS",3.2,4.6,8,7.3,9,25,5,9
"U41573",54,"Other","Professional","Android",7.8,0.5,5,5.2,7,6,4,3.5
"U41574",44,"Female","Professional","Android",5.8,2.7,6,8.7,6,41,6,7.4
"U41575",47,"Male","Freelancer","Android",2.9,5,4,7.9,9,51,0,3.3
"U41576",34,"Other","Professional","Android",10.5,6.9,10,5,4,24,5,8.5
"U41577",24,"Male","Freelancer","iOS",4.9,7.7,8,8.1,9,26,0,4.2
"U41578",45,"Other","Business Owner","Android",2.1,1.7,9,4.2,5,53,1,10.2
"U41579",45,"Female","Professional","Android",10.7,4.9,3,4.9,3,58,6,12.7
"U41580",26,"Male","Student","iOS",10.1,5.9,6,4.9,5,42,2,6.2
"U41581",30,"Female","Business Owner","iOS",11.5,4.2,1,5,4,48,3,3.2
"U41582",54,"Other","Freelancer","Android",3.1,7,6,4.1,9,50,4,5.6
"U41583",39,"Other","Professional","iOS",1.6,3.6,7,4.3,9,33,6,2.6
"U41584",44,"Other","Freelancer","Android",3.3,1.1,3,5.7,6,48,4,4.4
"U41585",60,"Other","Student","Android",10.4,5.4,4,6,3,53,5,13.7
"U41586",49,"Male","Professional","Android",2.3,7.5,2,8.2,2,14,0,8.9
"U41587",25,"Female","Business Owner","Android",7.3,1.3,8,5.4,9,25,1,7.7
"U41588",27,"Other","Business Owner","Android",11.9,3.3,6,4.1,2,15,6,2.7
"U41589",39,"Male","Business Owner","iOS",5.5,4.5,9,7.2,2,47,4,3.8
"U41590",41,"Other","Business Owner","iOS",6.3,3.3,2,5.1,10,33,4,13.6
"U41591",55,"Other","Freelancer","Android",10.2,1.5,8,4.2,3,5,3,12.1
"U41592",32,"Male","Freelancer","iOS",6.3,7.3,3,4.4,1,30,0,8.7
"U41593",39,"Female","Student","iOS",2.5,5.6,3,5,2,34,4,3.4
"U41594",19,"Male","Professional","Android",8.9,5.7,8,4.8,5,27,4,10.3
"U41595",28,"Female","Professional","iOS",5.7,2.2,10,8.3,9,37,0,8.6
"U41596",46,"Male","Business Owner","iOS",1.2,2.1,3,8.9,2,23,3,10
"U41597",45,"Male","Business Owner","Android",10.7,4.4,1,8.2,4,58,1,2.1
"U41598",46,"Female","Business Owner","Android",1.7,7.7,8,4.9,3,28,6,10.2
"U41599",34,"Male","Freelancer","iOS",7.7,3.7,9,5.9,6,33,5,2.5
"U41600",57,"Female","Professional","Android",5.5,3.3,9,7.5,8,35,2,5.2
"U41601",19,"Other","Freelancer","iOS",3.9,1.2,1,4.6,3,51,5,6.5
"U41602",42,"Male","Freelancer","Android",9.9,4,10,6.1,3,45,6,11.9
"U41603",37,"Other","Professional","iOS",8.8,1.7,5,6,10,43,2,7.2
"U41604",25,"Male","Business Owner","Android",5.9,3.2,3,8.2,3,17,5,7.8
"U41605",27,"Female","Professional","iOS",5.9,5.6,10,6.3,2,9,4,2.7
"U41606",27,"Male","Student","iOS",5.8,7.9,3,4.8,3,59,5,3.6
"U41607",49,"Other","Freelancer","Android",7.5,2.5,8,5.5,8,60,6,6.6
"U41608",27,"Female","Freelancer","iOS",10.5,4.4,1,6.2,6,32,5,13.3
"U41609",48,"Male","Professional","iOS",10.7,2.9,7,5.6,1,51,3,5.6
"U41610",43,"Female","Freelancer","iOS",3.9,1.6,5,6.5,3,41,3,13.9
"U41611",41,"Male","Professional","iOS",11.4,3.7,6,8,7,47,2,11.1
"U41612",30,"Female","Student","iOS",7,5,8,8.8,2,53,3,13.1
"U41613",22,"Other","Freelancer","iOS",4.9,3.3,3,4.1,3,18,3,4.8
"U41614",36,"Male","Student","Android",1.7,2.2,4,8.3,2,36,5,7.3
"U41615",41,"Male","Business Owner","Android",11.3,7.7,3,4.6,5,13,4,3.7
"U41616",25,"Other","Student","Android",6.7,3.8,7,8.1,5,31,4,10.6
"U41617",58,"Male","Student","Android",7.3,1.3,3,8.3,3,11,2,10.3
"U41618",30,"Female","Business Owner","iOS",4,3.1,2,7.4,6,11,6,11.7
"U41619",35,"Other","Student","Android",5.6,2.2,1,7.4,8,47,6,13.3
"U41620",24,"Male","Professional","Android",4.9,4.5,7,5.7,6,60,2,5.6
"U41621",49,"Female","Professional","Android",3.1,4.1,7,9,7,40,0,5.1
"U41622",58,"Other","Professional","Android",6.8,3.2,6,5,9,32,4,2
"U41623",21,"Male","Professional","Android",9,5.2,8,6.3,2,8,6,7.4
"U41624",21,"Male","Student","Android",5.5,1.5,3,7.5,2,30,1,4.9
"U41625",39,"Female","Freelancer","Android",6.7,4.5,9,7.5,4,44,1,7.6
"U41626",36,"Male","Professional","Android",9.6,3.7,9,6.7,8,54,4,13.8
"U41627",41,"Female","Business Owner","Android",8.9,0.9,1,6.6,10,20,1,5.5
"U41628",39,"Other","Student","iOS",9.8,1.6,8,6.8,7,45,3,7.4
"U41629",53,"Female","Professional","Android",9.3,8,5,8.6,2,6,1,6.5
"U41630",33,"Male","Student","iOS",9.1,2.8,10,7.1,1,30,2,12.3
"U41631",36,"Male","Business Owner","iOS",3.7,2.5,8,5.8,6,20,1,13.6
"U41632",40,"Female","Freelancer","iOS",2.3,7.4,10,6.8,8,37,1,10.1
"U41633",40,"Female","Professional","Android",8.7,4.1,10,4.8,5,52,1,12.8
"U41634",57,"Other","Business Owner","Android",1.3,3.9,2,6.4,4,43,1,12.8
"U41635",39,"Other","Professional","Android",11.7,7.4,2,8.4,8,31,2,13.8
"U41636",41,"Male","Professional","Android",10.1,4.2,2,5.5,9,15,6,11
"U41637",45,"Female","Student","Android",9.1,3.9,6,5.6,8,8,0,10.5
"U41638",29,"Female","Business Owner","Android",3.4,7.1,9,8.1,7,30,5,12
"U41639",25,"Male","Student","iOS",6.7,3.5,1,6.8,6,53,5,10
"U41640",45,"Male","Business Owner","Android",4.9,2.4,4,8.8,5,16,6,8.1
"U41641",53,"Male","Freelancer","Android",11.6,4.8,10,4.4,6,29,3,10.3
"U41642",60,"Other","Professional","iOS",6.6,5.9,8,4.6,6,30,4,5.5
"U41643",31,"Male","Professional","Android",8,5.5,6,4,2,9,5,7.2
"U41644",31,"Other","Professional","Android",5.6,5,10,6,1,15,6,2.1
"U41645",41,"Other","Business Owner","Android",2.5,3.5,3,4.6,5,48,0,3.6
"U41646",60,"Female","Professional","Android",1,5.9,1,7.9,9,14,1,8.8
"U41647",48,"Female","Professional","iOS",6.9,4.1,5,4.8,8,60,1,2.8
"U41648",44,"Other","Freelancer","iOS",4,6.7,4,7.7,4,14,4,3
"U41649",44,"Female","Student","Android",11.9,7.9,1,9,1,60,2,8.3
"U41650",50,"Male","Professional","Android",3.4,4.4,7,5.9,5,31,2,8.3
"U41651",21,"Female","Business Owner","Android",2.3,5.8,4,7.4,5,24,0,11
"U41652",53,"Female","Professional","Android",11.6,5.2,7,7.2,10,50,1,4.3
"U41653",57,"Female","Business Owner","iOS",6.2,0.7,6,5.4,9,40,6,8.3
"U41654",40,"Male","Business Owner","Android",10.9,2.9,1,6.2,1,31,4,6.9
"U41655",18,"Male","Student","Android",7.1,4,8,5.2,6,8,0,2.6
"U41656",37,"Female","Professional","Android",3.6,4.6,7,6.9,5,33,0,7.2
"U41657",55,"Female","Student","iOS",4.9,7,4,7.4,1,27,0,9.6
"U41658",23,"Other","Professional","Android",9.6,4.5,4,7.7,4,8,1,6.4
"U41659",19,"Other","Freelancer","iOS",2.5,1.4,9,8.6,6,48,5,4.9
"U41660",50,"Female","Freelancer","Android",6.1,7.1,4,8.9,5,11,3,5.7
"U41661",44,"Other","Professional","Android",1.5,1.7,3,5.6,6,6,1,9.7
"U41662",21,"Other","Student","Android",11.8,2.2,3,7,6,36,2,7.3
"U41663",36,"Female","Freelancer","iOS",6.8,3.3,3,8,10,38,4,5.7
"U41664",30,"Male","Business Owner","iOS",8.2,7.3,1,7.7,2,51,0,4.2
"U41665",23,"Male","Professional","iOS",3.8,6.2,4,8.7,10,60,1,9.7
"U41666",48,"Female","Business Owner","Android",3.7,7.1,1,8.5,8,5,0,6.2
"U41667",23,"Male","Freelancer","Android",7.2,7.4,8,8,7,8,1,11
"U41668",41,"Male","Business Owner","Android",2.3,1.6,9,5.1,8,47,5,6.1
"U41669",39,"Female","Business Owner","iOS",5.5,1.4,1,5.1,3,39,5,5
"U41670",48,"Other","Student","Android",7.7,3.3,8,6.3,4,11,1,12.5
"U41671",53,"Other","Freelancer","iOS",3.9,3,2,8.1,6,30,3,8.3
"U41672",38,"Male","Student","Android",6.7,1.5,9,4.2,10,37,1,4.8
"U41673",28,"Male","Professional","iOS",3.4,6.4,4,8.8,6,21,0,7.6
"U41674",23,"Male","Business Owner","Android",6.6,5,5,6.5,6,9,4,5.8
"U41675",58,"Other","Professional","Android",3.2,3.3,3,8.6,2,31,1,9.8
"U41676",55,"Female","Professional","Android",10.3,6.4,3,8.7,1,59,3,4.5
"U41677",47,"Female","Professional","iOS",9.9,5.4,8,5.3,1,55,2,13.7
"U41678",55,"Female","Professional","Android",11.7,6.8,8,5.4,9,53,6,8.9
"U41679",32,"Female","Freelancer","Android",10.8,4.7,1,7.5,4,56,4,12
"U41680",32,"Female","Professional","Android",5.6,1.5,3,7.1,6,30,4,4.4
"U41681",43,"Male","Student","Android",11.5,7.7,4,4.8,1,31,5,9.9
"U41682",53,"Female","Freelancer","Android",10.3,2.8,2,4.2,4,59,5,4.7
"U41683",42,"Female","Freelancer","Android",7.7,3,8,9,10,41,5,12.8
"U41684",20,"Male","Student","iOS",2,1.5,9,4.3,8,54,1,9
"U41685",57,"Male","Student","iOS",8.9,6.2,1,6.4,5,56,6,9.1
"U41686",33,"Male","Freelancer","iOS",5.4,3,5,5.8,9,5,1,3.1
"U41687",22,"Other","Freelancer","Android",2.7,4,5,4.3,3,51,3,9.7
"U41688",60,"Male","Professional","iOS",8.4,4.2,8,7.4,1,50,5,11.8
"U41689",44,"Male","Freelancer","iOS",8.6,0.8,8,4.9,8,41,5,3.1
"U41690",20,"Female","Professional","iOS",7.8,2.5,4,4.9,6,53,6,3.5
"U41691",51,"Other","Freelancer","iOS",8.8,3.4,3,8.5,8,11,6,8.9
"U41692",54,"Other","Business Owner","iOS",10,4.6,4,8.9,6,40,6,7
"U41693",51,"Female","Student","Android",8.2,7.9,6,6.3,4,14,1,9.5
"U41694",50,"Female","Freelancer","Android",9.5,4.5,7,8.4,8,45,3,3.1
"U41695",52,"Other","Business Owner","iOS",2.6,5.9,10,8.4,3,46,5,6.5
"U41696",40,"Male","Freelancer","Android",8.5,5,9,8.9,5,57,4,4
"U41697",59,"Male","Professional","Android",10.9,4.2,9,8.9,7,28,1,6.4
"U41698",19,"Male","Business Owner","iOS",8.1,1,2,4.3,6,5,1,2.8
"U41699",23,"Male","Professional","iOS",4.2,4.1,1,6.2,7,32,6,2.9
"U41700",20,"Female","Business Owner","Android",9.9,4.1,3,8.2,7,34,4,12.8
"U41701",41,"Male","Business Owner","Android",2,5.7,3,5.6,10,54,5,7.7
"U41702",41,"Male","Professional","Android",7.1,0.9,1,6.8,1,48,2,7.7
"U41703",53,"Other","Business Owner","Android",6.9,3.3,7,8.8,2,59,5,8.5
"U41704",30,"Female","Freelancer","iOS",3.5,3.4,3,8.1,1,35,5,10.2
"U41705",56,"Male","Student","Android",10.2,6.9,5,7.7,10,28,4,6.4
"U41706",23,"Male","Business Owner","iOS",11.9,8,6,4.3,5,58,5,11.7
"U41707",23,"Female","Business Owner","iOS",3.5,2.4,8,5.1,6,54,3,12.9
"U41708",24,"Female","Freelancer","iOS",6.9,6.9,9,6.5,2,22,3,8.1
"U41709",41,"Male","Professional","iOS",5.2,1.2,1,6,9,30,4,12.7
"U41710",31,"Female","Business Owner","Android",9.5,1.8,2,9,3,36,5,5.3
"U41711",29,"Male","Professional","Android",10,3.1,1,7.5,2,42,0,9.7
"U41712",20,"Other","Professional","Android",9.1,4.1,1,8.3,3,44,3,11.3
"U41713",28,"Female","Student","iOS",9.5,6.5,9,6,7,47,4,10
"U41714",43,"Other","Professional","Android",4.6,6.7,5,5.3,10,10,1,8.9
"U41715",36,"Female","Business Owner","iOS",4.4,3.9,6,4.5,8,35,0,11.5
"U41716",21,"Male","Student","Android",2.4,5.1,1,6.1,1,7,1,12.7
"U41717",20,"Male","Freelancer","Android",3.7,7.5,3,4.3,9,8,5,13.4
"U41718",57,"Male","Freelancer","iOS",3.3,4.1,8,6.9,10,32,4,12.2
"U41719",30,"Female","Freelancer","Android",11.3,4.2,3,4.9,8,50,6,13.1
"U41720",33,"Female","Freelancer","Android",4.5,7.8,3,5.8,7,42,0,2.4
"U41721",31,"Male","Freelancer","iOS",5.5,3.3,4,6,10,54,0,13
"U41722",54,"Female","Student","iOS",10.8,4.2,9,4.9,7,50,0,11.3
"U41723",45,"Female","Freelancer","iOS",2,4.8,6,4.6,9,35,1,2.9
"U41724",33,"Male","Student","iOS",11.9,1.6,4,5.3,2,49,4,6.2
"U41725",49,"Other","Student","iOS",4.5,3.8,10,6.9,8,23,4,3.8
"U41726",55,"Other","Business Owner","Android",10.5,7.6,7,6.4,9,49,4,10.1
"U41727",20,"Male","Business Owner","Android",6.6,6.6,9,7.6,6,31,2,10.9
"U41728",29,"Male","Business Owner","iOS",6.3,2.5,8,7.7,2,7,6,12.8
"U41729",18,"Other","Professional","Android",1,3,2,4.6,8,41,3,10.9
"U41730",60,"Male","Student","iOS",6,4.1,9,7.3,1,25,6,4.3
"U41731",60,"Male","Freelancer","Android",3.7,0.6,4,8.3,10,50,6,3.3
"U41732",33,"Other","Student","iOS",8.9,1.7,2,6.1,5,45,6,2.1
"U41733",52,"Female","Freelancer","Android",6,7.4,10,7.8,2,22,3,6.7
"U41734",53,"Other","Freelancer","Android",3.1,7.7,7,7.7,1,10,4,11.5
"U41735",58,"Other","Freelancer","Android",7.4,6,4,7.2,3,21,4,3.9
"U41736",46,"Other","Professional","Android",7.3,4.7,1,7.9,5,18,6,12.2
"U41737",51,"Other","Student","Android",7.7,2.8,7,8.7,5,60,5,4.1
"U41738",28,"Female","Professional","Android",6.8,4.6,6,4.9,5,11,3,4.4
"U41739",59,"Female","Professional","Android",2.7,5.2,1,6.2,2,14,4,5.5
"U41740",22,"Male","Business Owner","iOS",5.2,2,10,5.1,8,41,0,6.7
"U41741",53,"Male","Professional","Android",8.3,3.2,7,6.9,5,59,0,8.7
"U41742",52,"Other","Student","iOS",7.5,4,8,4.5,9,24,1,10.1
"U41743",57,"Male","Professional","Android",8.1,4.9,7,7.3,8,21,6,12.8
"U41744",31,"Male","Freelancer","Android",7.7,5.3,1,5.9,5,26,4,8.9
"U41745",51,"Female","Freelancer","iOS",2.8,6,10,6.1,10,55,3,5.2
"U41746",37,"Other","Business Owner","iOS",10.5,2.1,1,5.3,8,57,0,7.2
"U41747",36,"Female","Freelancer","iOS",6.6,6,8,6.2,3,26,0,2.6
"U41748",46,"Female","Professional","Android",8.1,7.3,10,5.7,8,10,2,3.8
"U41749",51,"Other","Student","Android",11.2,5.7,7,5.5,6,29,0,4
"U41750",24,"Female","Freelancer","Android",5.7,4.9,1,6.1,4,43,5,7.5
"U41751",44,"Female","Professional","Android",11.5,6.3,4,7.4,9,23,5,12.5
"U41752",46,"Male","Student","Android",2.2,4.9,9,5.6,7,31,6,9.3
"U41753",45,"Male","Business Owner","Android",6.1,0.6,3,7.6,10,44,0,6.5
"U41754",43,"Male","Freelancer","iOS",5.2,2.9,1,8.8,8,20,2,10.6
"U41755",33,"Male","Professional","iOS",8.5,5.9,3,8.9,5,44,0,11.3
"U41756",35,"Other","Student","iOS",4,6.5,3,5.7,6,59,0,7.4
"U41757",26,"Male","Freelancer","Android",10.1,6.5,4,4.7,4,50,3,11.6
"U41758",18,"Other","Professional","Android",9.1,4.5,5,7.1,6,37,0,7
"U41759",52,"Male","Student","Android",5.4,0.8,2,5,7,49,3,10.6
"U41760",32,"Male","Student","iOS",9.4,2.9,1,6.4,3,33,0,13.7
"U41761",37,"Other","Student","Android",1.5,0.8,8,4.3,7,32,1,3.3
"U41762",50,"Female","Student","Android",9.5,3.7,2,8.5,8,41,0,9.4
"U41763",23,"Female","Student","iOS",5.1,2,7,7.8,8,44,3,7.7
"U41764",29,"Other","Business Owner","iOS",11.6,5.5,6,7.5,3,50,5,2.2
"U41765",36,"Female","Business Owner","Android",7.8,3.4,7,6.2,1,26,5,13
"U41766",29,"Other","Business Owner","iOS",1.1,2.5,5,6.7,6,39,6,6.6
"U41767",43,"Male","Freelancer","Android",12,3.1,5,5.7,3,28,5,3
"U41768",45,"Other","Student","iOS",11.9,5.1,1,7.7,7,16,3,9.5
"U41769",36,"Female","Business Owner","Android",4.4,5.9,8,7.8,9,6,3,7.4
"U41770",48,"Female","Student","Android",2.5,2.5,1,4.1,4,37,3,11.3
"U41771",35,"Male","Business Owner","iOS",9.6,6.9,9,6,1,5,4,7.6
"U41772",27,"Other","Freelancer","iOS",8.5,4.7,7,5.4,8,9,4,11.5
"U41773",44,"Other","Business Owner","Android",11.4,3.5,5,4,2,6,5,6
"U41774",37,"Female","Professional","iOS",10.3,3.2,2,5,6,13,5,12.1
"U41775",35,"Other","Freelancer","iOS",7.9,5.4,2,8.2,4,46,2,4
"U41776",19,"Female","Professional","iOS",5.1,5.6,3,4.2,5,15,2,10.9
"U41777",34,"Male","Professional","iOS",7.8,7,3,7.1,2,33,3,11.7
"U41778",47,"Male","Student","iOS",9.4,3.8,8,6.9,1,42,3,12.4
"U41779",59,"Other","Business Owner","iOS",3.5,5.5,9,8.8,9,10,4,13.8
"U41780",53,"Other","Freelancer","Android",7.4,6.9,10,5.4,8,10,4,7.8
"U41781",30,"Other","Student","Android",7.9,5.7,4,7.8,10,33,6,12.2
"U41782",28,"Male","Professional","iOS",5.5,4.5,2,8.4,10,38,6,3.3
"U41783",49,"Female","Student","iOS",6.8,5.8,5,8.3,5,58,4,5.5
"U41784",56,"Other","Student","Android",4.9,0.9,3,8.7,4,41,1,12.7
"U41785",45,"Other","Professional","iOS",6.6,4,6,7.2,9,49,6,8.9
"U41786",44,"Female","Freelancer","Android",3.4,6.2,5,6.1,4,12,0,12.7
"U41787",33,"Other","Student","iOS",9.9,7,3,4.5,9,34,0,8.7
"U41788",46,"Male","Professional","Android",9.8,3.6,2,6,6,14,1,12.1
"U41789",56,"Female","Freelancer","iOS",4.4,5.7,4,5.5,6,21,4,11.5
"U41790",59,"Other","Freelancer","Android",3.4,7.7,5,4.3,6,43,4,9.7
"U41791",38,"Male","Professional","iOS",8,3.3,3,4.9,1,17,2,5.2
"U41792",51,"Male","Business Owner","Android",11.5,1.8,6,7.2,9,35,0,11.3
"U41793",23,"Other","Professional","iOS",8.6,7.6,10,4.4,5,41,4,7.6
"U41794",53,"Female","Professional","iOS",2.9,6.4,5,4.4,2,10,1,2.7
"U41795",48,"Other","Business Owner","iOS",4.8,1.6,5,6.3,2,17,5,13.9
"U41796",46,"Male","Professional","Android",5,5.4,2,6.4,1,32,2,13.4
"U41797",37,"Female","Business Owner","Android",8.2,4.9,3,7.8,10,41,6,9.9
"U41798",35,"Female","Business Owner","iOS",12,6.5,8,6.4,1,37,0,6.5
"U41799",57,"Male","Professional","Android",6.9,0.6,7,8.2,10,60,1,8.1
"U41800",54,"Female","Freelancer","Android",10.3,6.5,7,4.2,1,26,4,5.8
"U41801",28,"Other","Professional","Android",7.8,5.1,4,7.5,8,60,0,7.5
"U41802",37,"Other","Student","iOS",3.9,1,9,4.1,4,47,4,9.2
"U41803",42,"Male","Professional","Android",3.2,3,1,8.2,10,16,3,11.8
"U41804",51,"Male","Freelancer","iOS",2.8,0.5,10,7.4,6,48,2,11.2
"U41805",46,"Female","Freelancer","Android",8.6,4.2,2,7.8,1,43,5,8.8
"U41806",60,"Female","Freelancer","iOS",10.1,4.3,5,6.9,3,23,6,9.6
"U41807",23,"Male","Freelancer","Android",8.5,2.3,6,4,3,52,6,2.6
"U41808",37,"Male","Professional","Android",4.2,6.3,5,6.1,9,50,5,14
"U41809",34,"Female","Business Owner","iOS",3.1,3.6,8,6.4,6,54,3,12.7
"U41810",42,"Female","Business Owner","Android",4,7,7,6.9,6,56,3,10.3
"U41811",57,"Female","Freelancer","iOS",1.2,3.6,1,8.9,7,50,0,8.1
"U41812",31,"Female","Freelancer","iOS",11.8,1,9,5.4,5,24,3,4.1
"U41813",54,"Female","Freelancer","iOS",11.4,1.3,6,8.7,3,50,6,4.6
"U41814",57,"Female","Professional","Android",10.4,4.8,9,9,5,46,6,10.1
"U41815",39,"Male","Business Owner","Android",5.2,6.2,4,8.1,10,9,3,8.8
"U41816",33,"Male","Student","Android",7.1,0.8,5,7.4,8,54,5,12.8
"U41817",23,"Other","Business Owner","iOS",1.1,5.9,7,6.9,4,20,6,6.1
"U41818",38,"Male","Freelancer","iOS",3.4,3.6,2,6.7,6,21,4,7.9
"U41819",39,"Female","Freelancer","iOS",6.3,7.9,5,4.8,3,51,3,4.4
"U41820",45,"Other","Freelancer","iOS",4.3,4,5,8.4,7,21,2,2.6
"U41821",43,"Other","Freelancer","Android",4.9,7,10,4.7,3,7,6,13.1
"U41822",37,"Other","Business Owner","iOS",4.3,1.7,4,5.4,4,55,2,3.9
"U41823",59,"Male","Student","iOS",2.9,1.5,3,7.8,2,37,0,9.1
"U41824",27,"Female","Student","Android",5.7,5.6,6,5.6,2,44,3,3.1
"U41825",30,"Female","Freelancer","Android",6.8,3.1,9,7.8,9,15,4,10.5
"U41826",57,"Male","Freelancer","Android",5.7,4.7,1,7.1,5,30,2,6
"U41827",35,"Female","Freelancer","Android",1.8,6.1,7,8.2,1,25,4,11.4
"U41828",18,"Female","Student","iOS",3.2,1.5,5,4.2,1,29,6,3.7
"U41829",27,"Female","Student","iOS",6.7,2.2,6,8.6,7,34,5,12.8
"U41830",58,"Other","Business Owner","Android",1.4,3,5,8,6,35,1,7.2
"U41831",42,"Male","Student","iOS",10.2,4.5,5,6.9,6,36,5,5.4
"U41832",55,"Other","Student","iOS",3.1,1.3,10,6.9,2,5,1,8.5
"U41833",18,"Other","Student","Android",7.7,4.1,3,4.2,10,34,1,10
"U41834",53,"Other","Professional","iOS",9.2,2.2,9,6.4,4,47,2,5.1
"U41835",54,"Female","Professional","iOS",5.2,7.3,1,8.9,7,35,5,9.5
"U41836",42,"Other","Freelancer","Android",7,5.2,6,7.9,7,50,6,7.7
"U41837",35,"Male","Freelancer","Android",9.3,2.1,3,8.8,7,10,5,2.4
"U41838",55,"Male","Business Owner","iOS",1.5,7.1,1,6.2,3,26,0,12.1
"U41839",42,"Male","Business Owner","Android",4.1,1.7,5,4.2,2,59,1,5.4
"U41840",42,"Male","Freelancer","iOS",1.5,7.6,2,4.1,8,55,6,13.5
"U41841",44,"Male","Business Owner","Android",10.1,5.3,9,8.6,1,46,4,11.6
"U41842",60,"Male","Student","iOS",1.7,5.6,3,4,7,48,5,7.2
"U41843",51,"Other","Professional","Android",10.6,0.9,3,7.7,6,38,1,2.2
"U41844",22,"Male","Professional","Android",7.5,6.6,5,7.9,3,22,3,3.9
"U41845",25,"Other","Business Owner","Android",10.2,7.6,7,5.1,2,5,4,9.8
"U41846",60,"Other","Business Owner","iOS",2.4,1.5,3,4.8,8,57,1,6.2
"U41847",52,"Male","Student","Android",5.4,2.3,1,8.6,3,56,6,10.4
"U41848",29,"Other","Freelancer","Android",4,3,10,8.1,8,18,0,9.7
"U41849",26,"Other","Business Owner","Android",4.5,4.7,4,4.6,9,12,5,7.7
"U41850",54,"Female","Freelancer","iOS",9.1,3.5,3,8.9,7,22,1,2.4
"U41851",27,"Other","Freelancer","iOS",2.9,5.4,1,7.7,5,56,6,13.6
"U41852",33,"Male","Professional","iOS",10.8,3.9,4,5.6,6,44,6,6.9
"U41853",60,"Other","Business Owner","Android",9.2,5.8,8,5.1,2,23,4,3.5
"U41854",59,"Female","Business Owner","iOS",7.7,0.5,4,6.6,1,36,5,5.4
"U41855",58,"Female","Professional","iOS",8.4,1.6,2,7,9,28,1,2.9
"U41856",59,"Female","Freelancer","Android",1.1,2.5,2,7.5,9,42,3,10.2
"U41857",26,"Female","Freelancer","iOS",5.8,7.3,2,8.3,9,55,1,13.8
"U41858",35,"Other","Professional","Android",8,3.9,6,8.6,6,16,5,7.1
"U41859",42,"Female","Freelancer","Android",5.5,0.9,4,5.1,10,34,5,12.2
"U41860",53,"Female","Student","Android",6.7,6.1,2,4.2,4,34,0,7.4
"U41861",49,"Female","Business Owner","iOS",6.3,3.2,4,4.7,9,55,5,7.2
"U41862",26,"Male","Freelancer","iOS",11.4,6.2,5,8.7,1,59,1,8.4
"U41863",29,"Other","Professional","iOS",1.7,5.9,7,7.7,3,8,5,4.9
"U41864",21,"Other","Student","iOS",1.5,6.3,2,6.7,3,22,3,13.9
"U41865",32,"Other","Business Owner","Android",10,5.1,4,8.9,1,55,5,7.1
"U41866",47,"Other","Business Owner","Android",9,5,3,5.3,5,60,6,13.9
"U41867",31,"Female","Professional","Android",2.2,3.5,3,5.7,4,34,1,13
"U41868",32,"Male","Freelancer","Android",2.2,3.2,7,5.6,2,26,0,2.7
"U41869",49,"Male","Freelancer","iOS",11.9,2.3,10,5.4,10,12,6,5.5
"U41870",53,"Female","Student","iOS",5.1,4.5,10,5.1,9,52,1,8.5
"U41871",35,"Male","Professional","Android",6.9,5.1,4,6.9,10,53,4,7.7
"U41872",21,"Male","Student","iOS",11.9,1,4,4.7,2,33,1,3.8
"U41873",42,"Other","Professional","iOS",5.2,1.1,1,7.2,6,48,5,2.9
"U41874",22,"Male","Freelancer","iOS",7.6,4.6,4,7.5,8,17,2,6
"U41875",31,"Male","Business Owner","Android",6.9,4.7,8,7.4,6,40,0,5.3
"U41876",50,"Female","Professional","Android",11.8,2.3,5,7.3,1,58,4,3.8
"U41877",44,"Male","Business Owner","Android",5.3,7.7,5,8.1,1,21,0,10.4
"U41878",49,"Other","Student","Android",9.5,3.7,6,8.7,1,60,2,13.3
"U41879",37,"Male","Professional","iOS",5.3,3.2,10,4.6,5,43,6,7.1
"U41880",51,"Other","Freelancer","iOS",6.7,6.9,6,6.9,7,53,4,13.1
"U41881",38,"Other","Professional","iOS",2.8,3.4,7,6.7,10,32,4,11.2
"U41882",49,"Female","Freelancer","iOS",10.6,1.5,8,6.3,3,23,6,7.9
"U41883",50,"Other","Freelancer","Android",9.7,3.6,2,6.1,5,54,0,11.4
"U41884",33,"Male","Student","iOS",3.2,6.2,9,6.8,4,27,5,12.1
"U41885",21,"Other","Business Owner","iOS",2.7,5.1,1,8.2,10,29,5,6.5
"U41886",34,"Female","Professional","iOS",8.4,6.2,9,6.6,1,53,6,7.6
"U41887",39,"Male","Business Owner","iOS",11.2,3.6,6,5.4,10,32,4,13.4
"U41888",38,"Other","Freelancer","iOS",2.4,5.9,5,6.7,8,5,0,11.6
"U41889",55,"Other","Business Owner","iOS",2.9,1,4,4.5,7,15,6,6.5
"U41890",42,"Female","Freelancer","iOS",8.1,6.4,9,6.8,7,19,4,13.2
"U41891",38,"Female","Freelancer","iOS",4.8,6.9,10,6.5,8,41,5,3
"U41892",46,"Male","Professional","iOS",8.3,6.7,3,8.3,5,7,4,13.7
"U41893",60,"Male","Professional","iOS",2,5.1,9,7.1,7,29,1,11.1
"U41894",43,"Other","Student","iOS",2,1.6,3,8.7,7,49,0,6
"U41895",59,"Female","Student","iOS",3.5,3.8,9,6.4,5,47,4,11.4
"U41896",60,"Male","Freelancer","iOS",9.1,5.5,1,5,9,28,0,3.9
"U41897",41,"Other","Student","Android",2.3,4.7,6,7.9,3,41,6,8.1
"U41898",47,"Female","Business Owner","Android",6.3,5.4,6,7.2,4,46,3,3.2
"U41899",50,"Male","Professional","Android",1.7,4.9,1,6.7,5,44,0,6.5
"U41900",42,"Male","Business Owner","Android",11.7,1,1,7,10,23,3,7.4
"U41901",53,"Male","Student","Android",1.2,7.8,4,5.3,4,7,2,3.6
"U41902",18,"Male","Business Owner","Android",9.4,2.2,8,8.8,10,14,5,9.8
"U41903",21,"Female","Professional","iOS",2,2.2,3,6.6,7,29,0,11.8
"U41904",40,"Female","Freelancer","iOS",10.7,5.3,8,5.8,8,5,4,3.4
"U41905",39,"Male","Professional","Android",9.3,7.9,9,4.8,6,41,2,10.8
"U41906",22,"Female","Professional","Android",5.8,5.2,4,6.5,2,18,2,13.2
"U41907",26,"Male","Professional","Android",6.9,2.7,4,5.4,10,14,1,2.8
"U41908",43,"Other","Business Owner","iOS",4.2,4.3,6,6.1,6,46,6,12
"U41909",58,"Other","Business Owner","Android",6.4,1.8,5,8.7,2,7,4,6.1
"U41910",48,"Female","Business Owner","iOS",11.3,5,5,7.9,10,53,0,3
"U41911",59,"Female","Business Owner","Android",10.5,4.6,10,4.2,4,8,0,8
"U41912",45,"Other","Freelancer","iOS",5,1.9,8,4.1,7,58,4,9.6
"U41913",34,"Male","Business Owner","iOS",1.4,6.4,8,4.9,10,36,6,2.9
"U41914",58,"Other","Business Owner","Android",2.8,1,5,7.3,10,55,0,2.1
"U41915",34,"Female","Professional","iOS",2.8,3.2,4,5.4,8,49,3,8.1
"U41916",56,"Male","Business Owner","iOS",11.9,4.7,10,7.4,4,43,1,11.9
"U41917",34,"Male","Student","iOS",5.3,6,6,6.9,1,10,1,2
"U41918",31,"Other","Student","iOS",6.3,7.2,9,8.7,5,52,2,5.6
"U41919",44,"Male","Business Owner","Android",6,5.8,9,5.8,5,36,6,8
"U41920",32,"Female","Professional","Android",5.6,1.8,6,6,4,14,4,5.6
"U41921",28,"Female","Student","iOS",7.4,1.8,4,6.5,5,15,2,7.5
"U41922",47,"Female","Professional","iOS",9.2,2.2,10,5.3,6,6,0,12.7
"U41923",20,"Female","Business Owner","iOS",7,1.2,7,7.4,9,30,2,8.5
"U41924",41,"Male","Student","iOS",9,6.8,9,5.4,2,56,6,8.8
"U41925",44,"Other","Professional","iOS",4.9,3.7,2,7.2,5,29,5,7.1
"U41926",24,"Male","Freelancer","Android",11.7,5.9,2,8.5,7,16,5,10.4
"U41927",34,"Other","Business Owner","iOS",10.9,2.4,9,8.6,8,42,1,10.5
"U41928",45,"Other","Business Owner","iOS",10.4,7.3,2,8.4,10,38,2,2.1
"U41929",40,"Other","Freelancer","iOS",4.4,7.7,9,8.2,6,20,2,9.1
"U41930",30,"Female","Student","Android",9.2,2.7,8,8,7,38,3,2.5
"U41931",34,"Female","Student","iOS",9.2,2,9,7.4,4,58,1,3.2
"U41932",34,"Female","Business Owner","Android",9.8,5.1,3,6.1,7,55,1,3.6
"U41933",29,"Female","Professional","Android",9.9,6.7,3,8.5,6,27,6,13.2
"U41934",20,"Female","Professional","Android",6,1.5,3,4.3,4,23,3,12.9
"U41935",21,"Male","Freelancer","iOS",11.5,7.8,4,8.7,6,44,4,2.6
"U41936",36,"Other","Freelancer","Android",11.1,6.3,6,4.8,9,45,4,2.9
"U41937",27,"Male","Business Owner","iOS",10.4,2,4,6.7,4,5,6,13.3
"U41938",23,"Female","Freelancer","Android",11.8,2.4,6,6,1,41,1,4.8
"U41939",50,"Male","Student","Android",8.1,3.8,3,8.1,8,43,4,9.9
"U41940",45,"Female","Professional","iOS",2.5,7.4,2,4.7,9,18,4,11.1
"U41941",46,"Female","Freelancer","Android",9.3,3.3,9,6.9,1,16,2,7
"U41942",34,"Other","Freelancer","iOS",7.6,7.6,6,7.6,3,45,5,11.9
"U41943",47,"Female","Student","iOS",8.2,2.7,1,6.4,8,34,1,10.4
"U41944",24,"Male","Professional","iOS",1.9,0.8,3,5.4,9,60,1,7.9
"U41945",41,"Male","Business Owner","Android",1.3,4.2,1,5.1,3,57,3,3.9
"U41946",26,"Other","Student","iOS",5,5.4,10,8.3,5,43,3,5.7
"U41947",21,"Male","Student","iOS",3,6.1,3,7.2,5,16,4,5
"U41948",33,"Female","Professional","Android",3.9,2.1,6,8.8,5,37,0,7.7
"U41949",38,"Other","Freelancer","Android",4.5,4.6,9,8.9,1,8,1,6.8
"U41950",23,"Female","Freelancer","iOS",8.9,3.9,3,6.2,7,43,2,4
"U41951",58,"Female","Freelancer","iOS",6.5,6.4,3,4.1,1,9,3,10
"U41952",54,"Male","Business Owner","Android",5.5,7.5,5,7.3,9,5,2,5.2
"U41953",23,"Male","Freelancer","iOS",3.8,7.9,3,7.4,8,55,3,11.5
"U41954",54,"Other","Professional","iOS",5.8,6.4,6,6.6,1,17,6,6.5
"U41955",51,"Female","Professional","iOS",11.6,6.4,1,8.9,7,27,5,7.1
"U41956",40,"Other","Business Owner","iOS",1.7,1.5,9,8.8,2,56,2,6.8
"U41957",60,"Male","Student","iOS",11.6,4.7,4,6.1,1,23,2,2.7
"U41958",60,"Other","Freelancer","iOS",7.2,3.7,10,5.8,6,57,3,12.2
"U41959",19,"Male","Student","iOS",6.4,1.4,1,8.3,7,5,3,4
"U41960",39,"Male","Business Owner","Android",4.6,5.3,9,6.6,8,8,6,9.1
"U41961",44,"Male","Student","Android",1.3,7.3,7,7.2,7,21,2,5.4
"U41962",41,"Male","Freelancer","iOS",11,1.4,9,5.1,3,55,5,13.3
"U41963",58,"Male","Business Owner","iOS",10.7,4.8,4,5.9,5,12,0,7.3
"U41964",24,"Male","Student","Android",6.7,4.9,5,8.2,1,32,4,9.4
"U41965",33,"Male","Freelancer","Android",8.2,7.2,5,8.2,7,58,3,7.4
"U41966",32,"Other","Student","iOS",9.2,6.8,10,7.2,5,54,0,2.6
"U41967",38,"Other","Freelancer","iOS",6.8,1.9,5,4.3,10,11,6,13
"U41968",53,"Female","Business Owner","Android",10.4,6.9,7,6.4,8,31,5,9.8
"U41969",38,"Other","Freelancer","iOS",11.5,7.3,2,5.1,4,46,3,9.4
"U41970",21,"Male","Freelancer","Android",4.2,4.4,2,7.8,10,59,1,4.1
"U41971",52,"Other","Professional","iOS",4.1,5.7,1,5.5,7,45,4,2
"U41972",23,"Male","Freelancer","Android",8,4.3,10,6.4,8,8,5,8.4
"U41973",58,"Male","Professional","iOS",3.4,4.2,8,6.9,7,22,5,10.4
"U41974",34,"Other","Student","iOS",2,0.9,1,5.9,5,59,2,4.6
"U41975",30,"Other","Professional","iOS",5.6,6.4,7,5.6,6,35,2,9.5
"U41976",29,"Other","Professional","iOS",1.9,4.4,4,4.8,7,43,2,10.6
"U41977",29,"Male","Student","Android",3.3,5.9,10,5.9,3,31,6,6.7
"U41978",54,"Other","Professional","Android",10.9,4.4,5,4.2,2,16,6,13.9
"U41979",50,"Other","Professional","iOS",4.6,5.2,3,4.1,9,39,3,2.7
"U41980",48,"Other","Student","iOS",7.1,7.2,8,5.9,5,50,4,5.6
"U41981",45,"Other","Freelancer","iOS",2.8,3.8,10,8.1,8,12,3,7.1
"U41982",44,"Other","Student","Android",3.9,6.2,9,5,2,20,6,5.4
"U41983",31,"Female","Business Owner","Android",8.5,7.8,4,6.9,6,50,4,6.5
"U41984",29,"Male","Freelancer","iOS",9.2,6,3,7.1,2,29,3,13.3
"U41985",49,"Other","Student","Android",11.8,2.4,6,5.8,3,11,5,6.3
"U41986",60,"Male","Professional","iOS",4.1,1.6,2,8.7,9,35,6,11.7
"U41987",55,"Other","Freelancer","iOS",4.8,1.3,3,6.4,4,55,5,4.2
"U41988",21,"Other","Professional","iOS",6.9,6.4,8,6.8,4,15,0,10.9
"U41989",35,"Female","Freelancer","Android",2,4.7,6,8.7,6,7,4,13.5
"U41990",26,"Male","Business Owner","Android",1.7,6.9,5,6,8,53,2,6.7
"U41991",31,"Male","Student","iOS",4,2.6,9,8.5,2,29,2,8.8
"U41992",31,"Other","Professional","iOS",2.3,6.4,9,4.7,3,41,1,8.2
"U41993",53,"Female","Student","iOS",1.2,6.3,5,8.3,3,39,0,11.8
"U41994",24,"Male","Freelancer","iOS",3,0.9,1,8.2,4,20,0,12.1
"U41995",18,"Male","Professional","iOS",1.4,6.4,4,7.5,10,39,0,12.4
"U41996",43,"Female","Student","iOS",4.5,6.2,4,7.9,6,46,1,11.6
"U41997",20,"Male","Freelancer","iOS",8.3,5.2,5,5.3,1,44,3,3.8
"U41998",50,"Male","Student","Android",7.7,2.2,4,7.2,9,24,4,6.8
"U41999",57,"Other","Business Owner","Android",6,2.4,3,4.4,10,16,4,6.3
"U42000",22,"Female","Freelancer","Android",11.6,2,4,4.8,5,5,1,4.3
"U42001",49,"Male","Professional","iOS",1.7,3.2,10,7.8,1,12,3,12.4
"U42002",20,"Male","Freelancer","Android",5.8,6,6,4.6,5,21,2,6.7
"U42003",20,"Female","Business Owner","iOS",4.1,1.9,10,8.8,3,32,6,9.4
"U42004",41,"Other","Business Owner","iOS",11.1,1.1,3,5.6,2,58,5,11.8
"U42005",27,"Other","Freelancer","Android",6.8,7.3,7,7.7,1,50,6,8.7
"U42006",26,"Other","Freelancer","iOS",4.1,6.7,1,5,1,56,5,5.3
"U42007",56,"Female","Freelancer","Android",8.6,6.3,5,5.1,8,41,1,4.1
"U42008",23,"Female","Freelancer","Android",4.6,3.5,4,5.4,3,31,2,2.4
"U42009",51,"Other","Business Owner","Android",8.5,3.1,1,9,9,35,0,6.5
"U42010",35,"Other","Student","iOS",7.7,1,2,6,9,42,0,7.7
"U42011",40,"Female","Professional","iOS",1.2,6.4,9,5.2,9,39,2,3.7
"U42012",47,"Female","Professional","iOS",3.7,5.6,8,5.4,1,13,1,13
"U42013",59,"Male","Business Owner","Android",9.3,0.8,9,6.1,8,35,5,2.4
"U42014",36,"Male","Student","iOS",5.1,1,6,6.8,3,8,6,9.1
"U42015",55,"Male","Professional","iOS",9.4,7.8,9,4.6,5,6,6,11.8
"U42016",44,"Other","Student","Android",7.7,6.9,6,8.3,8,34,1,11.8
"U42017",41,"Female","Student","Android",2.8,5.2,9,5.2,6,33,5,13.2
"U42018",57,"Male","Freelancer","Android",5.4,3.5,6,4.3,1,43,5,2.8
"U42019",56,"Other","Freelancer","iOS",9.5,2.9,6,7.6,8,57,4,8.7
"U42020",19,"Other","Business Owner","iOS",3.1,7.9,8,8,2,23,3,13.5
"U42021",39,"Female","Business Owner","iOS",8.5,1.9,5,5.8,3,33,5,11.9
"U42022",26,"Female","Professional","Android",2.7,7,4,7.8,8,31,2,10.1
"U42023",48,"Male","Student","Android",11.4,7.4,5,6.5,2,41,0,5.6
"U42024",19,"Female","Business Owner","Android",10.3,1.6,7,8.8,10,58,4,10.4
"U42025",29,"Other","Freelancer","iOS",4.9,6.2,3,6.2,7,6,2,10.8
"U42026",40,"Female","Business Owner","Android",10.8,2,3,5.3,9,25,0,5.8
"U42027",57,"Male","Student","iOS",8.1,2.7,3,8.1,6,60,2,11.3
"U42028",57,"Male","Professional","iOS",2.2,4.4,2,5.7,1,47,1,2.1
"U42029",45,"Female","Professional","iOS",1.6,1.5,1,6.7,4,50,5,12
"U42030",24,"Other","Business Owner","iOS",8.9,2.8,6,6.1,7,23,1,10.3
"U42031",25,"Female","Student","iOS",5.4,3.3,10,8.9,2,21,3,2.3
"U42032",36,"Other","Student","Android",4.5,6.7,3,4.6,4,11,0,6.9
"U42033",31,"Other","Business Owner","Android",11.4,5.4,8,6.5,1,11,3,5.8
"U42034",38,"Female","Business Owner","iOS",4.6,4.2,7,4.5,1,23,2,12.2
"U42035",50,"Male","Professional","Android",7.7,1.2,5,6.4,1,42,6,10.6
"U42036",30,"Male","Business Owner","iOS",1.5,3.4,2,8.9,9,29,4,9.2
"U42037",20,"Other","Business Owner","iOS",1.1,5.4,5,7.8,6,18,6,10.5
"U42038",37,"Other","Professional","iOS",1.6,0.7,9,5.7,5,41,0,2.3
"U42039",18,"Other","Professional","Android",7.9,6.6,8,6.8,5,23,0,2.9
"U42040",58,"Male","Business Owner","iOS",1.1,1.8,8,8.1,10,59,5,8.9
"U42041",48,"Other","Professional","iOS",2.2,1.8,6,5.1,5,22,2,13.4
"U42042",48,"Female","Student","Android",10.4,0.7,4,8.7,2,52,6,6.6
"U42043",41,"Other","Business Owner","iOS",6.2,5.1,10,7.7,7,39,6,13.6
"U42044",25,"Other","Professional","iOS",7.9,4.9,10,7.5,7,55,2,5.5
"U42045",32,"Male","Professional","iOS",10.4,7.5,2,4,1,17,0,2.2
"U42046",20,"Female","Professional","iOS",8.4,5.8,6,4.8,6,7,2,8.9
"U42047",45,"Other","Student","iOS",5.5,3.3,7,8.1,6,45,1,12.4
"U42048",22,"Male","Professional","Android",11.4,6.2,2,5.1,8,18,3,7.6
"U42049",18,"Female","Freelancer","Android",6.5,1.3,4,4.3,9,17,6,7.8
"U42050",56,"Other","Freelancer","iOS",10.1,6,5,6.1,4,54,5,11.6
"U42051",27,"Female","Freelancer","Android",12,1.2,2,8.7,10,57,5,10.7
"U42052",26,"Male","Student","iOS",10.7,6.1,2,7.6,9,43,0,5.5
"U42053",24,"Other","Freelancer","iOS",4.1,4,8,4.7,5,21,5,6.2
"U42054",43,"Male","Professional","Android",11.1,2.1,1,4.2,2,45,1,4.3
"U42055",53,"Other","Freelancer","iOS",7.3,6.2,3,8.8,2,10,3,9.6
"U42056",55,"Male","Professional","Android",1.8,5.5,9,4.7,6,48,0,12.9
"U42057",47,"Other","Business Owner","Android",5.5,5.2,9,6.5,3,55,5,6.4
"U42058",36,"Other","Student","iOS",9.4,5.2,5,4.2,1,18,4,3.2
"U42059",39,"Female","Freelancer","iOS",2.6,1.6,1,7.4,1,9,3,8.3
"U42060",30,"Other","Freelancer","iOS",6.5,4.4,4,7.8,10,39,0,4.9
"U42061",47,"Male","Freelancer","Android",8.9,5.8,10,7.7,6,38,2,12.4
"U42062",25,"Other","Business Owner","Android",2.8,2.1,8,6.6,3,35,0,7.8
"U42063",36,"Male","Business Owner","Android",10,3.8,8,8.1,9,54,5,10
"U42064",46,"Other","Professional","iOS",5.2,1.2,1,5.5,7,55,0,13.4
"U42065",33,"Male","Freelancer","iOS",5.6,7.4,7,8.4,6,10,5,6.3
"U42066",27,"Other","Professional","Android",3.5,5.2,7,4.5,7,29,0,2.8
"U42067",20,"Other","Business Owner","iOS",11.8,3.5,6,5.8,2,51,2,10.7
"U42068",36,"Male","Freelancer","iOS",4.1,5.5,3,8.1,3,12,1,4.4
"U42069",33,"Female","Business Owner","Android",7.4,2.9,9,6.8,3,14,4,2.6
"U42070",23,"Female","Freelancer","iOS",6.3,4.2,6,6.2,2,14,1,5.8
"U42071",57,"Female","Freelancer","iOS",2.7,7.7,8,9,6,9,6,5.4
"U42072",26,"Female","Student","iOS",7.9,0.6,4,5.7,2,13,0,11.1
"U42073",46,"Other","Student","iOS",9.3,1.2,2,8.5,8,18,6,10.8
"U42074",36,"Male","Professional","Android",4.8,7.5,9,6.1,10,36,2,13.1
"U42075",33,"Other","Professional","Android",7.2,6.9,9,7.8,8,53,1,3.1
"U42076",23,"Female","Business Owner","iOS",10,1.5,7,6.4,3,40,0,7.9
"U42077",29,"Female","Professional","iOS",7.6,2.2,3,7.7,1,11,6,11.8
"U42078",44,"Other","Business Owner","Android",2.3,2.6,4,7.9,9,12,0,7.3
"U42079",45,"Male","Student","Android",11.6,5.5,4,8.9,1,6,4,8.3
"U42080",44,"Female","Student","Android",7.2,3.1,10,5.3,10,50,2,3.2
"U42081",40,"Male","Business Owner","iOS",7.4,1.3,6,7.4,8,52,6,6.5
"U42082",43,"Male","Freelancer","Android",3.8,6.9,10,5,9,19,3,7.3
"U42083",20,"Female","Freelancer","iOS",2.8,2.3,6,6.6,7,39,1,5.2
"U42084",29,"Male","Business Owner","Android",1.7,4.9,10,8.3,8,54,2,13.7
"U42085",32,"Male","Freelancer","iOS",9.3,7.3,10,8.6,5,32,2,6
"U42086",30,"Male","Professional","Android",7.1,3.5,2,4.7,9,57,0,12
"U42087",43,"Other","Student","Android",6,2.2,7,7.4,5,51,5,9.4
"U42088",23,"Male","Business Owner","Android",1.7,2.6,3,7,10,56,0,8.1
"U42089",44,"Male","Professional","Android",3.8,6.3,1,6.3,7,48,6,4
"U42090",40,"Female","Student","iOS",8.8,1.2,7,5.1,3,57,5,4.4
"U42091",39,"Male","Student","Android",4,2.1,6,8.5,1,6,5,5.8
"U42092",50,"Other","Business Owner","Android",5.8,1.7,7,4,1,29,0,9.8
"U42093",19,"Female","Business Owner","iOS",8.8,6.4,6,6.1,1,17,1,5.7
"U42094",44,"Female","Freelancer","iOS",10.8,2.6,7,6.3,1,47,5,4.9
"U42095",27,"Male","Student","iOS",3.5,0.6,6,7.6,6,52,0,8.9
"U42096",34,"Male","Professional","iOS",9,3.4,10,7.3,5,22,1,2.1
"U42097",47,"Female","Freelancer","iOS",9.1,0.8,10,8.4,5,23,3,11
"U42098",38,"Other","Business Owner","Android",7.3,6.9,2,4,4,19,4,5.4
"U42099",39,"Male","Professional","iOS",7.1,2.8,1,4.7,1,12,0,12.1
"U42100",39,"Female","Student","Android",1.6,0.7,7,5.7,5,32,1,9.8
"U42101",27,"Female","Business Owner","Android",10.7,5,6,7.1,3,32,3,6.1
"U42102",44,"Other","Business Owner","Android",10.5,2.9,1,8.2,8,38,3,4.4
"U42103",47,"Male","Professional","iOS",5.7,6.7,2,4.3,6,5,4,4.3
"U42104",26,"Male","Professional","iOS",6.6,7.1,10,5.9,3,34,1,13.8
"U42105",21,"Other","Freelancer","iOS",9.9,5.4,2,6.1,1,57,1,7
"U42106",33,"Other","Business Owner","iOS",6.3,2.4,8,6.6,7,28,1,7.8
"U42107",43,"Male","Business Owner","Android",10.5,3.7,10,4,2,38,5,5.1
"U42108",58,"Other","Freelancer","Android",2.1,4.3,7,8.3,8,46,4,9.4
"U42109",48,"Other","Professional","Android",9.7,1.2,4,5.2,6,18,0,11.2
"U42110",21,"Male","Freelancer","Android",6.9,3,4,8,5,50,3,6.2
"U42111",27,"Other","Professional","Android",1.6,5.1,8,8.5,1,53,5,7.7
"U42112",47,"Male","Business Owner","Android",1.1,1.8,4,7,6,25,3,5
"U42113",38,"Other","Professional","Android",1.8,4.2,1,6.2,6,35,0,11.6
"U42114",25,"Other","Student","Android",1.7,3.9,3,5.7,6,54,4,13
"U42115",18,"Female","Business Owner","Android",6.2,7.4,1,5.6,9,8,0,11.8
"U42116",18,"Other","Professional","iOS",8.6,6.9,5,8.9,7,20,1,5.9
"U42117",40,"Female","Student","iOS",10.8,6.4,10,4,10,16,1,13
"U42118",45,"Other","Freelancer","Android",4.6,6.9,1,4,6,45,2,3.4
"U42119",53,"Male","Professional","Android",6.2,4,9,8.9,1,13,4,3.8
"U42120",49,"Male","Professional","iOS",1.5,2.3,5,8.2,9,50,5,8.1
"U42121",20,"Female","Student","iOS",3.8,5.5,10,7.2,10,37,4,10.9
"U42122",45,"Other","Student","Android",10.3,5.5,6,7.5,2,52,0,6.8
"U42123",55,"Female","Student","iOS",6,6.4,9,4.3,7,25,3,4.1
"U42124",18,"Female","Business Owner","iOS",8.4,5.8,1,4.2,7,34,2,5.8
"U42125",38,"Male","Professional","iOS",9.9,7.9,7,6.4,5,21,2,2.2
"U42126",47,"Female","Business Owner","iOS",10.1,1.7,6,6.7,3,5,5,3.6
"U42127",22,"Other","Student","iOS",11.3,7.1,6,7.6,3,7,4,12.2
"U42128",22,"Other","Freelancer","iOS",8.9,5.1,1,7.4,6,52,5,12.9
"U42129",29,"Other","Business Owner","Android",3.9,7.1,1,8.7,8,35,2,12.4
"U42130",23,"Female","Freelancer","Android",10.9,2.5,3,4,5,9,2,12.8
"U42131",51,"Male","Professional","Android",8.5,7.8,1,4.8,8,49,5,13.9
"U42132",23,"Other","Freelancer","iOS",3.4,5,4,6.7,4,24,2,3.8
"U42133",42,"Other","Professional","Android",7.3,4.6,10,4.2,1,35,6,5.9
"U42134",47,"Male","Business Owner","iOS",4.7,3.5,6,7.5,3,59,6,8.6
"U42135",56,"Male","Professional","iOS",5.4,1,6,7.1,10,10,3,4.2
"U42136",30,"Other","Professional","Android",10.2,1.2,5,5,8,19,1,7.8
"U42137",29,"Male","Student","Android",4.2,1.2,7,6.7,4,25,3,3.1
"U42138",33,"Male","Freelancer","Android",9.2,2.1,1,8.2,3,13,5,8.8
"U42139",41,"Male","Professional","Android",7.7,6.4,6,8.7,2,50,3,3.3
"U42140",30,"Male","Freelancer","iOS",11.6,5.9,1,6,8,17,1,10
"U42141",54,"Other","Business Owner","iOS",8.5,4.7,5,4.7,8,18,3,11.8
"U42142",32,"Female","Professional","iOS",7.7,6.7,8,7.2,2,50,3,2
"U42143",32,"Female","Professional","Android",2,7.6,3,4.9,4,21,5,6.6
"U42144",19,"Female","Professional","iOS",2.1,2.2,10,5.2,7,6,2,7.8
"U42145",58,"Male","Freelancer","iOS",2.9,6.5,7,6.2,10,35,6,7.1
"U42146",41,"Female","Student","iOS",4.7,7.5,8,6.5,4,49,1,9.7
"U42147",35,"Female","Professional","Android",10.3,5.3,5,8.8,3,21,2,11.3
"U42148",51,"Female","Professional","Android",3,5.8,8,6.7,9,34,4,5.1
"U42149",36,"Female","Freelancer","Android",10.1,5.5,8,5.1,4,43,4,8.4
"U42150",55,"Other","Professional","Android",6.7,7.5,10,8.5,2,47,1,4.7
"U42151",38,"Female","Professional","Android",6.1,3.1,6,7,7,9,4,5.5
"U42152",23,"Male","Business Owner","iOS",1,6.7,4,5.5,4,8,2,12.4
"U42153",44,"Male","Business Owner","iOS",9.8,6.2,6,7.4,4,16,3,3.9
"U42154",39,"Other","Professional","iOS",8.7,7,6,5.7,8,9,5,12.5
"U42155",48,"Male","Business Owner","Android",6.2,3,10,6,6,34,3,3.9
"U42156",21,"Other","Business Owner","iOS",6.5,6.4,10,5.1,8,40,5,12.1
"U42157",46,"Female","Student","Android",5.7,5,3,4.3,10,21,2,13.9
"U42158",55,"Male","Professional","Android",7.5,3.5,9,7.7,2,21,2,9.4
"U42159",36,"Female","Business Owner","Android",6.4,5.2,6,5.4,4,23,4,7.3
"U42160",30,"Female","Business Owner","Android",8.9,7,9,4.5,4,44,4,5.1
"U42161",27,"Female","Professional","Android",3.8,1,5,8.8,4,31,4,2.2
"U42162",24,"Female","Professional","iOS",7.2,3.2,9,5.8,5,12,5,11.1
"U42163",51,"Other","Professional","Android",7.9,5.3,4,7.8,4,49,5,11.1
"U42164",32,"Male","Professional","iOS",9.2,4.2,8,5.3,5,13,4,4.2
"U42165",20,"Female","Professional","iOS",11.1,6.1,9,5,6,12,5,11.9
"U42166",27,"Other","Student","Android",2.3,3.1,8,7.1,1,17,3,6.3
"U42167",35,"Male","Business Owner","iOS",1.8,3.2,2,7.3,4,46,6,7.4
"U42168",29,"Male","Business Owner","iOS",11.9,5.6,5,6.5,8,11,0,12.6
"U42169",43,"Male","Business Owner","iOS",3,7.3,10,7.8,8,22,5,11
"U42170",34,"Other","Business Owner","Android",3.6,6.6,8,6.1,3,12,2,12.7
"U42171",44,"Female","Business Owner","iOS",9.8,6.1,5,6,6,33,3,12.9
"U42172",51,"Male","Student","Android",4.3,5,9,7.7,9,18,2,12.3
"U42173",39,"Male","Professional","iOS",7.3,5.5,10,7.6,7,27,0,5
"U42174",58,"Female","Student","Android",4.9,2,7,7.8,5,52,3,9.9
"U42175",39,"Male","Student","Android",5,1.5,5,8.2,1,43,2,10.2
"U42176",25,"Female","Business Owner","Android",1.2,7.7,8,6.2,2,57,1,6.9
"U42177",54,"Male","Freelancer","iOS",5.1,5.7,2,5.7,9,18,5,3.8
"U42178",19,"Male","Freelancer","iOS",1,7.9,2,4,8,19,4,9.9
"U42179",27,"Male","Freelancer","Android",10.1,1.4,5,6.1,5,46,5,8.1
"U42180",20,"Other","Student","Android",11,5.5,8,5.9,5,43,1,12.4
"U42181",37,"Female","Freelancer","iOS",7.2,6.5,2,4.2,10,23,4,8.7
"U42182",22,"Female","Professional","Android",10.3,1.5,10,6.9,9,32,0,12
"U42183",59,"Female","Freelancer","iOS",6.6,4.1,5,4.5,2,19,3,5.3
"U42184",22,"Male","Student","Android",9.7,0.9,8,7.6,3,21,0,11.8
"U42185",38,"Other","Business Owner","iOS",3.6,5.6,9,4.6,4,6,5,13.6
"U42186",37,"Male","Freelancer","Android",9.1,1.2,9,7.8,6,16,4,5.5
"U42187",52,"Other","Business Owner","Android",11.5,6.3,8,6.9,10,10,6,3.1
"U42188",50,"Female","Professional","Android",10.5,3.4,4,6.9,2,6,1,10.1
"U42189",20,"Male","Business Owner","Android",2.1,6.7,8,7.8,3,48,5,9.7
"U42190",38,"Female","Professional","iOS",8.2,1.1,4,8.1,5,19,2,2.9
"U42191",24,"Female","Student","Android",6.7,5.5,5,5.4,9,5,0,9.4
"U42192",21,"Other","Professional","iOS",5.5,4.4,5,6.1,9,50,3,10.6
"U42193",56,"Male","Student","Android",9.4,2.5,2,8.3,9,30,3,8.9
"U42194",32,"Male","Student","Android",9.5,2.6,4,7.7,2,7,2,8.1
"U42195",30,"Other","Business Owner","iOS",9.4,1,6,8.7,4,9,4,12.5
"U42196",36,"Other","Freelancer","Android",4.9,3.2,10,5.4,8,12,4,3.8
"U42197",43,"Female","Professional","iOS",8.3,5,10,8.6,5,50,1,7.9
"U42198",41,"Other","Business Owner","iOS",5.4,4.6,5,7.6,7,6,2,9.8
"U42199",33,"Female","Student","iOS",1.1,4,9,5.3,8,58,1,7.5
"U42200",32,"Male","Student","Android",6.2,4.5,8,5,7,20,3,10.4
"U42201",44,"Other","Freelancer","iOS",6.2,7.3,3,4.7,9,20,2,6.1
"U42202",30,"Other","Business Owner","iOS",1.5,6.1,10,7.6,7,49,1,11.3
"U42203",33,"Male","Business Owner","iOS",5.2,2.9,8,8.3,2,24,3,5.5
"U42204",18,"Other","Professional","iOS",8.5,5.5,9,7.1,1,29,3,3.6
"U42205",38,"Female","Professional","Android",1.2,3.8,10,4.8,9,31,0,6.5
"U42206",48,"Male","Student","Android",3.7,2.5,3,6.5,8,12,0,10.1
"U42207",41,"Female","Business Owner","Android",9.1,5.3,10,5.3,8,12,5,7.1
"U42208",37,"Male","Professional","iOS",8.2,4.1,4,6.5,6,51,5,8.8
"U42209",30,"Other","Professional","iOS",2.4,5.5,9,7.7,10,19,3,12.6
"U42210",47,"Female","Freelancer","iOS",5.7,4.8,5,7,9,19,5,10
"U42211",21,"Female","Business Owner","iOS",8.4,2.3,10,5.7,3,10,4,13.7
"U42212",18,"Male","Freelancer","Android",3.4,6.2,8,6.5,6,28,3,11.2
"U42213",54,"Other","Freelancer","iOS",11.5,7.3,1,4.6,8,51,5,12.1
"U42214",52,"Female","Student","Android",7.2,6.3,7,4.4,3,31,5,4.8
"U42215",36,"Other","Business Owner","iOS",7.2,5.4,2,6.9,9,37,6,7.6
"U42216",25,"Other","Student","Android",10.5,2,6,8.8,8,44,0,2.3
"U42217",43,"Female","Professional","Android",1.4,1.5,4,6.3,9,6,5,6.3
"U42218",34,"Female","Freelancer","Android",3.5,7.8,1,7.7,9,51,0,6.8
"U42219",32,"Male","Professional","iOS",1.5,2.9,2,4.4,6,17,4,8.9
"U42220",46,"Male","Professional","iOS",2.6,1.6,9,5.2,10,30,2,6.2
"U42221",46,"Female","Professional","iOS",3.8,1.3,9,5.3,10,50,3,5.7
"U42222",20,"Male","Freelancer","iOS",5.7,7.3,7,4.3,8,7,4,3.7
"U42223",58,"Other","Professional","iOS",9.7,3.2,3,4.6,1,42,4,6.7
"U42224",59,"Female","Professional","Android",4.2,4,1,4.1,9,32,1,3.1
"U42225",27,"Other","Student","iOS",2.6,1.2,2,4.4,7,54,3,12.7
"U42226",24,"Male","Freelancer","Android",9.2,4.8,7,8.8,10,51,1,8.6
"U42227",47,"Other","Student","Android",4.4,6.7,6,6.2,8,13,2,8.1
"U42228",18,"Male","Professional","Android",9.9,4.9,3,6.4,10,53,4,5.5
"U42229",35,"Female","Student","iOS",4.9,5.7,9,8,10,50,5,12.1
"U42230",46,"Male","Student","Android",2.1,2.8,10,7.4,4,42,4,11
"U42231",21,"Female","Freelancer","Android",8.7,5.1,10,8.6,8,52,2,7.9
"U42232",25,"Other","Freelancer","Android",10.8,7,4,4.6,4,31,2,12.8
"U42233",29,"Male","Professional","Android",3.6,6.3,5,4.8,2,29,0,9.2
"U42234",39,"Female","Professional","Android",1,6.8,2,7.7,4,27,0,9.3
"U42235",57,"Male","Freelancer","Android",2,2.6,4,8.7,10,33,6,7.4
"U42236",28,"Female","Professional","Android",6.6,7.4,1,7.4,8,51,4,13.6
"U42237",53,"Female","Student","iOS",4.7,1.9,9,8.1,9,24,4,7.7
"U42238",32,"Female","Freelancer","Android",6.4,2,6,6.4,8,14,6,5.5
"U42239",31,"Other","Freelancer","Android",9.9,6.6,6,5.7,5,37,3,2.2
"U42240",58,"Male","Student","iOS",8.5,2.8,8,5.8,8,45,2,4
"U42241",54,"Male","Business Owner","iOS",9.9,1.4,9,6.8,10,38,0,6.5
"U42242",48,"Female","Freelancer","Android",1.4,1.7,7,8.3,10,24,3,8.8
"U42243",23,"Male","Student","iOS",8.9,2.6,8,5.8,2,28,6,8.7
"U42244",46,"Male","Professional","iOS",9.5,6,6,6.5,8,53,4,7.5
"U42245",59,"Female","Freelancer","iOS",1.2,7.1,7,4,7,21,0,12.4
"U42246",52,"Female","Freelancer","iOS",4.8,5.3,6,5.2,2,51,6,13.9
"U42247",41,"Female","Business Owner","iOS",7.2,7.8,9,6.1,5,24,6,7.5
"U42248",42,"Other","Business Owner","iOS",7.5,3.2,4,4.5,10,33,2,4.9
"U42249",51,"Other","Professional","iOS",2.9,3.6,7,6.3,10,12,0,7
"U42250",24,"Other","Student","Android",6.5,3.9,2,8.4,8,8,1,3.6
"U42251",47,"Female","Professional","iOS",3.5,7.6,3,8.2,10,37,1,3.9
"U42252",42,"Male","Freelancer","iOS",2.7,6.3,9,4.3,4,18,0,7.7
"U42253",56,"Male","Business Owner","iOS",8.4,2.2,5,6.3,4,44,4,7.9
"U42254",46,"Other","Student","Android",3.5,6.8,6,4.7,6,7,5,4.2
"U42255",41,"Male","Student","Android",6.4,2.1,6,4.8,1,20,3,6.9
"U42256",20,"Other","Business Owner","Android",1.8,2.9,9,8.8,3,32,2,5.3
"U42257",40,"Female","Student","iOS",3,5.3,4,8.7,9,57,5,6.4
"U42258",56,"Female","Freelancer","iOS",10.9,7.4,4,4.9,3,10,1,11.9
"U42259",24,"Male","Professional","iOS",7.8,4.4,8,5.8,5,50,1,7.5
"U42260",49,"Other","Freelancer","iOS",4.5,1.1,5,8.6,5,41,0,4.5
"U42261",33,"Female","Business Owner","iOS",5.2,2.4,10,8.8,6,28,1,3.8
"U42262",54,"Female","Student","Android",11.1,3.7,4,5.3,6,28,1,2.7
"U42263",33,"Female","Freelancer","Android",6.1,6.6,2,4.9,7,54,0,12.3
"U42264",19,"Other","Business Owner","iOS",7.2,4.4,6,7.2,1,25,1,14
"U42265",22,"Female","Freelancer","Android",7.3,5.8,9,7.1,9,18,1,12.5
"U42266",21,"Female","Freelancer","Android",6.7,6.3,6,6,2,26,1,2.3
"U42267",40,"Other","Student","Android",3.1,0.9,2,5.9,8,7,0,4.9
"U42268",41,"Other","Professional","Android",7.4,1.3,5,6.7,1,13,4,4.8
"U42269",55,"Male","Student","iOS",11,7.9,9,7.4,8,36,2,9.4
"U42270",23,"Female","Freelancer","iOS",11.2,1.8,9,4.2,7,27,3,7.1
"U42271",42,"Male","Professional","iOS",11.6,3.5,9,5.3,10,53,4,6.9
"U42272",56,"Female","Student","iOS",9.8,4.7,6,4.3,9,51,6,13.2
"U42273",53,"Female","Student","iOS",2.1,2.7,5,8.1,8,58,0,12.3
"U42274",30,"Other","Professional","iOS",4.7,1.5,1,5.8,5,12,1,2.5
"U42275",33,"Other","Business Owner","iOS",9.8,6.8,5,8.9,9,8,2,3.8
"U42276",59,"Other","Freelancer","iOS",9.8,2.4,4,4.2,4,55,5,7.7
"U42277",22,"Female","Freelancer","iOS",5.7,1,2,5.9,5,39,3,8.5
"U42278",49,"Male","Freelancer","iOS",10.7,2.4,2,8.4,10,13,6,2.1
"U42279",55,"Male","Professional","Android",5.4,7.1,4,8.8,5,58,0,4.8
"U42280",31,"Female","Professional","iOS",4.8,2.6,5,4.4,6,48,3,4.7
"U42281",42,"Male","Business Owner","iOS",11.6,5.1,1,6.4,3,23,1,11.5
"U42282",36,"Female","Professional","iOS",2,3.2,1,4.1,10,19,2,13.4
"U42283",59,"Other","Business Owner","Android",4.7,1.2,4,4.1,9,32,3,7.6
"U42284",49,"Male","Student","Android",8.7,7.5,2,6.2,2,32,2,13.2
"U42285",19,"Female","Student","Android",7.3,7.8,9,5.4,6,15,1,2.5
"U42286",51,"Female","Professional","iOS",10.4,5,9,7.1,6,58,1,10.2
"U42287",56,"Female","Freelancer","Android",5.9,7.2,10,6.9,4,13,1,13.5
"U42288",34,"Male","Professional","iOS",1.2,5.8,2,4.3,6,15,6,12.2
"U42289",37,"Male","Student","Android",1.2,2.2,1,4.6,9,20,4,2.1
"U42290",20,"Female","Professional","iOS",8.3,1.7,6,4.4,4,46,6,5.4
"U42291",42,"Female","Business Owner","Android",10.7,2,5,4.8,1,51,3,3.7
"U42292",40,"Female","Professional","iOS",3.9,1.6,8,7.6,2,15,6,4
"U42293",58,"Male","Professional","Android",6.3,5.1,5,8.1,2,30,5,12.4
"U42294",36,"Male","Professional","Android",5.1,5.8,8,5,4,46,4,11.5
"U42295",40,"Male","Student","Android",5.1,6.7,9,8.1,5,37,2,12.3
"U42296",27,"Male","Student","iOS",11.2,4.2,7,5.7,10,54,0,5.5
"U42297",39,"Female","Professional","Android",6,6.5,10,7.9,9,17,6,8.6
"U42298",54,"Female","Student","Android",2.8,2.9,2,4.2,6,21,0,5.1
"U42299",30,"Other","Student","Android",10.9,7.9,8,7,6,53,0,11.7
"U42300",41,"Female","Professional","iOS",5,1.4,2,7.7,5,22,1,10.3
"U42301",47,"Male","Freelancer","Android",3.8,0.9,5,7.6,5,29,0,5.6
"U42302",19,"Male","Freelancer","Android",10.7,6.2,6,6.8,4,58,6,10.7
"U42303",60,"Male","Professional","iOS",9.6,5.5,10,8,8,52,5,12.1
"U42304",49,"Male","Business Owner","iOS",5,5.6,5,4.5,5,40,2,3
"U42305",42,"Female","Freelancer","Android",4.6,3.9,10,8.3,5,20,2,5.4
"U42306",41,"Female","Professional","iOS",11.7,2.3,7,6.8,3,49,0,13.1
"U42307",18,"Female","Freelancer","iOS",1.7,5.1,4,8.1,9,40,5,14
"U42308",54,"Female","Freelancer","Android",7.9,3.3,10,7.6,10,38,6,3.8
"U42309",34,"Other","Student","Android",4.2,3.9,5,5.4,3,20,4,5.8
"U42310",43,"Female","Business Owner","Android",10.9,6.7,7,7.1,2,54,1,12.7
"U42311",29,"Female","Professional","iOS",4.1,2.5,1,6.2,6,7,2,11.4
"U42312",18,"Female","Business Owner","Android",7.9,2.6,3,8.5,4,24,2,5.4
"U42313",48,"Female","Professional","Android",4.1,2.5,9,7.7,3,21,3,13.6
"U42314",52,"Other","Freelancer","iOS",2.2,3.2,6,4.5,8,29,2,6.7
"U42315",59,"Male","Student","Android",3.6,1.9,3,5.2,8,51,2,8
"U42316",38,"Other","Business Owner","iOS",6.4,3.9,7,6.5,4,26,1,11.7
"U42317",45,"Male","Business Owner","iOS",6,1.3,4,7,2,29,4,2.7
"U42318",27,"Female","Professional","Android",8.2,3.3,9,7.3,7,20,5,11.1
"U42319",59,"Male","Student","iOS",11.6,6.3,5,7.1,3,48,2,11.9
"U42320",29,"Female","Professional","iOS",3.7,2.8,8,6.6,7,11,0,11.3
"U42321",46,"Other","Student","Android",6.8,4.9,9,6.4,5,25,5,7.2
"U42322",25,"Female","Professional","Android",3.8,0.7,8,6.5,7,13,0,10.3
"U42323",55,"Female","Professional","iOS",10.9,2.9,6,5.5,3,52,5,5.9
"U42324",60,"Female","Professional","Android",7.7,0.6,2,4.5,6,30,6,12.2
"U42325",28,"Other","Professional","iOS",1.4,3.1,1,7.4,3,54,4,2.1
"U42326",44,"Female","Freelancer","Android",8.9,2.2,10,5.7,10,43,2,12
"U42327",19,"Other","Business Owner","Android",1.8,2.8,2,4.3,2,6,3,7.9
"U42328",26,"Male","Freelancer","iOS",5.2,7,1,5.4,5,17,1,5.9
"U42329",58,"Male","Freelancer","Android",7.8,4.3,3,5.3,2,24,5,4
"U42330",60,"Female","Freelancer","iOS",10.3,2.4,10,5.3,6,46,3,10.5
"U42331",42,"Other","Professional","iOS",5.7,4,7,7.4,9,39,2,11.2
"U42332",22,"Other","Student","iOS",4.6,4.7,7,4.4,4,24,5,11.9
"U42333",25,"Other","Freelancer","iOS",2.8,1.3,1,7.9,2,25,5,8.8
"U42334",53,"Female","Business Owner","iOS",8.4,7.7,5,5.5,5,50,1,8.6
"U42335",45,"Female","Professional","iOS",5.4,0.5,8,5.1,5,60,3,12.7
"U42336",50,"Other","Freelancer","Android",2.5,6.1,8,5.9,3,30,5,7.5
"U42337",19,"Male","Freelancer","Android",4.6,8,6,5.5,2,41,0,9.9
"U42338",25,"Female","Freelancer","Android",1.7,7.9,9,8.9,4,40,0,3.1
"U42339",19,"Other","Student","Android",7.5,5.4,4,4.8,2,27,0,5.9
"U42340",56,"Female","Business Owner","iOS",7,3.9,7,5.3,10,43,2,9.7
"U42341",32,"Male","Professional","Android",1.7,3.6,3,8.4,5,29,1,8.7
"U42342",45,"Male","Business Owner","iOS",7.1,0.7,9,5.4,5,23,1,2.9
"U42343",18,"Male","Business Owner","iOS",7.4,6.2,7,9,2,14,1,13
"U42344",55,"Female","Business Owner","Android",8.8,7.1,9,8.6,9,51,3,11.2
"U42345",59,"Female","Business Owner","iOS",11.6,6.9,4,6.3,2,46,1,3.6
"U42346",22,"Other","Freelancer","Android",9.2,3.7,9,7.8,9,29,4,7.4
"U42347",55,"Female","Student","iOS",11.9,2,1,6.2,2,31,1,5.7
"U42348",35,"Female","Student","iOS",1.5,2.7,4,8.3,7,16,6,5.3
"U42349",54,"Female","Professional","Android",8.1,1.6,3,4.3,10,24,6,13.2
"U42350",18,"Female","Professional","Android",5.2,3.7,6,5.6,5,28,1,3.1
"U42351",53,"Other","Professional","iOS",1.3,0.8,4,8.3,10,40,6,3.2
"U42352",22,"Other","Student","Android",7.3,3.7,9,8.6,1,55,5,13.1
"U42353",59,"Female","Professional","Android",1.8,1.6,10,6.6,6,56,3,5.6
"U42354",47,"Male","Student","iOS",9.7,2.6,3,6.4,3,44,5,11.6
"U42355",21,"Female","Professional","Android",3.5,7.9,9,7.8,4,46,3,8.6
"U42356",21,"Other","Professional","iOS",8.4,6.1,3,7.5,10,45,3,2.6
"U42357",30,"Female","Student","iOS",10.1,5.9,7,4,9,59,6,7.9
"U42358",26,"Male","Business Owner","iOS",8.8,5.5,5,4.8,1,52,2,11.8
"U42359",49,"Female","Freelancer","Android",2.5,3.6,1,5.6,9,56,4,6.1
"U42360",43,"Other","Professional","Android",2.9,6.8,10,4.7,2,52,2,6.7
"U42361",60,"Other","Professional","iOS",5.2,1.1,8,6.8,6,38,0,3.5
"U42362",28,"Male","Student","Android",6,3.7,5,5.9,1,44,0,5
"U42363",51,"Female","Student","iOS",4.2,3.9,7,7.6,1,43,6,4.7
"U42364",19,"Male","Freelancer","Android",1.9,7.1,3,8.1,6,34,3,8.1
"U42365",40,"Other","Professional","Android",6.5,7.4,6,7.5,1,39,6,2.2
"U42366",60,"Other","Freelancer","Android",5.6,1.3,2,8.9,8,49,4,5
"U42367",60,"Other","Student","Android",8.5,2.8,9,7,2,7,4,7.9
"U42368",51,"Male","Freelancer","Android",2.5,2.1,1,6.4,10,31,5,7.9
"U42369",47,"Male","Freelancer","iOS",5.1,0.7,8,5.6,2,53,2,10.9
"U42370",47,"Female","Professional","Android",4.2,4.9,4,7.5,3,26,1,12.4
"U42371",49,"Other","Professional","iOS",4.5,0.7,1,8.3,3,50,3,11.4
"U42372",49,"Female","Student","Android",8.1,2.6,1,7.1,10,36,4,4.8
"U42373",21,"Female","Student","Android",1.6,5.5,2,8.3,5,23,1,4.8
"U42374",23,"Female","Student","iOS",9.8,0.9,7,6.2,7,16,3,10.2
"U42375",35,"Male","Professional","Android",10.6,1.9,7,8.4,5,13,2,7.7
"U42376",60,"Other","Professional","Android",2,6.5,5,5.3,7,34,3,4.7
"U42377",55,"Male","Student","Android",2.9,7.8,8,4.3,9,37,1,11.2
"U42378",47,"Female","Business Owner","iOS",8,3.3,9,4.4,9,14,5,12.1
"U42379",26,"Other","Student","Android",1.4,4.1,3,5.9,7,56,4,11.7
"U42380",42,"Other","Business Owner","iOS",6.4,4.2,10,7.4,4,8,5,6.2
"U42381",50,"Male","Professional","Android",7.7,4.6,8,6.1,10,25,0,11.3
"U42382",26,"Other","Freelancer","iOS",10.6,7.8,7,8.2,9,31,1,6.6
"U42383",24,"Male","Business Owner","Android",9.7,0.9,6,4.5,10,56,6,2.1
"U42384",24,"Female","Professional","Android",1.2,2.2,6,6.2,3,31,3,9.6
"U42385",54,"Male","Business Owner","Android",7.1,1.4,6,4.5,5,9,0,7.5
"U42386",39,"Female","Freelancer","Android",6.5,2.4,9,5.1,5,34,4,11
"U42387",45,"Other","Business Owner","iOS",1.4,5.6,7,5.4,6,5,0,5.6
"U42388",59,"Other","Professional","iOS",9,1.5,9,8.2,10,42,2,2.1
"U42389",59,"Male","Freelancer","Android",8.8,1.3,3,7.5,9,60,0,4.2
"U42390",56,"Other","Business Owner","Android",8.2,7.3,9,4.9,5,51,3,3
"U42391",43,"Female","Business Owner","iOS",10.6,4.7,7,6.6,6,60,4,14
"U42392",37,"Female","Professional","Android",9.2,4.4,6,8.6,1,16,4,10
"U42393",45,"Female","Professional","Android",1.9,0.6,9,7.6,8,22,6,5.8
"U42394",19,"Female","Professional","iOS",1.8,5.7,5,4,8,18,0,2.6
"U42395",49,"Other","Professional","iOS",2.1,3.8,1,6.5,2,39,0,8.2
"U42396",46,"Male","Student","iOS",9.8,5.3,9,6.9,2,15,3,11.3
"U42397",30,"Male","Business Owner","Android",4.9,6.9,4,9,9,9,3,7.5
"U42398",58,"Other","Freelancer","iOS",10.4,5.3,5,4,6,52,6,10.6
"U42399",38,"Male","Student","iOS",7.7,3.4,1,8.5,5,45,5,2.5
"U42400",56,"Other","Professional","iOS",8.7,1.5,2,5.6,4,22,6,14
"U42401",41,"Female","Professional","Android",3.3,7,5,8.4,1,7,4,6.2
"U42402",42,"Other","Freelancer","iOS",3.4,6.3,6,6,4,47,5,3.1
"U42403",54,"Male","Business Owner","iOS",7.6,5,2,6.5,9,59,0,2.4
"U42404",25,"Male","Freelancer","iOS",11.1,2.1,8,6.1,9,23,3,11.4
"U42405",55,"Other","Professional","iOS",4.3,0.9,10,6.1,4,30,6,11.7
"U42406",28,"Female","Business Owner","Android",10.9,0.9,5,7.2,10,15,2,11.3
"U42407",27,"Other","Student","iOS",11.5,3.9,3,7.8,9,25,1,5.9
"U42408",20,"Female","Professional","iOS",5.7,5.4,1,6.5,6,60,0,13.8
"U42409",40,"Other","Professional","Android",3.5,8,8,7.2,8,28,5,3.8
"U42410",25,"Male","Freelancer","Android",7.5,5.4,4,8.7,4,35,0,2.5
"U42411",31,"Other","Business Owner","iOS",8.1,7.4,8,4.5,2,6,3,12
"U42412",41,"Female","Business Owner","iOS",11.6,6.4,5,5.7,7,59,3,11
"U42413",43,"Male","Freelancer","Android",11.7,3.4,3,9,8,18,2,7
"U42414",33,"Other","Business Owner","Android",2.4,6.9,7,7.6,1,5,4,4.3
"U42415",54,"Male","Freelancer","iOS",7.5,3.8,7,4.5,4,5,6,8.1
"U42416",60,"Female","Freelancer","iOS",4.8,4.6,6,8.4,7,11,2,10.1
"U42417",47,"Male","Freelancer","Android",11,1.3,6,8.5,6,51,1,11.6
"U42418",36,"Male","Professional","Android",9.6,2.4,3,8.8,6,57,6,13
"U42419",51,"Female","Freelancer","iOS",11.9,1.8,1,6,8,21,3,3.5
"U42420",60,"Other","Business Owner","Android",5.1,2.9,1,8,10,42,2,9.2
"U42421",57,"Male","Student","iOS",5.4,6.3,3,4.3,4,43,6,6.6
"U42422",29,"Male","Student","Android",9.2,5.3,1,7.6,10,55,1,2.9
"U42423",40,"Other","Professional","iOS",2.3,0.6,1,4.6,5,45,0,10.8
"U42424",20,"Other","Freelancer","iOS",2.5,4.4,7,7,10,19,1,2.3
"U42425",21,"Female","Professional","iOS",6.3,5.3,2,6.3,1,45,1,13.7
"U42426",49,"Other","Business Owner","iOS",6.7,2.1,9,8.1,9,12,6,10.4
"U42427",40,"Female","Business Owner","Android",10.1,2.7,7,4.7,9,33,4,9.1
"U42428",24,"Male","Freelancer","iOS",7.9,5.6,2,7.6,3,12,1,10.3
"U42429",45,"Female","Business Owner","Android",11.1,6.8,2,8.2,10,25,4,5.4
"U42430",47,"Male","Professional","Android",11.4,4.5,9,4.5,2,19,5,8.4
"U42431",35,"Male","Student","Android",4.8,0.8,6,5.7,7,34,2,8.8
"U42432",51,"Male","Professional","Android",1.3,4.4,6,4.3,10,14,4,2.1
"U42433",44,"Male","Professional","Android",3.5,2.6,5,7.3,3,29,5,6.3
"U42434",58,"Male","Freelancer","Android",4.3,6.7,7,6.1,1,5,6,2.2
"U42435",48,"Other","Freelancer","Android",4,3.6,5,4.5,3,27,4,5.4
"U42436",30,"Male","Professional","Android",3.2,5.5,3,7.2,6,29,4,7.7
"U42437",41,"Female","Business Owner","iOS",1,6,2,7.1,1,27,1,8
"U42438",52,"Female","Student","Android",8,6.3,6,8.5,1,40,5,6.2
"U42439",25,"Female","Freelancer","iOS",8.6,7.3,5,8.9,4,39,3,12.6
"U42440",53,"Male","Professional","Android",1.8,4.4,10,4.7,2,41,0,9.2
"U42441",26,"Female","Professional","iOS",3.8,4,7,4.1,2,12,6,6
"U42442",25,"Other","Professional","Android",1.9,4.8,1,5.4,7,12,5,4.6
"U42443",49,"Female","Business Owner","iOS",9.1,4,5,4.1,10,40,2,4.6
"U42444",49,"Male","Student","Android",8.8,1.3,7,4.2,2,38,0,2.6
"U42445",34,"Other","Professional","iOS",9.5,3,6,6,10,8,6,9.1
"U42446",50,"Male","Business Owner","iOS",8.9,3.3,7,8.3,9,31,1,11.1
"U42447",46,"Female","Student","Android",4.6,7.5,1,4.6,4,56,1,2.8
"U42448",36,"Other","Freelancer","Android",8.7,2.3,2,7.5,4,35,3,6.6
"U42449",49,"Female","Freelancer","iOS",5.6,1.7,2,7.8,6,40,5,5.3
"U42450",46,"Female","Freelancer","iOS",4.9,1,2,5.9,6,35,0,6.1
"U42451",56,"Female","Student","iOS",2.5,2.7,10,8,7,5,3,8.6
"U42452",33,"Male","Professional","iOS",7.9,2.7,10,7.9,5,37,5,11.3
"U42453",41,"Male","Professional","Android",6.9,3.4,6,4.4,7,33,4,6.4
"U42454",57,"Female","Freelancer","iOS",2.5,0.8,4,6.2,2,7,6,10.2
"U42455",57,"Female","Professional","Android",6.4,5.6,3,6.8,6,44,6,2.4
"U42456",60,"Other","Professional","iOS",1.7,0.8,1,4.4,6,53,6,4
"U42457",39,"Other","Freelancer","Android",10.1,5.2,10,8.3,8,25,3,11.2
"U42458",59,"Female","Business Owner","iOS",1,3.9,8,8.9,10,47,0,6.3
"U42459",53,"Other","Business Owner","iOS",10.3,4.1,2,6.9,3,33,0,4
"U42460",37,"Other","Student","Android",1.3,2.1,7,8.9,7,10,0,10.4
"U42461",31,"Female","Professional","iOS",1.2,2.4,4,8.3,1,60,6,10.6
"U42462",52,"Male","Professional","iOS",2.4,5.4,5,6,8,45,4,11
"U42463",33,"Other","Business Owner","iOS",2,6.5,6,8.8,2,48,6,9.4
"U42464",41,"Female","Freelancer","Android",5.8,2.5,9,5.8,5,47,5,8.4
"U42465",42,"Male","Student","Android",1.7,7.8,8,5.8,5,21,6,2.1
"U42466",56,"Male","Professional","iOS",11.3,5.1,10,7.7,8,49,3,5
"U42467",55,"Other","Freelancer","iOS",9.5,3.3,3,4.8,1,60,3,10.3
"U42468",55,"Male","Freelancer","Android",1.8,3.6,4,8.1,9,5,6,7.8
"U42469",48,"Male","Professional","iOS",10.8,5.8,6,4,6,17,4,5.2
"U42470",25,"Male","Freelancer","Android",7.6,3.1,8,7.7,5,40,4,5.8
"U42471",29,"Female","Student","iOS",3.3,6.3,6,4.8,6,32,2,7.3
"U42472",40,"Male","Freelancer","iOS",5.7,1.4,7,5.3,10,60,4,12.6
"U42473",27,"Male","Professional","iOS",1.9,1.4,5,6.2,6,47,6,2
"U42474",20,"Male","Professional","iOS",1.4,1.1,5,6.7,8,48,2,2.5
"U42475",23,"Female","Business Owner","iOS",10,5,3,8,10,19,6,2
"U42476",57,"Male","Student","iOS",2.3,7.6,7,7.2,3,14,2,3.4
"U42477",30,"Other","Freelancer","Android",9.2,4.6,1,6.7,10,5,1,7.1
"U42478",21,"Female","Freelancer","iOS",3.4,2.5,7,5.7,3,59,2,7.6
"U42479",42,"Female","Student","iOS",4.3,7.5,5,8.4,3,29,1,10
"U42480",34,"Other","Business Owner","iOS",2.3,6.1,8,7.1,1,29,1,9
"U42481",45,"Female","Business Owner","Android",3.9,4.9,6,6.4,10,43,5,13.2
"U42482",58,"Female","Student","iOS",4.7,4.7,10,4,6,59,4,6.6
"U42483",54,"Other","Professional","Android",8.6,2.3,3,6.6,4,37,2,13
"U42484",25,"Female","Freelancer","iOS",10.7,2.4,3,5.6,6,19,1,12.8
"U42485",27,"Other","Professional","iOS",7.3,6.7,2,6.3,3,9,2,2.7
"U42486",42,"Male","Business Owner","Android",7.1,4.2,4,7,9,49,6,8.4
"U42487",49,"Other","Professional","Android",10.6,6.5,10,7.2,7,19,2,4.6
"U42488",25,"Other","Professional","iOS",5.1,5.6,6,6.7,7,6,6,3.8
"U42489",54,"Female","Student","iOS",1.3,1.1,8,6,2,54,6,2.9
"U42490",23,"Female","Freelancer","Android",9.5,1.7,4,5.5,6,17,1,13.4
"U42491",54,"Female","Business Owner","iOS",6.9,7.7,3,7.7,4,52,4,13
"U42492",44,"Female","Student","Android",6.9,3.1,5,8.1,7,44,4,7.8
"U42493",55,"Male","Business Owner","Android",7.2,5.3,7,7.7,2,20,4,12.9
"U42494",54,"Male","Professional","Android",2.2,5.2,6,6.1,5,30,0,7.4
"U42495",30,"Other","Student","iOS",11.1,4.8,7,5,5,36,6,8.6
"U42496",31,"Male","Business Owner","Android",8.9,4.4,1,8.8,2,17,1,2.1
"U42497",41,"Female","Professional","iOS",1.5,5.5,6,8.5,5,45,4,8.9
"U42498",33,"Male","Professional","iOS",6.7,5,5,6.3,2,19,3,4.4
"U42499",20,"Male","Business Owner","iOS",9.7,1.3,5,4.2,2,57,2,8.9
"U42500",31,"Male","Student","iOS",7.6,6.2,6,7.9,1,11,5,8.2
"U42501",58,"Male","Freelancer","iOS",7.4,2.9,5,7.4,10,15,6,10.6
"U42502",22,"Female","Professional","Android",10.2,1.7,4,7.5,1,48,6,2
"U42503",33,"Other","Student","Android",9.7,1.6,2,8.3,1,37,6,12.5
"U42504",53,"Female","Business Owner","Android",3.1,4.9,9,7.7,4,16,0,7.3
"U42505",48,"Female","Student","iOS",8.8,3.1,5,8.9,3,34,0,12.4
"U42506",53,"Female","Professional","Android",7.9,7.5,7,6.3,6,38,2,12.4
"U42507",31,"Male","Freelancer","Android",9.5,2.1,10,8.4,7,40,3,12.3
"U42508",20,"Male","Business Owner","Android",1.7,7.2,3,5.5,5,45,4,11.9
"U42509",38,"Male","Business Owner","iOS",8.7,4.8,8,6.7,4,9,4,4.6
"U42510",59,"Male","Freelancer","iOS",4.8,6.6,4,4.5,6,48,5,4.8
"U42511",43,"Female","Professional","Android",9.4,5.9,1,8.4,8,20,6,11.5
"U42512",51,"Female","Student","Android",5.7,6.1,5,6.8,4,51,3,7.9
"U42513",26,"Female","Professional","Android",6.6,6.8,1,6.1,9,5,0,13.3
"U42514",50,"Male","Business Owner","iOS",8.2,1.7,8,5.8,1,12,0,5.6
"U42515",48,"Other","Student","iOS",5.1,1.9,6,6.4,5,54,4,5.1
"U42516",41,"Female","Business Owner","Android",9.9,2.6,10,6.6,7,49,4,3
"U42517",32,"Male","Professional","iOS",10.9,6.8,1,6.2,5,54,3,11.9
"U42518",33,"Male","Business Owner","iOS",7.1,4.1,10,4.7,8,51,1,4.6
"U42519",39,"Other","Professional","Android",3.5,7.6,8,6.9,8,31,4,5.6
"U42520",39,"Female","Business Owner","iOS",4.4,0.8,8,8.5,7,22,3,4.1
"U42521",29,"Female","Student","Android",8.1,1.3,6,8.5,5,17,2,13
"U42522",45,"Male","Professional","Android",10.2,2.5,6,5.7,7,58,3,2.4
"U42523",28,"Female","Professional","Android",1.3,5.9,10,8,4,60,0,13.4
"U42524",21,"Female","Student","iOS",3.2,1.9,4,5.9,1,56,3,3.9
"U42525",26,"Male","Professional","iOS",9.6,3.3,4,6.8,1,48,2,13.1
"U42526",56,"Male","Student","iOS",9.5,3.7,5,5.2,7,10,6,2
"U42527",35,"Female","Freelancer","Android",11,4.4,7,7.3,9,29,1,12.2
"U42528",53,"Female","Professional","iOS",2.6,4.4,2,4.4,6,28,0,6.2
"U42529",49,"Female","Student","iOS",5.5,1.9,2,5,2,11,6,6.2
"U42530",34,"Other","Student","iOS",9.8,6.3,9,8.9,6,43,1,12.2
"U42531",48,"Other","Professional","iOS",2.1,6,5,8.4,6,41,2,3.4
"U42532",50,"Other","Professional","iOS",9.4,3.5,2,5.6,2,38,0,7.8
"U42533",25,"Male","Student","Android",9.6,2.6,4,4.9,9,42,3,2.4
"U42534",25,"Male","Freelancer","iOS",1.7,0.7,3,6.7,1,45,3,2.6
"U42535",29,"Female","Freelancer","Android",1.3,7.3,3,8.5,6,37,3,4.7
"U42536",53,"Male","Business Owner","Android",2.2,7.3,9,8.9,2,8,4,3.2
"U42537",28,"Male","Professional","iOS",11,5.2,5,7.3,10,33,3,2
"U42538",43,"Other","Business Owner","iOS",6.5,7.1,9,4.4,4,58,6,2.7
"U42539",55,"Other","Freelancer","Android",11,1.9,6,7.6,3,33,0,5
"U42540",60,"Other","Student","Android",7.6,7.5,3,7.6,4,21,4,13.7
"U42541",55,"Male","Freelancer","iOS",11.5,2.4,1,6.4,7,53,2,5.4
"U42542",30,"Female","Professional","iOS",4.6,6,8,5.8,7,60,4,2.7
"U42543",36,"Male","Business Owner","Android",4.2,3.8,1,5.1,8,6,0,5.2
"U42544",41,"Female","Business Owner","iOS",3.4,3.1,10,5.9,6,8,6,4.5
"U42545",25,"Male","Business Owner","Android",3.2,2.8,2,7.7,2,11,1,13.2
"U42546",46,"Male","Student","iOS",2.4,2.5,9,7.5,6,51,2,4.9
"U42547",32,"Male","Professional","iOS",8.4,7.2,5,7.3,5,5,4,13.1
"U42548",54,"Other","Student","Android",7.2,1.6,3,4.5,8,55,4,8.8
"U42549",28,"Other","Business Owner","iOS",9.6,4.9,10,6.6,10,49,4,5.4
"U42550",26,"Female","Freelancer","Android",10.7,7.5,2,5.7,9,36,4,9.6
"U42551",26,"Female","Student","iOS",5,5.8,1,7.9,2,50,1,10.2
"U42552",55,"Female","Business Owner","iOS",1.5,3,6,5.6,6,16,6,8
"U42553",32,"Female","Freelancer","iOS",6.8,1.7,9,8.5,7,47,3,9.6
"U42554",23,"Other","Freelancer","iOS",3.9,6.8,2,5.6,6,45,4,4.8
"U42555",46,"Female","Business Owner","Android",8.2,1.2,7,8.7,9,19,3,2.8
"U42556",59,"Female","Professional","iOS",10.2,7,9,6.7,3,35,0,12.6
"U42557",47,"Other","Business Owner","Android",2.5,5.9,1,5.9,6,11,1,9.9
"U42558",50,"Male","Student","Android",8.2,4.6,6,6.5,4,31,3,12.8
"U42559",45,"Male","Student","Android",7,7.4,6,5.4,3,20,0,6.7
"U42560",39,"Female","Professional","Android",8.4,7.4,9,4.2,3,44,5,2.3
"U42561",18,"Female","Business Owner","iOS",9.1,4.7,7,8.4,4,9,1,11.9
"U42562",33,"Female","Student","iOS",9.5,6.6,10,4.3,6,29,6,6.4
"U42563",54,"Other","Business Owner","iOS",10.7,0.7,6,5.9,5,34,4,2.7
"U42564",59,"Other","Student","Android",12,5.5,4,8.4,2,39,5,2.8
"U42565",35,"Female","Professional","Android",10.7,6.2,3,6.8,8,39,2,13.6
"U42566",46,"Male","Professional","Android",9.5,1.4,7,6.8,2,30,0,11.5
"U42567",41,"Male","Business Owner","iOS",4.8,5.6,10,9,1,43,0,7
"U42568",59,"Male","Freelancer","Android",2.7,3.3,2,7.2,10,56,0,12.1
"U42569",59,"Other","Freelancer","iOS",9.7,7.5,7,4.7,8,19,2,11.5
"U42570",21,"Other","Student","Android",6.7,4.4,2,4.4,2,31,5,8.6
"U42571",38,"Male","Business Owner","iOS",10.1,7.8,8,8.3,4,60,2,9.9
"U42572",38,"Other","Freelancer","iOS",11.1,3.8,10,4.7,9,55,5,8.8
"U42573",48,"Female","Student","Android",6.4,6.6,6,7.1,9,54,6,9.7
"U42574",60,"Male","Business Owner","Android",1.6,6.8,9,7.9,4,29,3,6.5
"U42575",49,"Male","Student","iOS",2.8,6,1,4.6,7,47,2,6.4
"U42576",48,"Female","Freelancer","Android",9.2,4.3,6,6.9,8,12,1,3.6
"U42577",54,"Male","Professional","iOS",1.6,1.2,10,4.8,5,18,3,7.8
"U42578",23,"Male","Business Owner","Android",7.5,6.7,5,4.6,8,56,6,8.8
"U42579",47,"Female","Professional","iOS",5.5,2.3,8,5.4,4,7,2,11.4
"U42580",37,"Male","Freelancer","Android",8.1,1.4,1,8.1,9,15,0,9.4
"U42581",31,"Other","Professional","iOS",9,4.9,5,6.6,9,23,6,3.2
"U42582",22,"Female","Professional","Android",6.4,2,6,6.9,4,45,1,4.4
"U42583",26,"Male","Professional","Android",8.3,0.8,5,4.2,5,60,3,8.6
"U42584",60,"Male","Professional","iOS",2,3.3,4,8.3,6,54,5,3.5
"U42585",37,"Male","Freelancer","Android",6.5,5.5,5,5.1,3,15,6,11.4
"U42586",31,"Male","Business Owner","Android",3.2,1.9,5,4.2,9,32,6,5.2
"U42587",37,"Other","Student","Android",9.7,1.4,3,6.7,2,14,4,5
"U42588",59,"Male","Professional","Android",8.4,2,3,8.6,8,32,5,4.3
"U42589",38,"Male","Professional","iOS",4.2,1.7,9,6.5,3,53,3,7.4
"U42590",31,"Male","Business Owner","iOS",5.1,5.3,5,6.6,10,7,0,6.5
"U42591",40,"Female","Professional","iOS",10.8,6.9,1,4.6,6,44,5,2.3
"U42592",33,"Male","Professional","Android",10.3,2.5,1,7.7,9,5,0,9
"U42593",50,"Female","Freelancer","Android",2.2,5.7,8,4.1,8,7,4,5.9
"U42594",22,"Other","Student","iOS",7.1,6.7,6,8.7,7,40,1,4.1
"U42595",22,"Other","Business Owner","iOS",5.2,6.5,7,8.4,7,46,0,12.3
"U42596",39,"Male","Business Owner","iOS",7.3,3.1,8,6.2,7,58,1,7.6
"U42597",49,"Female","Professional","iOS",4,2.4,9,7.4,8,30,1,6.5
"U42598",40,"Other","Freelancer","Android",9.4,3.5,7,4.7,9,20,6,6.9
"U42599",20,"Male","Business Owner","Android",5.1,2.3,7,7.2,8,9,0,12.4
"U42600",55,"Male","Freelancer","iOS",8,5.2,1,8.8,1,28,1,6.1
"U42601",27,"Other","Business Owner","iOS",2.5,6.2,7,6,9,32,2,9.9
"U42602",47,"Female","Professional","iOS",8.4,6.8,1,6.8,9,47,3,4.1
"U42603",28,"Female","Professional","Android",8.7,6.2,1,7.2,5,11,6,13.2
"U42604",21,"Male","Business Owner","iOS",7.2,1.5,4,4.8,4,31,4,12.3
"U42605",57,"Other","Professional","Android",4.6,0.9,8,8.5,6,22,3,12.4
"U42606",35,"Other","Student","Android",10.4,0.6,5,5.6,10,5,3,11.1
"U42607",50,"Female","Student","iOS",2.3,5.5,5,4.6,6,9,5,10.9
"U42608",20,"Male","Student","Android",1.2,1.8,1,8.7,8,22,6,13.6
"U42609",30,"Other","Professional","Android",2.1,3.7,3,5.9,9,8,2,13.6
"U42610",42,"Other","Student","iOS",10.3,0.9,7,8.3,9,43,5,8.7
"U42611",55,"Female","Freelancer","iOS",11.9,5.3,7,5.4,6,46,0,10.5
"U42612",41,"Male","Freelancer","iOS",3.2,1.9,1,8.9,7,23,1,9.5
"U42613",46,"Other","Student","iOS",9.4,2.2,6,5.3,8,44,6,13
"U42614",59,"Female","Freelancer","Android",3.3,2.3,2,7.2,6,16,4,12.5
"U42615",40,"Male","Professional","iOS",3.5,3.5,8,5.9,6,24,1,12.3
"U42616",44,"Other","Business Owner","iOS",7.4,4.1,6,4.5,6,49,5,9.8
"U42617",29,"Female","Professional","iOS",7.4,5.4,6,7.7,4,59,5,11.7
"U42618",57,"Male","Freelancer","iOS",2.1,2.8,3,4.2,7,12,6,5.8
"U42619",34,"Other","Student","Android",10.7,4.8,7,4.9,1,31,4,2.4
"U42620",30,"Female","Freelancer","iOS",8.1,1.8,6,4.1,3,38,5,3.8
"U42621",30,"Female","Professional","Android",11.1,5.2,4,8.3,7,53,4,11.4
"U42622",54,"Female","Student","iOS",11.6,7,2,5.9,2,60,1,3.4
"U42623",24,"Female","Student","iOS",3.9,5.1,3,7.2,2,29,5,11.5
"U42624",44,"Female","Professional","iOS",4.6,6,3,7.4,8,52,2,13.3
"U42625",52,"Other","Freelancer","Android",11.6,5.9,2,7.2,9,39,6,4.4
"U42626",42,"Male","Professional","iOS",4.3,4.7,2,7.1,1,5,1,13.1
"U42627",47,"Other","Professional","Android",5.2,3,7,4.8,1,48,4,10.1
"U42628",18,"Female","Freelancer","Android",1.7,2.8,3,8.6,1,12,6,3
"U42629",51,"Female","Business Owner","iOS",3.3,7.3,1,4.1,10,23,3,4.3
"U42630",52,"Other","Student","Android",8.9,0.7,1,5.6,3,58,5,10.4
"U42631",38,"Male","Student","Android",5.3,2.5,2,8.7,2,27,1,3.1
"U42632",38,"Male","Professional","Android",10.1,4,6,8,2,20,4,8.3
"U42633",19,"Male","Student","iOS",9.5,7,9,6.7,3,27,5,2.8
"U42634",43,"Other","Business Owner","Android",7.8,2.8,6,5.7,1,54,6,9.5
"U42635",54,"Other","Freelancer","iOS",11.8,5.7,6,7.5,3,48,2,4.6
"U42636",35,"Male","Student","Android",5.1,2.4,4,7.7,3,51,2,3.5
"U42637",32,"Other","Professional","Android",10.1,1.6,9,8.1,10,52,5,4.1
"U42638",55,"Male","Student","iOS",9,1.9,7,4.5,3,34,6,3.2
"U42639",59,"Other","Student","Android",9.6,2.2,5,8.3,4,5,3,5.8
"U42640",35,"Female","Student","iOS",7.5,6,1,8.2,8,24,1,2.1
"U42641",35,"Female","Professional","Android",8.4,1.2,3,4.2,5,13,1,10.8
"U42642",24,"Female","Professional","iOS",6.6,3.5,9,6.3,2,18,4,10.2
"U42643",21,"Other","Professional","iOS",6.7,4.9,7,6.1,4,49,4,3.4
"U42644",22,"Other","Professional","iOS",8.8,3.1,9,5.1,2,58,3,12.1
"U42645",19,"Female","Student","Android",3.7,0.9,9,7.3,3,30,5,11.6
"U42646",37,"Male","Business Owner","Android",9.7,3.1,1,4,4,52,0,3.8
"U42647",27,"Other","Student","Android",6.7,2.2,10,7.9,7,16,6,13.3
"U42648",49,"Other","Business Owner","Android",4.2,6.8,4,7.1,10,30,0,2.7
"U42649",55,"Male","Freelancer","iOS",2.6,6.4,5,5.7,5,36,2,10.6
"U42650",48,"Male","Professional","iOS",11.3,5.8,4,6.1,1,59,0,2.7
"U42651",34,"Female","Professional","iOS",5.8,1.8,6,5.8,8,7,4,2.9
"U42652",57,"Female","Professional","Android",8.5,3.9,3,8.8,4,28,2,7.6
"U42653",30,"Male","Student","iOS",6,6.2,6,4.1,3,48,3,12
"U42654",40,"Other","Freelancer","iOS",10.1,5.9,4,4.2,6,56,0,3.3
"U42655",35,"Female","Student","Android",10.5,2.7,5,7.7,2,20,2,2.9
"U42656",55,"Male","Professional","iOS",2.6,4.5,7,5.2,8,27,4,13.9
"U42657",27,"Other","Student","Android",6.7,3.3,2,8.7,4,11,6,13.1
"U42658",25,"Female","Student","iOS",6.9,6,5,4.1,1,27,5,7.6
"U42659",18,"Male","Student","iOS",7.7,7.8,7,5.3,1,59,5,5.5
"U42660",24,"Female","Freelancer","Android",2.7,5.9,6,6.1,8,18,4,12.4
"U42661",51,"Other","Business Owner","Android",5.7,5,3,4.5,7,57,4,5.6
"U42662",22,"Female","Business Owner","iOS",11.7,0.8,9,5.4,2,44,3,13.9
"U42663",50,"Male","Freelancer","Android",8.6,2,6,6.1,2,14,5,10.6
"U42664",52,"Male","Freelancer","Android",4.2,7.5,9,4.8,3,42,3,9.7
"U42665",58,"Other","Student","Android",4.3,5.5,2,4.8,3,45,5,3.1
"U42666",57,"Other","Business Owner","iOS",4.6,1.2,2,6.1,1,23,2,7.9
"U42667",44,"Other","Freelancer","iOS",6.6,2.6,1,5.2,8,54,1,5.1
"U42668",57,"Male","Professional","Android",1.9,3.9,3,7.7,7,13,0,8.6
"U42669",57,"Female","Freelancer","iOS",3.6,3.5,4,7.7,2,5,4,12
"U42670",59,"Other","Student","iOS",10.3,4.7,2,4.1,1,8,6,9.7
"U42671",25,"Female","Business Owner","Android",1.8,1.1,1,6.1,5,27,5,13.6
"U42672",31,"Other","Professional","iOS",11.9,6.5,7,4.7,1,40,1,5.9
"U42673",27,"Other","Business Owner","Android",4.7,7.6,2,4.2,9,34,4,4.7
"U42674",58,"Other","Student","iOS",5.9,3.9,2,8.6,2,58,0,4.6
"U42675",55,"Female","Freelancer","Android",2.4,6,10,8.7,1,52,6,5.1
"U42676",33,"Female","Student","iOS",4.3,6.7,2,7.6,9,47,3,4.5
"U42677",41,"Other","Student","iOS",8,1.4,4,7.2,9,10,5,4.7
"U42678",46,"Female","Professional","iOS",6.4,4.5,1,9,4,25,0,10.1
"U42679",38,"Other","Professional","iOS",11.3,3,2,7.7,2,39,3,4.1
"U42680",31,"Other","Freelancer","Android",4.9,0.9,4,7.4,10,38,3,13.4
"U42681",51,"Female","Student","iOS",1.5,4.4,9,4.9,4,26,4,4.6
"U42682",37,"Other","Student","Android",8.9,6.9,9,5.6,1,34,4,6.6
"U42683",50,"Female","Freelancer","Android",10.5,4.1,1,7,2,54,6,9.8
"U42684",58,"Other","Freelancer","Android",1.7,3.9,1,7.6,4,22,5,8.7
"U42685",22,"Male","Freelancer","Android",7.1,1.4,6,4,6,40,2,7.3
"U42686",24,"Female","Business Owner","iOS",3.2,5.8,7,6.7,2,30,5,3.5
"U42687",23,"Other","Professional","Android",1.6,6.4,10,7.5,10,17,6,13.5
"U42688",38,"Other","Professional","Android",10.2,6.1,10,8.3,3,7,3,7.4
"U42689",49,"Other","Freelancer","iOS",5.4,6.5,6,4.9,4,48,1,9.9
"U42690",20,"Other","Professional","Android",2.2,3.1,5,7.2,8,13,4,3.9
"U42691",30,"Female","Student","Android",1.4,1,8,4.8,5,39,5,6.5
"U42692",37,"Female","Freelancer","iOS",8,7.2,10,4,9,8,2,2
"U42693",47,"Other","Business Owner","Android",7.9,2.2,4,7.7,8,15,1,10.7
"U42694",41,"Other","Freelancer","Android",3.3,5,3,6.3,9,40,6,10.7
"U42695",43,"Male","Business Owner","iOS",9.3,6.6,7,5.5,3,25,5,5.8
"U42696",21,"Other","Freelancer","iOS",2.3,6,9,7.5,5,29,2,2.4
"U42697",59,"Other","Professional","Android",10.9,3.8,3,7.7,1,17,3,10.9
"U42698",23,"Female","Student","iOS",9,4.8,6,5.9,9,12,5,12.5
"U42699",44,"Other","Business Owner","Android",10.5,3,5,7.8,8,31,5,11.5
"U42700",36,"Other","Professional","Android",3.9,1.2,3,7.2,10,52,2,5.1
"U42701",28,"Other","Freelancer","iOS",3.2,5.1,6,6.6,1,52,2,9.7
"U42702",42,"Other","Student","iOS",9,4.9,7,8.2,5,44,6,3.8
"U42703",29,"Female","Professional","Android",4.6,7.5,7,5.1,1,35,6,7.1
"U42704",37,"Female","Student","Android",11.2,7.8,7,5.3,1,60,5,13.3
"U42705",39,"Female","Business Owner","Android",7.6,5.9,7,4.9,6,52,2,12.8
"U42706",38,"Male","Freelancer","Android",10.6,6.3,8,7.7,8,22,3,6.9
"U42707",36,"Male","Professional","iOS",10.3,7.2,2,5,5,45,4,7.9
"U42708",44,"Female","Student","Android",3.5,5.9,8,5.1,10,12,0,5.3
"U42709",28,"Male","Business Owner","Android",8.9,6.3,8,5.4,6,58,4,13.6
"U42710",18,"Other","Business Owner","iOS",11.4,4.4,5,8.5,10,27,6,9.2
"U42711",29,"Other","Business Owner","Android",9.9,5.3,7,8.4,10,59,6,12.3
"U42712",25,"Other","Student","Android",7.8,5.8,1,9,8,12,3,4.5
"U42713",32,"Female","Student","iOS",6,1.4,3,8.7,4,49,5,12.9
"U42714",39,"Other","Student","Android",9.1,5.9,4,8.9,2,58,0,7.3
"U42715",34,"Female","Business Owner","iOS",8.9,4.6,2,5.6,4,40,3,4.4
"U42716",42,"Other","Freelancer","iOS",4.1,4,6,8.8,6,33,1,2.8
"U42717",57,"Female","Professional","Android",11.8,4.8,3,4.3,5,37,6,13.5
"U42718",28,"Other","Student","iOS",1,6,3,7.3,7,6,3,5.9
"U42719",27,"Female","Student","Android",1.8,1.3,10,4.4,8,20,0,13.4
"U42720",60,"Other","Student","Android",11.3,3.7,5,7.7,7,20,4,4.5
"U42721",33,"Male","Freelancer","iOS",2,0.7,10,4.4,4,34,2,7.7
"U42722",54,"Male","Business Owner","Android",5.9,6.9,9,6,6,44,4,12.3
"U42723",36,"Male","Professional","Android",8.3,6.5,3,7.1,3,6,5,3.7
"U42724",18,"Female","Business Owner","Android",10.1,6.3,3,7.3,3,17,1,10.1
"U42725",49,"Male","Freelancer","iOS",7.1,1.4,5,8.1,2,24,0,12
"U42726",23,"Other","Freelancer","Android",10.8,2,10,5,5,13,2,13.3
"U42727",46,"Male","Freelancer","Android",8.4,6.3,3,7.7,1,37,4,9.9
"U42728",33,"Other","Student","iOS",9.4,2.3,4,5.4,3,34,1,3.9
"U42729",60,"Female","Business Owner","Android",4.7,1.8,2,4.1,8,29,0,7.7
"U42730",36,"Male","Professional","Android",10.5,5.7,4,6.6,9,37,2,10.9
"U42731",32,"Other","Freelancer","Android",11.4,3.6,4,5.7,5,33,1,13.2
"U42732",35,"Other","Business Owner","Android",5.1,4.8,9,5.2,3,22,3,5.7
"U42733",42,"Female","Business Owner","iOS",6.8,5.9,8,9,7,60,5,13.4
"U42734",42,"Female","Professional","iOS",10.9,1.6,2,7.6,10,21,6,7.9
"U42735",21,"Male","Professional","Android",10.2,5,5,6.5,2,29,1,10
"U42736",57,"Other","Professional","Android",4.5,3.9,4,4.8,9,13,4,6.3
"U42737",39,"Male","Business Owner","Android",1.3,1.5,8,4.1,7,29,0,3
"U42738",34,"Male","Professional","iOS",7.5,4.7,9,5.4,10,22,4,9.7
"U42739",48,"Male","Professional","iOS",3.5,6.3,7,6.8,3,58,2,3.9
"U42740",21,"Male","Professional","iOS",2.5,3.8,9,7.7,1,56,2,3
"U42741",60,"Female","Freelancer","Android",10.4,6.3,1,8.8,8,56,1,4.6
"U42742",21,"Other","Freelancer","Android",10.6,3.5,9,5.1,4,43,2,11.1
"U42743",44,"Male","Professional","Android",7.1,0.5,5,6,1,53,5,4.8
"U42744",21,"Female","Freelancer","iOS",2.7,2,4,5.1,4,26,3,4.4
"U42745",33,"Other","Freelancer","Android",3.6,3,5,8.2,10,20,1,9.4
"U42746",54,"Female","Professional","Android",1.1,6.1,10,4.4,1,56,3,6.9
"U42747",51,"Other","Professional","Android",3.4,5.5,6,6.5,3,33,2,10.8
"U42748",22,"Female","Freelancer","iOS",11,5.4,4,5.3,2,21,5,9.2
"U42749",21,"Other","Freelancer","Android",8.9,3.1,4,4.5,10,36,3,11.9
"U42750",46,"Other","Professional","iOS",10.6,5.3,8,4.1,7,49,4,13.2
"U42751",54,"Male","Professional","Android",9.1,3.8,8,8.6,10,35,1,3.4
"U42752",40,"Other","Freelancer","iOS",5.6,0.6,4,6.4,6,59,5,14
"U42753",24,"Other","Business Owner","Android",8.9,4.7,2,8.3,7,17,0,10.7
"U42754",43,"Male","Freelancer","Android",11.4,5.8,8,8.6,9,25,0,3.9
"U42755",30,"Female","Business Owner","iOS",8.3,4.7,3,7.6,5,19,1,10.7
"U42756",39,"Male","Professional","Android",10,4.5,6,7,4,34,4,7.6
"U42757",26,"Female","Freelancer","iOS",8.1,3.6,3,7.2,5,10,2,2.1
"U42758",22,"Male","Freelancer","iOS",1.7,3.7,8,7.9,4,12,4,12
"U42759",34,"Other","Professional","Android",9.2,0.5,3,7.6,2,7,1,13.8
"U42760",58,"Female","Freelancer","iOS",7.1,2.5,9,5.7,10,59,5,5.6
"U42761",23,"Male","Student","iOS",7.9,5.9,6,8.6,8,52,6,13.1
"U42762",29,"Other","Student","Android",3.1,2,2,7.6,3,8,4,12.1
"U42763",18,"Other","Student","iOS",1.4,4.2,9,6.6,2,49,6,7.8
"U42764",28,"Male","Business Owner","iOS",7.6,3.5,4,8.8,7,56,6,10
"U42765",28,"Female","Professional","iOS",3.8,2.8,1,8.7,2,44,0,10.8
"U42766",36,"Female","Freelancer","Android",6.7,2.1,4,5.7,10,40,5,8.8
"U42767",58,"Male","Student","Android",2.6,1.4,4,4.8,1,39,0,13.6
"U42768",24,"Female","Freelancer","iOS",4.9,5.1,5,8.3,6,60,1,6
"U42769",49,"Other","Student","Android",7.9,2.3,6,5.1,3,33,1,10.1
"U42770",39,"Other","Professional","Android",11.8,6,9,6.7,10,47,4,7
"U42771",43,"Female","Freelancer","Android",2.6,7.2,3,4.1,7,30,0,6.3
"U42772",22,"Male","Student","iOS",2.2,2.8,8,6.1,8,12,1,12.8
"U42773",42,"Female","Student","iOS",11.2,2.8,5,8.6,10,58,1,11.5
"U42774",50,"Male","Business Owner","Android",6.9,5.4,4,6.5,6,39,6,11.6
"U42775",20,"Female","Student","Android",11.3,5.4,6,8.1,6,6,1,6
"U42776",56,"Male","Business Owner","Android",8.4,1,9,4.7,6,54,1,6.9
"U42777",39,"Other","Professional","Android",1.1,1.1,3,7.8,4,37,1,7.3
"U42778",45,"Male","Business Owner","Android",6.6,3,2,6.3,7,19,6,10.1
"U42779",34,"Other","Freelancer","iOS",8.3,4.5,1,4.2,3,16,4,6.3
"U42780",60,"Female","Professional","Android",8.3,3.9,3,6.3,6,59,2,12.3
"U42781",23,"Other","Freelancer","iOS",3.7,7.4,7,7.1,6,11,4,11.6
"U42782",51,"Other","Freelancer","Android",9.9,3.7,1,4.2,6,11,5,12
"U42783",39,"Other","Student","Android",4.6,4.2,1,8.2,1,42,0,9.1
"U42784",35,"Male","Student","iOS",5.5,2.8,4,5,7,18,0,7.7
"U42785",25,"Female","Business Owner","Android",2.2,0.6,10,6.6,6,21,2,10.3
"U42786",30,"Male","Business Owner","iOS",7.6,2.9,9,8.6,8,37,1,9.9
"U42787",31,"Male","Student","Android",9,5.1,9,6.1,3,56,6,13
"U42788",30,"Other","Professional","iOS",10.6,7.7,9,5.3,5,47,6,9.7
"U42789",45,"Other","Student","iOS",5.9,7.8,3,7.9,9,43,0,4.2
"U42790",43,"Other","Freelancer","Android",10.9,5.5,3,6.6,3,18,1,5.6
"U42791",41,"Other","Professional","Android",6.2,5.4,4,8.1,3,48,6,13.5
"U42792",18,"Male","Freelancer","Android",7.7,5.2,3,7.8,7,33,6,11.4
"U42793",26,"Other","Professional","Android",7.9,2.3,2,8.1,9,54,2,8.1
"U42794",51,"Female","Student","iOS",6.9,3.6,8,6.3,6,47,6,11.8
"U42795",39,"Female","Freelancer","Android",4.3,7.9,9,6.7,10,23,2,2.7
"U42796",56,"Other","Student","iOS",4.1,4.5,2,4.5,5,43,6,10.9
"U42797",22,"Male","Business Owner","Android",11.1,7.3,5,6.2,1,49,4,8.8
"U42798",39,"Female","Professional","Android",8.4,1.7,6,5.4,4,55,0,4.1
"U42799",45,"Other","Freelancer","Android",11,4.4,5,7.3,10,27,5,3.3
"U42800",38,"Other","Freelancer","iOS",5.6,5.8,1,4,3,10,0,7.7
"U42801",53,"Other","Business Owner","Android",4.6,1.2,4,8.5,4,14,6,8.9
"U42802",25,"Male","Professional","iOS",4.2,3.3,2,5.1,10,50,6,13.8
"U42803",46,"Other","Business Owner","iOS",11,1.2,3,7.4,4,14,1,6.3
"U42804",59,"Male","Professional","Android",4,0.8,3,7,6,35,4,2.6
"U42805",57,"Male","Business Owner","iOS",11.4,5,4,6.2,7,10,6,10.6
"U42806",24,"Male","Business Owner","iOS",4.4,5.1,4,8.9,8,9,2,4.7
"U42807",60,"Other","Freelancer","iOS",3.4,6.5,1,7.4,5,30,0,2.6
"U42808",41,"Male","Freelancer","iOS",1.2,2.3,3,6.9,1,18,6,4.2
"U42809",48,"Female","Professional","Android",8.9,6.4,3,5.1,3,56,1,4.4
"U42810",53,"Female","Freelancer","iOS",4.5,5.7,9,6.8,10,29,0,3.4
"U42811",28,"Other","Student","Android",3.3,6.9,9,6.8,10,47,2,7.6
"U42812",54,"Male","Student","iOS",5.9,4.4,2,6.2,1,49,1,2.9
"U42813",21,"Female","Professional","iOS",6,2.5,1,7.2,4,30,5,11.9
"U42814",39,"Other","Business Owner","iOS",9,3.8,10,7.5,2,23,1,5.6
"U42815",29,"Female","Student","Android",7.8,2.9,7,6.6,1,11,2,4.4
"U42816",37,"Other","Student","Android",6.7,2.4,6,6.8,9,49,6,3.2
"U42817",55,"Female","Student","iOS",7.6,3.3,6,6.2,5,40,6,5.6
"U42818",29,"Other","Student","iOS",4.2,1,10,8,10,38,0,7.9
"U42819",28,"Male","Business Owner","Android",4.8,3.4,6,8.7,6,21,0,4.2
"U42820",23,"Male","Student","iOS",11,7.2,2,5.6,2,49,5,5.2
"U42821",55,"Other","Business Owner","Android",7,0.5,2,4.1,9,44,4,4.3
"U42822",25,"Other","Business Owner","Android",11.8,6.4,9,5.8,10,43,2,4.2
"U42823",59,"Female","Professional","iOS",6.2,3.6,6,7.1,2,14,0,11.9
"U42824",24,"Male","Professional","iOS",8.7,2.5,6,8.5,10,26,5,11.3
"U42825",59,"Male","Student","Android",10.2,4.1,7,6.1,6,25,0,11.4
"U42826",36,"Male","Professional","Android",2.5,5.8,1,4.6,1,5,5,4.7
"U42827",28,"Male","Business Owner","Android",3,7.4,6,6.6,5,46,3,6.8
"U42828",54,"Male","Professional","Android",10.6,3.9,10,6.6,3,59,3,7.9
"U42829",55,"Male","Student","iOS",7.7,2.9,2,8.9,2,10,1,12
"U42830",56,"Other","Business Owner","Android",4.6,1.9,3,6.8,1,16,4,8.6
"U42831",35,"Male","Student","Android",9.4,7.9,6,4.7,7,43,5,6.1
"U42832",50,"Female","Professional","Android",1.7,6.7,9,6.6,6,6,3,8.1
"U42833",25,"Male","Business Owner","Android",7.3,2.9,5,7.8,7,42,6,11.8
"U42834",36,"Male","Freelancer","iOS",2.1,7.8,8,4.6,10,33,5,11.9
"U42835",25,"Male","Professional","iOS",1.4,5,7,5.9,6,60,3,10
"U42836",36,"Female","Business Owner","Android",10.4,4.5,10,6.3,4,54,0,2.1
"U42837",18,"Male","Business Owner","iOS",11.1,1.6,6,7.9,1,15,4,11.1
"U42838",23,"Male","Freelancer","Android",7.6,2.8,6,8.6,2,57,4,13
"U42839",31,"Female","Business Owner","Android",5.3,7.6,1,5.1,10,54,6,9.8
"U42840",50,"Female","Professional","iOS",5.6,4.2,9,5.1,6,38,2,11.4
"U42841",41,"Other","Professional","iOS",3.4,2.8,4,5.2,2,49,6,10.2
"U42842",43,"Other","Student","Android",3.4,7,8,7.9,8,44,1,5
"U42843",54,"Other","Professional","iOS",10.5,3,8,7.7,2,47,6,5.6
"U42844",55,"Male","Student","Android",9.3,2.3,4,4,1,48,0,10.4
"U42845",30,"Other","Freelancer","iOS",4.2,7.6,7,6.2,9,30,6,13.5
"U42846",55,"Other","Freelancer","iOS",4.3,2.2,3,5,1,15,5,7.4
"U42847",25,"Male","Business Owner","iOS",9.4,5.7,4,7.8,2,60,4,4.6
"U42848",36,"Other","Freelancer","iOS",4,7.1,5,6.4,4,29,3,13.7
"U42849",28,"Other","Business Owner","Android",4.9,3.9,8,6.6,4,11,3,6.9
"U42850",44,"Male","Business Owner","iOS",5.8,6.5,3,8.2,5,31,0,7
"U42851",38,"Other","Student","Android",2.7,3.4,6,6.2,1,22,6,5.7
"U42852",27,"Female","Freelancer","iOS",7,0.9,1,8.8,10,60,0,4.5
"U42853",18,"Male","Freelancer","iOS",4.3,4.1,2,7.9,7,29,6,3.5
"U42854",25,"Male","Business Owner","iOS",11,4.9,9,7.5,10,35,2,12.2
"U42855",28,"Female","Business Owner","Android",6.7,5.1,5,5,6,50,1,12.6
"U42856",19,"Male","Professional","Android",10.4,5.4,10,5.2,4,10,0,8.5
"U42857",24,"Other","Professional","iOS",3.6,2.4,6,5.6,4,21,3,3.9
"U42858",46,"Other","Professional","iOS",2.6,4,9,7,7,16,1,9.4
"U42859",37,"Female","Freelancer","Android",2.2,5.2,8,7.3,2,45,2,12.9
"U42860",20,"Other","Business Owner","iOS",2.3,6,2,8.3,7,44,4,9.4
"U42861",27,"Female","Freelancer","Android",11.7,3.1,6,6.9,4,8,1,3.2
"U42862",21,"Male","Professional","Android",3.9,3.8,4,7.1,5,44,3,2.6
"U42863",57,"Female","Freelancer","iOS",4.5,6.3,10,8.3,3,24,6,10.7
"U42864",50,"Female","Student","iOS",2.7,4.4,10,7.2,4,20,4,9.7
"U42865",59,"Female","Student","iOS",1.1,5.1,10,7,10,10,2,4.1
"U42866",37,"Other","Student","iOS",2.1,1.2,4,5.7,5,6,0,5.9
"U42867",37,"Male","Student","Android",11.8,3,7,6.4,10,11,4,10
"U42868",45,"Male","Freelancer","iOS",7.8,3.9,6,6.1,7,36,3,13.9
"U42869",57,"Male","Student","iOS",7.9,0.5,2,4.3,4,17,5,4.2
"U42870",50,"Female","Student","iOS",8,4.2,4,5.8,10,37,3,7.5
"U42871",50,"Female","Professional","iOS",5.6,3.5,3,6.9,10,9,2,9.6
"U42872",51,"Male","Professional","iOS",2.3,1.8,1,6.1,6,59,3,5.9
"U42873",43,"Female","Business Owner","Android",8.5,5.6,10,4.8,1,28,1,12.6
"U42874",43,"Male","Business Owner","Android",6.7,6,5,4.6,5,8,0,10.1
"U42875",41,"Other","Student","iOS",11.5,5.1,2,4.9,3,35,1,12.5
"U42876",57,"Other","Freelancer","Android",5,5.8,4,7,9,42,0,3.1
"U42877",37,"Other","Freelancer","iOS",5.2,5.5,3,8.2,10,51,2,4.6
"U42878",52,"Other","Student","Android",8.9,3.6,9,8.9,10,26,1,9.4
"U42879",22,"Female","Student","Android",11.7,8,8,4.6,4,44,6,2.3
"U42880",52,"Female","Business Owner","Android",2.9,5.8,6,8.5,6,27,6,10.6
"U42881",27,"Male","Business Owner","iOS",5.6,5.9,9,6.8,1,49,2,2
"U42882",47,"Other","Student","iOS",7.8,2.3,8,7,4,50,5,6.2
"U42883",29,"Male","Student","Android",5.6,3.7,4,5.6,5,43,2,5.4
"U42884",56,"Female","Professional","iOS",4.9,5.3,3,4.6,6,52,4,7.7
"U42885",25,"Female","Student","Android",4.9,3.2,9,8.4,8,36,6,10.1
"U42886",33,"Male","Professional","Android",10.4,5.8,3,5.8,4,17,3,6
"U42887",60,"Other","Freelancer","iOS",2.8,7.8,3,5.7,10,40,6,8.6
"U42888",42,"Female","Business Owner","Android",10.1,3.4,1,8.5,7,27,0,6.2
"U42889",47,"Female","Business Owner","iOS",8.1,6.7,2,8.6,9,31,1,3.7
"U42890",60,"Male","Freelancer","Android",10.7,4.8,8,7.5,2,46,5,10.1
"U42891",38,"Male","Professional","Android",7.9,2.2,1,5.5,10,20,3,6
"U42892",56,"Other","Professional","iOS",3.1,6.6,6,8,9,36,6,7.9
"U42893",24,"Other","Business Owner","iOS",10.6,4.2,10,6,4,55,0,4
"U42894",44,"Other","Freelancer","iOS",3.2,2.3,7,5.1,9,42,5,4.5
"U42895",37,"Male","Professional","iOS",5.9,1.7,10,5.2,9,40,0,3.5
"U42896",35,"Male","Business Owner","iOS",7.9,2.2,2,5.4,1,59,0,6.7
"U42897",58,"Male","Business Owner","iOS",3.6,4,2,6.5,8,23,6,11.4
"U42898",54,"Other","Student","iOS",5.7,1.8,3,7.2,10,42,5,3.7
"U42899",25,"Male","Professional","Android",11,6.5,6,4.6,7,37,5,6.6
"U42900",38,"Male","Professional","iOS",3,5.9,10,6.4,3,15,5,8.1
"U42901",30,"Male","Freelancer","iOS",10.1,3.2,6,5.7,5,27,3,5.2
"U42902",27,"Male","Student","Android",4.7,0.9,1,7.5,9,8,2,8.8
"U42903",25,"Other","Freelancer","Android",8.1,5.7,2,6.7,1,17,5,3
"U42904",53,"Female","Professional","Android",1.1,4.1,1,6.1,4,7,1,7.8
"U42905",59,"Male","Professional","iOS",3,5.7,7,6.7,7,33,1,12.8
"U42906",19,"Other","Student","Android",11.5,1.1,1,8.9,1,45,5,2.9
"U42907",24,"Other","Freelancer","iOS",1,1,10,6.7,1,53,1,11.6
"U42908",24,"Other","Professional","Android",5.8,4.3,7,5.4,9,59,1,4
"U42909",30,"Female","Freelancer","iOS",10,6.2,2,5,6,44,4,13.8
"U42910",21,"Male","Freelancer","iOS",10.4,5.7,2,8.7,10,51,5,2.4
"U42911",51,"Other","Freelancer","iOS",6.4,2.4,2,4.9,6,23,5,9.8
"U42912",38,"Other","Freelancer","iOS",3,6.4,4,7.9,2,52,2,11.5
"U42913",26,"Male","Business Owner","iOS",5.8,4.9,9,5.5,8,38,6,4.7
"U42914",31,"Male","Business Owner","iOS",5.2,7.3,7,6.8,1,35,5,5.2
"U42915",24,"Female","Freelancer","Android",6.2,6.6,1,4.5,10,22,4,3.1
"U42916",40,"Male","Student","Android",5.2,6.8,3,4,6,28,0,4.3
"U42917",43,"Female","Professional","iOS",9.3,2,7,6.9,5,50,1,5.1
"U42918",52,"Other","Student","Android",4.1,1.4,9,8.7,9,49,0,4.9
"U42919",28,"Male","Student","Android",7.1,3.2,6,7.2,1,28,0,13.9
"U42920",33,"Other","Business Owner","iOS",11,8,2,4.4,1,17,4,10.7
"U42921",36,"Male","Professional","Android",4.7,6.2,4,6.8,8,41,2,11.1
"U42922",29,"Female","Professional","iOS",11.6,7.4,8,5.2,1,19,1,12.7
"U42923",52,"Male","Professional","iOS",5.3,0.6,7,7.8,3,44,1,2.5
"U42924",34,"Male","Freelancer","iOS",9.9,7.7,10,7,6,48,0,10.4
"U42925",18,"Male","Business Owner","Android",7.2,4.8,2,5.3,8,27,1,10.7
"U42926",26,"Other","Professional","iOS",6.7,0.7,4,7.6,2,58,1,13.7
"U42927",27,"Male","Freelancer","iOS",7.4,7.1,10,4,1,58,1,7.1
"U42928",34,"Male","Freelancer","iOS",1.4,1.5,6,4.2,2,45,3,12.3
"U42929",43,"Other","Student","Android",8.8,6.7,4,5.4,6,21,6,7.7
"U42930",29,"Male","Professional","Android",10.3,0.5,4,8.4,1,14,5,6.5
"U42931",43,"Other","Business Owner","iOS",4.1,2.8,10,8.2,4,30,5,5.4
"U42932",48,"Other","Student","iOS",11.3,7.6,6,8.8,1,58,3,7.5
"U42933",23,"Female","Business Owner","iOS",11,2.2,9,7.2,10,57,1,10.6
"U42934",58,"Female","Freelancer","iOS",7.4,3,3,5.8,10,38,6,8.2
"U42935",33,"Other","Student","Android",6.3,4.8,5,6.7,1,8,2,3.9
"U42936",28,"Female","Student","iOS",1.8,6.2,8,7.9,9,21,3,3.1
"U42937",18,"Other","Business Owner","Android",5.9,6.7,3,8.7,6,11,0,11.2
"U42938",26,"Other","Freelancer","iOS",6.6,2.2,8,6.3,4,18,4,4.5
"U42939",38,"Other","Freelancer","Android",9.8,3.2,2,8,2,20,1,7.4
"U42940",33,"Female","Student","iOS",8.8,3.7,9,5.2,6,38,2,8.4
"U42941",34,"Female","Student","Android",9.6,1.1,9,6.5,1,42,6,8.3
"U42942",28,"Male","Freelancer","Android",5.6,2.8,7,7.8,10,34,0,10.6
"U42943",33,"Other","Student","Android",11.2,2.8,4,8.4,9,11,1,5.4
"U42944",52,"Other","Student","iOS",5.8,4.2,6,7.3,2,46,0,7.6
"U42945",45,"Female","Student","Android",1.9,1.5,6,5,10,46,0,3.9
"U42946",46,"Male","Freelancer","Android",7,1.7,2,7.7,3,6,2,10.8
"U42947",20,"Male","Professional","iOS",6.3,4.1,3,7.8,7,31,5,10.5
"U42948",46,"Other","Freelancer","Android",3.4,2.8,5,6.5,10,8,1,8.1
"U42949",48,"Other","Business Owner","Android",5.2,5.3,9,4.7,6,19,0,9.5
"U42950",42,"Female","Student","iOS",11,5.4,10,8.8,10,7,6,8.4
"U42951",19,"Other","Freelancer","iOS",11.5,5,3,5,6,15,5,13.5
"U42952",37,"Other","Freelancer","iOS",5.5,5.8,7,4.9,9,20,6,6.4
"U42953",26,"Female","Professional","Android",8.6,5.3,7,7.9,8,24,1,8.4
"U42954",57,"Male","Student","iOS",4.9,6.9,3,7.8,5,41,6,5.4
"U42955",30,"Female","Business Owner","Android",11,7.5,2,4.5,3,60,1,4.5
"U42956",59,"Male","Student","iOS",10.9,4.9,6,8.6,10,20,3,3.9
"U42957",58,"Female","Freelancer","Android",2.1,7,5,4.6,8,32,3,10.2
"U42958",60,"Female","Student","Android",6.9,7.6,3,6.5,3,19,3,11.1
"U42959",60,"Other","Freelancer","iOS",10.8,7.8,10,6.3,7,57,1,4.8
"U42960",55,"Male","Freelancer","iOS",4,5.7,3,5.8,6,37,6,3.1
"U42961",52,"Male","Student","iOS",4.9,7.1,7,4.4,1,32,0,13.8
"U42962",49,"Male","Business Owner","iOS",4.1,6.1,5,5,7,47,4,7.4
"U42963",58,"Male","Student","Android",6.8,5,1,4.8,4,7,4,11.7
"U42964",45,"Other","Freelancer","iOS",9.9,2.6,8,7.1,9,32,3,4.7
"U42965",43,"Male","Professional","Android",1.4,5.3,1,6.3,2,13,4,10.6
"U42966",48,"Female","Student","Android",8.6,6.6,5,5.2,3,5,3,13.7
"U42967",37,"Other","Student","iOS",8.7,3.9,2,9,4,9,0,6.3
"U42968",21,"Other","Student","iOS",8,7.1,7,7.9,7,8,4,9.7
"U42969",52,"Male","Professional","iOS",1.4,3.8,1,5.3,7,38,6,12.2
"U42970",49,"Other","Student","iOS",1.3,7.3,10,4.4,3,45,0,7.3
"U42971",49,"Male","Student","Android",3.9,6.1,4,5.3,1,47,4,12.1
"U42972",26,"Male","Freelancer","Android",7.9,5,2,6.1,5,35,5,2.1
"U42973",22,"Male","Freelancer","Android",9.8,6.7,7,6.2,8,44,0,5.8
"U42974",20,"Male","Professional","iOS",9.9,3.3,5,4,1,10,3,9.7
"U42975",46,"Female","Professional","iOS",1,3.8,9,8.5,6,41,2,12.1
"U42976",59,"Female","Freelancer","Android",3.9,4.6,8,4.6,4,41,0,10
"U42977",39,"Female","Freelancer","iOS",5,4.1,7,7,10,58,2,4.8
"U42978",29,"Female","Student","Android",6.1,6.6,3,5.1,7,45,6,9.8
"U42979",36,"Male","Freelancer","Android",8.6,6.3,7,5.9,2,53,3,12.9
"U42980",21,"Other","Professional","Android",4.8,4.8,8,8.8,8,45,0,6.3
"U42981",19,"Male","Freelancer","iOS",7.4,6.6,4,4.1,7,23,2,11.9
"U42982",33,"Other","Freelancer","Android",4.5,0.6,8,5.9,2,31,4,8.1
"U42983",31,"Male","Student","Android",6.9,6.3,2,5.7,5,50,4,11.3
"U42984",20,"Female","Freelancer","Android",10.1,7.1,6,5.9,9,8,3,2.5
"U42985",41,"Other","Professional","Android",5.1,1.2,7,8.4,3,12,2,12.1
"U42986",22,"Male","Business Owner","Android",6,7.5,2,8.1,9,45,6,10.8
"U42987",19,"Male","Freelancer","Android",6.5,3.8,5,8.4,7,46,4,13.3
"U42988",56,"Other","Business Owner","Android",10.7,6.5,2,7,3,55,6,9.3
"U42989",49,"Female","Student","iOS",5.5,5.7,7,8.7,5,41,1,10.6
"U42990",27,"Other","Professional","iOS",11.6,7.2,2,7.4,3,29,6,2.4
"U42991",36,"Male","Business Owner","Android",5.7,7.3,9,5.9,5,51,3,13
"U42992",47,"Male","Freelancer","iOS",9.9,0.6,10,4.8,10,28,0,8.2
"U42993",26,"Other","Business Owner","Android",3.2,4,2,8,2,34,1,7.2
"U42994",40,"Male","Business Owner","iOS",2.5,1.5,4,7.9,9,34,4,13.5
"U42995",35,"Other","Business Owner","Android",10.5,0.9,2,4.9,4,7,5,7.1
"U42996",29,"Female","Business Owner","Android",10.1,7.6,7,6.2,8,8,4,13.6
"U42997",45,"Female","Business Owner","iOS",2.6,4.2,1,7.4,7,17,0,13.2
"U42998",40,"Male","Business Owner","Android",2.8,2.4,10,7.8,5,13,6,12.5
"U42999",36,"Other","Student","iOS",2.1,6.1,2,5.3,2,38,4,6.3
"U43000",22,"Male","Student","Android",8.4,5,9,5.1,4,41,6,10.4
"U43001",45,"Male","Freelancer","iOS",4,1.4,1,5.4,1,43,5,11.4
"U43002",60,"Male","Freelancer","Android",5.2,1.4,8,4.2,3,37,1,2.7
"U43003",52,"Other","Business Owner","iOS",11.7,3.6,5,4.8,4,28,0,4.9
"U43004",55,"Male","Professional","iOS",9.7,4,4,4.6,3,23,2,6.4
"U43005",60,"Other","Student","iOS",7.6,5.1,2,6.9,8,44,0,2.3
"U43006",31,"Female","Freelancer","Android",2.4,6.8,2,5.7,8,44,3,11.5
"U43007",55,"Other","Business Owner","Android",11.9,2.2,8,8.6,4,29,4,11.3
"U43008",29,"Other","Student","iOS",5.1,4.3,1,8.2,10,7,4,5.4
"U43009",49,"Other","Freelancer","iOS",6.1,3.7,9,4.6,5,28,2,13.4
"U43010",45,"Male","Business Owner","iOS",9,6.4,1,6.9,4,18,3,7.1
"U43011",32,"Other","Freelancer","Android",3.5,5.2,5,4.9,3,43,4,8.7
"U43012",55,"Female","Business Owner","iOS",6.3,2.5,3,5.9,3,52,1,5.9
"U43013",53,"Female","Freelancer","Android",1.4,6.3,3,4.8,8,50,3,12
"U43014",38,"Female","Student","Android",2,4.3,4,5.3,5,18,5,10.8
"U43015",29,"Other","Business Owner","iOS",6.2,7.2,8,5.4,6,60,0,13.3
"U43016",32,"Male","Student","iOS",10.9,4.4,10,8.9,10,40,1,9.6
"U43017",53,"Male","Business Owner","Android",10.2,2.6,9,8.6,1,46,0,10.4
"U43018",60,"Other","Business Owner","iOS",11,4.7,10,7.8,3,25,3,9
"U43019",24,"Male","Professional","Android",5.5,7.1,8,7.2,5,14,5,5.3
"U43020",53,"Male","Business Owner","Android",11.8,3,8,6.9,3,30,4,6.3
"U43021",28,"Female","Professional","iOS",4.1,6.2,4,5.6,7,47,4,11.2
"U43022",50,"Female","Student","Android",8.6,6.9,6,4.2,3,16,3,3
"U43023",54,"Other","Business Owner","iOS",11.3,7.6,10,4.6,1,9,5,3.4
"U43024",30,"Other","Freelancer","iOS",11,7,9,8.5,2,36,4,9.6
"U43025",42,"Male","Student","iOS",7.9,3.3,1,6.8,2,29,2,3.1
"U43026",59,"Other","Professional","iOS",2.2,7,5,5.3,1,17,6,13.9
"U43027",30,"Male","Professional","iOS",8.9,4.9,1,5.7,9,14,2,5.2
"U43028",60,"Female","Student","Android",7.2,5.9,2,4.7,5,5,0,13.2
"U43029",58,"Female","Freelancer","iOS",5.4,4.3,10,5.5,10,5,1,5.4
"U43030",28,"Other","Professional","iOS",7.7,7.1,6,4.7,9,33,1,3.6
"U43031",47,"Other","Freelancer","iOS",9.1,1,4,4.2,7,35,3,4.5
"U43032",53,"Male","Business Owner","Android",6.6,0.8,8,7.8,9,18,3,7.7
"U43033",59,"Female","Business Owner","iOS",9,5,10,7,4,59,5,6.1
"U43034",45,"Other","Student","iOS",11.3,2,4,5.4,8,28,2,2.5
"U43035",51,"Male","Freelancer","iOS",8.7,5.7,8,7.4,9,28,1,11.7
"U43036",19,"Female","Student","Android",3.4,5.9,2,7.6,4,24,6,12.8
"U43037",48,"Female","Student","iOS",9.8,4.3,8,7.3,1,24,5,8.6
"U43038",20,"Female","Business Owner","Android",9.6,4.6,10,6.6,4,6,4,6.2
"U43039",35,"Male","Student","iOS",2.2,5.6,1,5.2,2,38,4,11
"U43040",29,"Male","Business Owner","iOS",3.1,7.6,6,4.7,1,28,4,2.5
"U43041",59,"Male","Professional","Android",6.6,7.9,4,6.2,4,43,2,10.8
"U43042",32,"Other","Student","Android",1.3,6.9,10,8.2,10,19,3,2.9
"U43043",40,"Female","Student","iOS",4.2,3.2,3,7.4,7,19,4,7
"U43044",47,"Female","Professional","iOS",11.5,5.5,4,6.7,5,51,0,2.1
"U43045",59,"Female","Student","Android",6.8,4.2,4,8.1,1,45,6,13.6
"U43046",32,"Male","Student","iOS",1.1,7.5,3,7.5,7,15,3,10.9
"U43047",23,"Female","Student","Android",5.5,6.5,7,4.8,8,59,3,6.2
"U43048",51,"Female","Freelancer","iOS",8.4,7,7,4.7,4,50,2,9.3
"U43049",57,"Male","Freelancer","Android",10.1,7.2,3,7,7,59,2,11.5
"U43050",56,"Male","Professional","Android",11.1,1,8,8.4,1,14,2,2.3
"U43051",41,"Female","Student","Android",1.8,4.4,2,7.5,2,36,5,9.1
"U43052",55,"Male","Business Owner","iOS",6.1,0.5,4,5.1,6,52,3,8.7
"U43053",33,"Female","Student","iOS",1.4,4.9,4,8.9,2,23,4,12.8
"U43054",22,"Other","Professional","Android",4.8,1.8,4,8.4,9,59,3,7.5
"U43055",23,"Other","Business Owner","Android",5.9,4,4,5.5,8,29,2,3.8
"U43056",45,"Other","Business Owner","Android",8.7,2,6,4.7,1,27,2,5.8
"U43057",55,"Female","Freelancer","iOS",1.7,5.9,2,6.4,3,46,1,10.4
"U43058",55,"Female","Freelancer","Android",11.9,7.2,4,5.5,9,55,0,5
"U43059",29,"Male","Professional","Android",6.9,5.8,4,5.3,1,38,5,5.4
"U43060",23,"Female","Student","Android",1.9,5.4,8,5,1,49,1,5.4
"U43061",59,"Female","Student","iOS",9.7,7.7,10,6.2,4,27,2,8.9
"U43062",30,"Other","Freelancer","Android",7.4,3.4,7,5.5,6,6,2,7.3
"U43063",38,"Male","Professional","Android",2,7,9,9,10,13,6,9.2
"U43064",33,"Other","Student","Android",2.1,5.3,4,4.7,4,6,5,3.5
"U43065",37,"Female","Professional","Android",11.4,6.6,1,8.7,10,60,4,4.7
"U43066",47,"Female","Professional","Android",6.4,6.7,5,7.6,2,60,1,7.8
"U43067",21,"Other","Professional","Android",4.5,3.7,4,5.1,7,18,6,9.2
"U43068",40,"Other","Business Owner","iOS",1.8,7.8,6,6.2,4,42,1,8
"U43069",18,"Other","Freelancer","iOS",10.1,5.6,6,5.2,9,6,5,7.5
"U43070",48,"Female","Freelancer","iOS",5.9,5.5,9,6.5,4,42,1,12.5
"U43071",59,"Other","Student","Android",3.1,6.5,4,7.2,5,26,2,9.8
"U43072",18,"Male","Student","iOS",8.7,6.7,3,8.4,9,6,2,10.1
"U43073",49,"Female","Business Owner","iOS",1.3,2.9,4,5.9,9,51,6,8.3
"U43074",48,"Male","Business Owner","iOS",6.8,3.1,2,4.7,1,56,2,13.7
"U43075",41,"Other","Professional","Android",5.4,2,3,7.3,7,10,5,13.1
"U43076",18,"Female","Student","iOS",11.2,5.3,4,5.7,1,20,2,4.5
"U43077",53,"Other","Business Owner","iOS",1,2,6,8.9,1,44,5,11
"U43078",53,"Male","Professional","Android",6.2,7.2,8,8.2,9,45,2,5.4
"U43079",37,"Male","Professional","iOS",3.1,0.8,7,6.4,2,38,2,10.6
"U43080",54,"Other","Student","iOS",1.7,6.6,1,8.7,4,41,3,6.8
"U43081",36,"Male","Professional","Android",5.3,6.1,10,5.3,9,46,2,9
"U43082",60,"Other","Professional","iOS",9.7,4.8,9,8,5,59,4,2.5
"U43083",54,"Other","Business Owner","iOS",4,5.1,10,4.7,6,21,2,11.1
"U43084",57,"Other","Business Owner","iOS",6.2,3.6,2,5.1,8,59,2,7.8
"U43085",57,"Other","Student","iOS",9.2,1.9,2,4.6,2,36,6,8.4
"U43086",43,"Male","Freelancer","iOS",8.9,1.2,7,8.7,3,51,4,11.3
"U43087",30,"Male","Professional","iOS",9.9,6.9,10,5.3,4,17,2,4
"U43088",40,"Female","Freelancer","iOS",5.4,7.1,5,6.3,2,29,6,3
"U43089",47,"Other","Freelancer","Android",11.7,3.7,2,5.9,6,55,2,8.1
"U43090",42,"Other","Professional","Android",11.4,7,9,6,3,42,1,4.4
"U43091",50,"Male","Student","iOS",4,6.1,6,8.1,7,47,5,4.8
"U43092",44,"Male","Professional","Android",10.7,1,6,4.9,7,32,6,4.4
"U43093",44,"Other","Business Owner","Android",1,4.1,6,6.6,7,8,4,2.2
"U43094",26,"Female","Professional","iOS",9.7,2.7,8,6,7,17,5,10.8
"U43095",22,"Other","Freelancer","Android",1.8,5.5,1,6.9,3,12,1,12.8
"U43096",33,"Other","Freelancer","Android",10.8,3.6,4,7.2,1,45,1,8.1
"U43097",52,"Other","Student","iOS",10.3,1.5,3,4.4,3,13,2,9.2
"U43098",18,"Female","Freelancer","iOS",11.9,4.4,1,4.7,8,22,4,3.6
"U43099",38,"Male","Freelancer","Android",5.8,5.6,6,7.6,5,32,4,5.3
"U43100",55,"Other","Student","iOS",1.5,4.5,9,4.5,6,23,1,3.4
"U43101",40,"Female","Freelancer","iOS",5.8,1.4,4,4.4,4,25,0,13.5
"U43102",22,"Male","Professional","Android",8.4,6,6,8.1,9,60,4,4.5
"U43103",57,"Other","Freelancer","Android",8,2.7,7,7.4,9,26,2,9.2
"U43104",34,"Other","Professional","iOS",2.7,7.8,7,8.4,7,20,5,4.7
"U43105",53,"Male","Professional","iOS",4.5,3.6,2,8.1,1,43,0,4.8
"U43106",35,"Female","Business Owner","Android",8.6,5.4,6,7.5,7,22,0,13.2
"U43107",40,"Female","Professional","Android",10.6,6,1,4.3,2,55,5,6.9
"U43108",35,"Female","Professional","Android",3.6,7.3,3,7,1,13,4,3.5
"U43109",28,"Other","Student","iOS",9.2,2.5,3,7.8,5,44,0,7
"U43110",28,"Male","Freelancer","iOS",9.2,3.4,6,7,3,33,6,6.7
"U43111",41,"Female","Professional","iOS",11.6,2.1,10,5.4,4,34,3,3.7
"U43112",55,"Male","Business Owner","Android",1.5,1.9,4,5.6,1,29,1,6.8
"U43113",39,"Female","Student","Android",8.4,3.8,6,4.4,5,43,3,11.2
"U43114",39,"Male","Professional","iOS",2,6.9,10,4.7,8,30,2,12.6
"U43115",24,"Female","Professional","Android",7.2,7.4,5,7,2,17,0,3
"U43116",30,"Female","Freelancer","Android",5.8,4.5,8,8.5,7,23,1,13.4
"U43117",30,"Female","Student","Android",10.2,2.4,7,5.5,10,19,1,3.3
"U43118",20,"Female","Freelancer","Android",8.8,5.6,5,8.4,8,8,1,11.3
"U43119",38,"Female","Freelancer","iOS",10.7,1.9,1,8.8,3,28,2,13.9
"U43120",57,"Male","Freelancer","iOS",6.3,2.4,8,5.7,1,48,0,4.2
"U43121",22,"Other","Freelancer","iOS",3.9,6.4,1,4,2,15,5,4.3
"U43122",40,"Other","Student","iOS",4.3,4.9,9,8.1,7,52,1,6.2
"U43123",36,"Other","Freelancer","iOS",2.1,2.8,9,7.9,5,58,2,4.5
"U43124",24,"Other","Student","iOS",9.2,5,8,6.2,7,43,6,7.6
"U43125",55,"Male","Professional","iOS",8,2.6,10,7.9,10,40,6,13.2
"U43126",44,"Female","Professional","Android",9.6,7.4,9,5.5,2,45,3,10.1
"U43127",31,"Male","Professional","iOS",9.1,5.1,9,7,9,56,5,11.1
"U43128",60,"Other","Student","Android",10,2.4,9,7,6,12,3,5.3
"U43129",40,"Male","Student","Android",9,3.5,3,8,5,24,2,2.2
"U43130",25,"Male","Student","iOS",1.5,3.7,6,4.1,4,23,3,12.2
"U43131",24,"Female","Business Owner","Android",8,4.5,4,4.6,6,24,5,8.9
"U43132",19,"Male","Freelancer","Android",3.4,5,5,5.9,4,39,0,7
"U43133",56,"Male","Student","iOS",2.5,1.5,5,4.5,5,52,3,6.7
"U43134",44,"Male","Professional","iOS",10.1,5.1,2,8.2,1,21,5,11.8
"U43135",49,"Female","Student","Android",7.7,7.8,10,7,8,24,3,7.5
"U43136",37,"Other","Business Owner","Android",9.6,0.8,10,6.8,4,15,4,14
"U43137",39,"Female","Student","iOS",1.7,4.7,10,7.8,10,39,1,6.5
"U43138",24,"Other","Freelancer","iOS",8.7,2.7,6,8.3,4,47,5,2.2
"U43139",32,"Male","Business Owner","Android",10.5,4,2,8.1,7,7,3,2.6
"U43140",45,"Other","Freelancer","Android",5.1,3.1,3,7,6,49,0,13.7
"U43141",32,"Female","Business Owner","Android",2.7,6.5,10,6.3,5,48,3,6.7
"U43142",43,"Male","Business Owner","Android",10.5,7.6,3,6.1,2,43,6,5.6
"U43143",40,"Male","Freelancer","iOS",5.6,6.3,5,7.1,3,5,4,6.3
"U43144",56,"Male","Business Owner","Android",10.3,1,6,5.8,1,38,2,4.3
"U43145",18,"Male","Professional","Android",11.7,6,3,5.7,6,19,3,9.5
"U43146",39,"Other","Freelancer","iOS",10.6,3.9,8,5.3,9,15,2,9.6
"U43147",19,"Other","Professional","Android",3.4,4,5,8.6,5,24,6,3.6
"U43148",34,"Other","Business Owner","iOS",1.3,6.7,6,8.3,7,14,6,9.8
"U43149",22,"Female","Professional","Android",4.2,3.5,1,5.9,5,17,2,7.4
"U43150",49,"Male","Student","iOS",1.9,2.6,6,4,8,38,0,10.8
"U43151",33,"Male","Student","Android",2,5.4,5,4.1,3,58,3,13.8
"U43152",49,"Other","Student","Android",8.9,3.3,1,5.2,3,34,0,3.2
"U43153",27,"Other","Business Owner","Android",8.3,5.9,3,4.4,8,50,1,6
"U43154",27,"Other","Student","iOS",7.7,4.8,6,6,10,26,5,5.1
"U43155",33,"Female","Business Owner","Android",10.4,3.8,2,4.2,7,28,5,2.4
"U43156",34,"Male","Professional","iOS",4.3,4.1,7,4.8,2,32,0,6.3
"U43157",26,"Female","Business Owner","iOS",7.5,3.8,3,8,8,41,5,11.4
"U43158",44,"Female","Freelancer","Android",9.4,3.9,6,4.3,7,37,6,14
"U43159",49,"Female","Professional","Android",1.5,7.3,7,5,5,34,4,13.4
"U43160",50,"Male","Freelancer","iOS",5.2,5,4,6.8,6,22,1,10.9
"U43161",47,"Female","Student","Android",12,7.8,9,4.4,5,43,6,6.7
"U43162",20,"Male","Business Owner","iOS",7.4,2.4,2,5.6,9,16,4,3.2
"U43163",30,"Female","Professional","Android",10,5.8,2,4.7,9,12,6,10.7
"U43164",29,"Female","Freelancer","iOS",8.3,0.9,9,7.6,3,55,2,12.4
"U43165",31,"Female","Student","Android",11.1,5.6,1,7.1,6,60,6,3.3
"U43166",58,"Male","Freelancer","Android",7.9,5.1,5,6.9,5,6,0,7.2
"U43167",52,"Male","Freelancer","Android",9.5,4.3,8,7.9,10,8,1,10.7
"U43168",25,"Female","Business Owner","iOS",2.7,7.5,6,4.3,4,11,2,11.3
"U43169",26,"Other","Student","Android",9,7.6,6,5.9,8,30,2,2.1
"U43170",51,"Male","Business Owner","iOS",9.6,3.5,1,4.4,3,11,5,13.6
"U43171",23,"Other","Student","iOS",7.6,3.9,5,7.2,9,44,4,7.6
"U43172",46,"Female","Business Owner","iOS",5.7,2.8,7,5.9,4,34,2,6.2
"U43173",22,"Female","Business Owner","iOS",4.4,0.7,6,5.6,2,33,0,2.4
"U43174",51,"Male","Student","iOS",7.7,7.1,9,7.6,9,31,0,8.3
"U43175",57,"Female","Business Owner","Android",7.4,4,8,7.1,9,20,3,11.9
"U43176",59,"Female","Freelancer","iOS",3.2,1.1,7,5,3,28,4,7.9
"U43177",54,"Other","Student","Android",5.5,7.5,9,8.2,1,33,5,6
"U43178",32,"Male","Business Owner","Android",5,1.9,3,4.9,10,60,2,5.1
"U43179",40,"Male","Professional","Android",10,1.9,8,5.5,3,23,1,2.8
"U43180",37,"Other","Student","iOS",6.4,1.6,10,7.4,8,55,6,7.2
"U43181",46,"Female","Business Owner","iOS",11.6,1.3,6,5.9,5,16,5,10.4
"U43182",38,"Female","Student","Android",10.3,4.4,10,7.2,7,60,0,3.2
"U43183",26,"Male","Student","iOS",1,4,3,4.7,3,27,3,2.2
"U43184",25,"Female","Professional","Android",2.6,3.7,8,4.4,6,10,6,2.2
"U43185",22,"Female","Student","Android",2.8,5,1,7.4,5,22,3,5.9
"U43186",28,"Female","Student","iOS",5.6,5.1,2,6.1,7,24,5,10.6
"U43187",46,"Male","Student","Android",11.2,2.3,9,7,8,20,3,9.9
"U43188",38,"Other","Professional","Android",9.5,1.2,9,4.3,9,45,1,5.3
"U43189",55,"Female","Student","iOS",6.8,3.7,4,8.2,4,15,3,5.9
"U43190",45,"Other","Professional","iOS",11,6.8,1,4.7,9,48,3,9.3
"U43191",33,"Other","Freelancer","iOS",7.9,1.4,6,4.7,7,28,6,11.2
"U43192",49,"Male","Business Owner","Android",8.4,5.9,8,5.6,7,7,5,9.6
"U43193",31,"Other","Freelancer","Android",6.3,6.3,1,7.3,7,16,1,11.5
"U43194",22,"Other","Business Owner","Android",6,5.3,8,6.7,10,60,5,8
"U43195",23,"Other","Student","iOS",5.1,6,9,6.6,10,34,0,3.6
"U43196",37,"Female","Professional","Android",9.1,3.6,4,7.6,6,22,5,3
"U43197",56,"Other","Professional","iOS",11.1,2.5,5,5.3,4,12,3,6.7
"U43198",31,"Female","Freelancer","iOS",2.1,5.6,8,5.5,4,59,1,7.5
"U43199",33,"Female","Student","Android",9.5,2.9,5,5.8,5,23,5,13.1
"U43200",24,"Female","Student","Android",1.1,2.5,10,7.7,3,41,4,6.1
"U43201",19,"Female","Professional","iOS",10.6,1.5,1,4.8,8,51,0,12.4
"U43202",52,"Male","Business Owner","iOS",8.1,0.9,5,4.5,9,60,2,2.2
"U43203",50,"Other","Business Owner","iOS",6,2.9,7,7.8,1,46,2,5.4
"U43204",43,"Other","Professional","iOS",10,0.5,3,5.8,6,39,3,9.7
"U43205",28,"Female","Freelancer","iOS",3.6,2.7,4,5.6,9,20,2,4.5
"U43206",33,"Female","Business Owner","iOS",2.5,2.2,8,4.6,5,29,2,13.2
"U43207",21,"Other","Professional","iOS",1.7,6.6,9,6.2,5,26,2,9.7
"U43208",45,"Female","Freelancer","Android",10.9,7.9,9,5,5,32,3,8.7
"U43209",39,"Female","Business Owner","iOS",5.4,1.7,2,6.8,8,56,2,5.7
"U43210",55,"Male","Professional","Android",5.2,0.8,5,8.7,8,39,6,7.5
"U43211",34,"Other","Student","iOS",11.9,5.1,4,6.2,10,7,5,7
"U43212",19,"Male","Professional","Android",9,4.8,10,7.4,6,40,1,10.8
"U43213",19,"Female","Business Owner","Android",4.1,4.8,10,8.6,7,22,3,5.4
"U43214",33,"Male","Professional","Android",3.6,4.2,5,4.1,10,36,5,13.3
"U43215",52,"Male","Professional","Android",6.4,1,1,5.2,9,27,2,7.9
"U43216",24,"Male","Business Owner","Android",11.1,4.2,1,7.6,8,30,6,9.3
"U43217",50,"Other","Professional","Android",7.5,2.4,5,7.7,7,56,0,10.5
"U43218",19,"Other","Business Owner","iOS",4.9,6,8,4.1,3,17,3,5.3
"U43219",33,"Other","Professional","Android",2.2,4.7,6,6.7,9,11,3,13.9
"U43220",44,"Other","Student","iOS",11.7,8,1,5.9,1,29,5,11
"U43221",37,"Other","Freelancer","iOS",10.2,4,4,5.7,3,25,6,5.3
"U43222",53,"Other","Freelancer","Android",11,1.1,2,6,1,50,1,2.6
"U43223",41,"Female","Freelancer","iOS",9.9,2.7,7,6.9,6,7,6,7.7
"U43224",23,"Other","Student","iOS",6.6,1.4,10,7,3,13,3,13.4
"U43225",20,"Other","Professional","Android",9.1,1.4,10,7.5,9,26,1,4.2
"U43226",20,"Other","Student","iOS",1,5,1,5.5,8,5,1,3.9
"U43227",26,"Female","Business Owner","Android",6.7,4.7,3,5.3,5,58,2,4.9
"U43228",22,"Other","Business Owner","Android",6.4,2.1,3,7.5,10,13,6,8.5
"U43229",50,"Other","Business Owner","Android",1.6,2.3,3,7.8,7,25,4,3.4
"U43230",27,"Female","Business Owner","iOS",11.1,1.5,3,4.1,1,12,1,4
"U43231",37,"Male","Freelancer","Android",10.1,2.1,9,6.9,4,24,5,7.1
"U43232",22,"Other","Professional","iOS",4.5,1.3,1,8.3,5,53,0,5.3
"U43233",34,"Female","Freelancer","iOS",2,4.7,9,4.2,2,55,2,11.3
"U43234",19,"Male","Business Owner","iOS",9.8,4.3,10,7.6,10,60,3,11.6
"U43235",52,"Female","Freelancer","Android",5.3,4.2,8,6.1,5,53,2,12.1
"U43236",23,"Male","Student","iOS",10.1,6.8,10,7.8,9,56,5,7.2
"U43237",46,"Other","Student","iOS",8.7,2.4,9,6.8,2,48,0,7.2
"U43238",20,"Other","Professional","iOS",3.3,4.5,4,8.9,6,26,1,14
"U43239",26,"Female","Student","Android",8.5,1.2,2,6,6,46,0,13.1
"U43240",51,"Male","Professional","iOS",7.3,7.7,6,7,8,53,3,11.3
"U43241",34,"Other","Professional","Android",6.3,0.5,9,5.6,3,59,5,2.3
"U43242",45,"Other","Student","iOS",3.6,1.8,1,6.9,4,39,4,5
"U43243",22,"Male","Professional","Android",6.1,6.8,6,5.7,3,41,3,7.2
"U43244",45,"Other","Freelancer","Android",8.8,5.2,5,8.3,4,14,0,7
"U43245",58,"Male","Freelancer","Android",6.8,4.1,10,7.5,10,35,5,7.9
"U43246",53,"Other","Business Owner","iOS",9.8,1.8,1,8.3,7,7,4,7.2
"U43247",48,"Other","Business Owner","iOS",11.9,0.9,10,4.5,4,42,1,10.5
"U43248",52,"Other","Freelancer","Android",9.8,6.5,1,4.6,8,29,0,11
"U43249",46,"Male","Student","iOS",6.8,3.8,5,8.8,9,16,3,6.2
"U43250",59,"Male","Professional","iOS",11.4,2.2,2,4.6,5,39,4,3
"U43251",58,"Male","Professional","Android",9.4,5.7,7,4.6,6,60,4,6.5
"U43252",30,"Female","Freelancer","Android",2.5,2.5,10,4.5,1,38,4,7.3
"U43253",29,"Male","Freelancer","iOS",11.2,5.8,6,4.7,1,31,6,5
"U43254",22,"Other","Business Owner","iOS",7,1.3,3,5.2,8,15,6,7.2
"U43255",36,"Other","Business Owner","iOS",2.4,2.7,10,7,6,22,0,9.1
"U43256",54,"Male","Professional","Android",8,2.7,4,8.2,3,22,4,4.5
"U43257",56,"Other","Business Owner","iOS",2.1,5.8,7,6.1,9,15,0,9.4
"U43258",54,"Male","Business Owner","iOS",9.6,6,2,7.9,3,25,5,2.1
"U43259",48,"Female","Business Owner","iOS",1.7,7.2,7,5.2,8,33,2,4.5
"U43260",18,"Male","Professional","Android",6.9,1.6,6,8.6,4,24,4,11.4
"U43261",31,"Male","Student","iOS",11.8,7.1,3,8,9,37,1,13.1
"U43262",60,"Male","Business Owner","Android",3.6,3,7,8.9,9,20,2,10.2
"U43263",26,"Other","Business Owner","iOS",4.1,1.3,7,5.5,2,28,5,13
"U43264",19,"Male","Business Owner","iOS",6.6,3.9,6,6.1,3,55,3,6.1
"U43265",35,"Other","Professional","Android",6.9,4.1,2,8.7,1,32,6,8.2
"U43266",30,"Other","Business Owner","Android",7.9,1.9,8,4.4,2,58,3,7.9
"U43267",59,"Other","Freelancer","iOS",1.4,3,5,7.9,6,39,6,10.7
"U43268",37,"Other","Freelancer","iOS",8.3,5.9,10,8,8,60,2,3.5
"U43269",60,"Male","Freelancer","Android",9.1,6.8,1,5,8,41,0,8.8
"U43270",49,"Female","Freelancer","iOS",2.1,0.9,9,8.8,2,58,5,11.8
"U43271",34,"Male","Freelancer","Android",11.7,6.8,3,8.4,1,52,2,9.2
"U43272",31,"Other","Professional","Android",4.5,4.4,2,7.4,1,57,0,6.9
"U43273",31,"Female","Freelancer","iOS",3,3.2,8,7.9,7,55,5,8.5
"U43274",37,"Other","Business Owner","iOS",7.4,1.3,1,8.7,8,40,4,2.3
"U43275",37,"Other","Business Owner","iOS",1,3.6,4,5.3,2,48,1,9.8
"U43276",26,"Other","Freelancer","iOS",3.5,4.6,5,7.4,6,41,1,13.7
"U43277",24,"Male","Professional","iOS",7.4,5.7,4,7.1,7,41,5,4.6
"U43278",20,"Other","Student","Android",6.7,6.9,8,6.3,8,23,6,2.2
"U43279",44,"Female","Professional","Android",9.9,3.1,10,6.2,7,12,2,8.8
"U43280",41,"Other","Freelancer","iOS",3.4,0.6,1,6.8,1,41,1,10
"U43281",22,"Male","Business Owner","Android",7.5,5.4,3,8.5,7,37,3,2.9
"U43282",20,"Female","Professional","Android",5.9,7.9,9,8.1,8,57,1,11.8
"U43283",19,"Male","Student","Android",9.2,5.4,2,7.7,8,19,4,8.3
"U43284",36,"Female","Professional","Android",2.9,1.2,2,5.8,5,56,3,13
"U43285",43,"Female","Business Owner","Android",4.7,3,9,4.7,3,54,3,5.5
"U43286",18,"Female","Professional","iOS",11.9,3.3,4,5.7,1,43,4,12.4
"U43287",22,"Other","Professional","Android",3.6,4.7,2,4.4,7,58,1,7.6
"U43288",18,"Male","Freelancer","Android",1.9,6.4,6,6.9,1,34,0,2.6
"U43289",58,"Other","Freelancer","Android",4.5,0.8,7,8.3,6,27,2,2.2
"U43290",36,"Other","Student","iOS",2.3,2.4,10,5.7,10,38,3,6
"U43291",25,"Female","Freelancer","iOS",5.8,1.3,9,7.6,7,24,2,13.3
"U43292",30,"Other","Student","Android",7.1,7.9,1,6.4,8,52,6,11.2
"U43293",25,"Other","Freelancer","Android",10,5.2,6,7.6,5,45,6,9.4
"U43294",33,"Other","Professional","iOS",7.3,2.7,4,7.6,5,55,1,8.3
"U43295",39,"Female","Business Owner","Android",6.3,5.5,7,7.7,6,27,2,13.8
"U43296",41,"Other","Professional","iOS",11.5,5.9,3,5.2,4,22,0,13.6
"U43297",39,"Male","Professional","iOS",3.1,5.5,5,6.3,2,38,3,10.9
"U43298",47,"Female","Business Owner","iOS",10.2,7.4,10,8.8,8,20,0,8.9
"U43299",54,"Male","Business Owner","iOS",5,7.9,7,7.8,10,37,1,9.4
"U43300",37,"Female","Freelancer","Android",6.2,7.3,8,4.5,1,27,4,12.7
"U43301",26,"Male","Professional","Android",2.7,4.5,3,9,2,7,1,4
"U43302",21,"Male","Professional","Android",7.6,4.8,7,6.6,2,9,6,14
"U43303",48,"Male","Professional","Android",7.5,4.9,5,4.7,7,44,1,10.6
"U43304",27,"Other","Freelancer","iOS",9.3,4,4,5.5,2,24,6,13.5
"U43305",26,"Male","Professional","Android",1.6,1.6,5,5.4,6,36,1,3.6
"U43306",32,"Male","Business Owner","Android",8.1,7.7,10,6.8,6,42,0,13.4
"U43307",56,"Female","Student","Android",7,2.4,10,7.2,2,27,0,9.9
"U43308",40,"Other","Freelancer","Android",7.8,2.2,5,4.3,1,20,6,10.9
"U43309",45,"Other","Student","Android",7.9,1,8,5.4,10,35,4,10.1
"U43310",47,"Other","Professional","iOS",4.9,1.8,9,7.8,3,46,0,3.8
"U43311",26,"Other","Student","iOS",1.7,2.3,3,7.7,3,57,4,11.3
"U43312",60,"Other","Student","iOS",1.9,5.3,4,5.4,10,18,1,13.2
"U43313",23,"Other","Student","iOS",9.1,0.6,2,5.3,2,8,4,14
"U43314",49,"Other","Freelancer","iOS",11.4,2.9,8,6.3,3,41,6,7.4
"U43315",42,"Other","Professional","iOS",7.9,4.8,9,7.4,9,12,3,2.8
"U43316",22,"Other","Business Owner","iOS",9.1,5,1,7.6,8,39,2,5.4
"U43317",51,"Other","Freelancer","Android",3.6,7.4,10,7.1,6,48,5,3
"U43318",56,"Male","Professional","iOS",6.8,7.9,9,4.3,5,55,5,12.8
"U43319",53,"Female","Student","Android",9.4,5,9,8.9,6,38,6,2.9
"U43320",55,"Other","Student","Android",11.7,3,4,7.3,2,7,1,2.5
"U43321",53,"Male","Freelancer","iOS",8.8,7.6,7,5.4,5,38,1,11.3
"U43322",49,"Female","Business Owner","Android",8.1,3.3,9,4.6,4,41,0,5
"U43323",53,"Female","Student","iOS",3.8,5.9,7,6,6,5,6,5
"U43324",47,"Female","Student","Android",7.1,3.5,7,7.1,1,58,3,3.5
"U43325",49,"Other","Business Owner","Android",4.4,5.4,1,4.5,6,41,2,11.7
"U43326",45,"Other","Business Owner","iOS",9,5,7,5.9,2,34,2,11.8
"U43327",48,"Female","Business Owner","iOS",9.1,5.4,6,6.6,2,23,5,6.3
"U43328",46,"Female","Business Owner","iOS",7.1,3.8,4,5.7,1,51,5,8.8
"U43329",41,"Male","Professional","Android",5.9,5.4,5,7.7,7,35,5,8.1
"U43330",22,"Male","Business Owner","iOS",6.4,7.2,9,7.2,2,13,3,12.5
"U43331",31,"Male","Professional","Android",5.5,5.6,3,8.8,2,44,2,6
"U43332",50,"Male","Business Owner","Android",1.4,1.6,3,4.4,2,24,5,12.9
"U43333",48,"Other","Professional","iOS",11.4,5.8,8,4.6,8,45,2,6.8
"U43334",47,"Female","Freelancer","iOS",6.1,0.7,2,7.4,3,20,4,2.1
"U43335",60,"Female","Student","Android",4.1,5,4,8.3,9,50,0,11.9
"U43336",22,"Female","Business Owner","iOS",8.8,4.7,1,7.8,7,54,3,7.1
"U43337",26,"Female","Business Owner","iOS",7,7.6,3,6.7,1,50,1,13.7
"U43338",31,"Male","Student","iOS",9.5,6.9,7,5.5,5,5,4,12.2
"U43339",56,"Male","Student","iOS",9.3,5.1,1,4.4,10,11,4,7.4
"U43340",52,"Female","Business Owner","iOS",9.3,2.1,4,7.1,7,59,1,13.8
"U43341",23,"Other","Freelancer","Android",1.8,3.1,5,4.6,10,54,5,3.2
"U43342",52,"Other","Professional","Android",3.9,4.1,6,4.5,4,20,3,10
"U43343",54,"Female","Professional","Android",8,5.3,2,8.2,8,50,4,14
"U43344",32,"Female","Business Owner","iOS",9.6,3.2,4,6.5,8,58,4,3.8
"U43345",57,"Other","Professional","Android",7,4.4,1,7.5,2,23,6,6.1
"U43346",47,"Other","Professional","Android",6.2,5,8,8.4,2,45,1,11.6
"U43347",59,"Female","Professional","Android",8.2,6,9,7.3,7,41,2,12.6
"U43348",58,"Other","Student","iOS",10.6,1.8,2,8.9,2,34,2,2.3
"U43349",28,"Female","Business Owner","iOS",10.4,3.5,9,5.6,10,13,3,8.1
"U43350",20,"Male","Professional","iOS",10.8,7,10,7.3,4,15,4,3.7
"U43351",35,"Other","Business Owner","Android",3.7,6.6,7,7.3,1,48,3,12.4
"U43352",50,"Male","Freelancer","iOS",5.8,5.9,2,8.1,3,18,6,8.8
"U43353",48,"Female","Professional","iOS",7.7,7,1,4.8,7,28,2,10.9
"U43354",32,"Male","Student","Android",5.5,1.4,7,4.3,10,45,5,2.2
"U43355",20,"Female","Business Owner","iOS",7,5.5,5,7.4,4,48,1,5.4
"U43356",35,"Other","Business Owner","Android",5.8,2.2,2,6.4,1,22,3,12
"U43357",41,"Female","Freelancer","Android",6.6,4.8,6,8,3,41,2,3.6
"U43358",25,"Other","Professional","Android",11.9,6.5,8,4.8,2,40,1,2.1
"U43359",55,"Other","Student","iOS",11.4,1.4,5,7.2,6,7,4,7.9
"U43360",34,"Female","Student","Android",3.1,4.2,1,5.9,2,56,1,2.2
"U43361",38,"Other","Student","iOS",11.6,7.3,4,8.3,8,14,0,8.3
"U43362",39,"Other","Student","Android",3.3,2.4,7,4.8,3,31,0,11.9
"U43363",50,"Male","Professional","Android",4.3,7.7,9,6.7,1,30,3,8.4
"U43364",44,"Female","Freelancer","iOS",7.6,5.5,4,7.4,7,15,1,2.6
"U43365",50,"Male","Professional","Android",3.1,4.4,9,8.4,9,43,5,9.9
"U43366",23,"Female","Freelancer","iOS",2.4,6.9,9,8.4,6,45,1,12.6
"U43367",59,"Male","Business Owner","iOS",7.6,3.3,7,7.7,6,48,3,12.9
"U43368",47,"Female","Business Owner","Android",8,1.8,7,6.8,4,16,1,6.5
"U43369",32,"Female","Business Owner","iOS",11,7.7,9,7.7,3,45,0,7.3
"U43370",35,"Male","Business Owner","iOS",5.4,7.3,2,5.1,1,28,3,13.2
"U43371",25,"Other","Business Owner","Android",9.4,0.6,10,4.4,9,30,6,2
"U43372",52,"Other","Professional","Android",7,6,10,5.5,4,6,5,3.1
"U43373",53,"Other","Business Owner","Android",10.8,3.3,6,7.7,9,19,6,12.1
"U43374",19,"Other","Professional","Android",1.2,7.6,10,4.3,8,53,1,10.5
"U43375",49,"Male","Freelancer","iOS",5,7.5,9,4.5,9,12,3,2.3
"U43376",55,"Male","Freelancer","Android",4.1,1.1,6,5.3,8,40,1,11.3
"U43377",60,"Male","Business Owner","Android",9.6,7.4,7,7.5,9,60,2,11.1
"U43378",43,"Male","Student","iOS",7.1,6.9,10,5.1,5,51,0,12.7
"U43379",37,"Male","Freelancer","Android",9.2,6.6,4,7,6,27,4,12.4
"U43380",20,"Other","Freelancer","Android",8.8,2.9,8,4.6,8,9,2,11.2
"U43381",33,"Other","Professional","iOS",7.5,4.3,8,5.7,5,47,6,11.8
"U43382",58,"Male","Student","Android",2.5,1.2,3,8.1,4,18,2,6.2
"U43383",58,"Other","Business Owner","Android",3.5,7.1,1,7.9,7,44,3,13
"U43384",24,"Female","Professional","Android",2.8,7.1,6,7.8,3,55,3,3.7
"U43385",40,"Female","Business Owner","iOS",2.9,5.1,6,4.7,4,44,4,9.6
"U43386",49,"Male","Professional","iOS",4.1,0.6,2,7.8,3,41,6,12
"U43387",38,"Female","Professional","iOS",10.5,4.9,9,7.7,3,14,3,2.7
"U43388",50,"Other","Student","Android",6.8,1.1,8,4.2,6,55,0,9.6
"U43389",39,"Male","Student","iOS",6.4,7.5,1,4.1,6,18,1,2.4
"U43390",57,"Female","Freelancer","Android",5,7.1,1,7.5,10,14,0,10.7
"U43391",30,"Female","Freelancer","iOS",8.2,4.4,5,7.2,7,44,3,12.2
"U43392",54,"Male","Freelancer","iOS",8.8,2.5,8,4.9,9,53,2,7.8
"U43393",24,"Male","Business Owner","iOS",9.6,5.9,4,6.4,1,49,3,6
"U43394",52,"Male","Freelancer","iOS",6.5,5.6,6,4.4,1,28,3,9.6
"U43395",58,"Female","Professional","iOS",7.8,4.6,9,7.5,7,32,2,11.9
"U43396",38,"Male","Professional","iOS",2.9,0.7,9,5.2,7,42,3,4.9
"U43397",33,"Female","Business Owner","Android",7.4,3.9,3,6.2,5,13,5,2.3
"U43398",60,"Male","Professional","iOS",1.4,5.2,3,8.8,3,20,6,11.6
"U43399",43,"Female","Student","iOS",7.9,2.4,3,4.7,8,20,4,6.1
"U43400",26,"Female","Professional","Android",4.6,3.1,9,5.5,9,19,6,6.6
"U43401",20,"Other","Student","iOS",9.9,4.7,1,4.1,1,31,3,4.4
"U43402",41,"Other","Professional","Android",11.3,6.6,9,9,8,56,6,2.4
"U43403",35,"Female","Student","Android",9.2,1.6,8,8,8,47,3,6.5
"U43404",37,"Male","Professional","Android",1,5.6,8,8.5,10,27,5,5.7
"U43405",56,"Female","Business Owner","Android",8.9,2.8,4,5.4,10,54,3,5.4
"U43406",30,"Female","Student","iOS",4,1.3,10,7.8,3,11,3,5.8
"U43407",33,"Other","Student","iOS",1.5,3.1,8,4.7,3,49,6,11.7
"U43408",55,"Male","Freelancer","Android",2.5,2.5,2,4.2,7,44,0,6.7
"U43409",29,"Other","Business Owner","Android",9.7,1.3,8,8.7,5,9,3,8.1
"U43410",46,"Female","Freelancer","Android",3.2,4.3,5,7.2,1,6,0,13.7
"U43411",23,"Female","Professional","iOS",1.5,7.8,1,7.6,8,38,4,7.5
"U43412",54,"Male","Professional","iOS",2.1,6,9,8.5,6,46,5,7.3
"U43413",38,"Male","Professional","iOS",5.3,3.3,2,5.8,6,25,4,12.8
"U43414",34,"Female","Freelancer","Android",2.3,5.3,8,7.9,9,52,1,7.4
"U43415",19,"Other","Professional","Android",5.3,3.8,10,5.9,2,47,2,2.6
"U43416",44,"Other","Professional","iOS",8.2,2,5,4.6,6,40,2,5.4
"U43417",32,"Other","Professional","Android",4.3,7.2,5,8.5,3,43,4,9.3
"U43418",51,"Female","Student","Android",3.9,6.4,3,6.6,4,31,1,6.2
"U43419",38,"Female","Business Owner","iOS",11.8,5.1,5,6.4,8,52,1,11.8
"U43420",44,"Female","Professional","Android",11.2,0.5,7,5.8,7,14,0,9.3
"U43421",47,"Male","Student","iOS",3.5,5.7,6,5.3,7,19,6,3.3
"U43422",18,"Other","Student","Android",9.2,5.4,2,5.3,3,32,3,3.3
"U43423",26,"Male","Freelancer","Android",6.4,7.9,4,8.4,7,19,2,9.6
"U43424",21,"Other","Student","iOS",7.8,4.2,2,7,6,51,3,10.7
"U43425",47,"Male","Student","Android",1.5,4.3,3,6.8,1,32,2,3.5
"U43426",58,"Female","Professional","Android",11.8,2.9,3,5.8,1,49,2,9.8
"U43427",22,"Male","Professional","iOS",1.3,5.7,1,5.7,6,13,2,3.3
"U43428",40,"Other","Student","iOS",9.9,2.9,3,6.3,6,12,1,5.7
"U43429",30,"Female","Professional","iOS",9.5,5.7,4,5.4,1,33,1,12.5
"U43430",47,"Male","Freelancer","Android",8.4,0.6,1,8.8,7,59,5,7.1
"U43431",53,"Other","Business Owner","iOS",3.3,5.5,3,8.5,6,37,3,6.7
"U43432",60,"Other","Student","Android",11.8,4.5,3,7.4,3,59,6,6.5
"U43433",35,"Other","Business Owner","Android",6.7,4.2,2,5.3,7,5,4,13.9
"U43434",29,"Male","Professional","Android",8.2,7.1,3,6.6,8,13,4,8.9
"U43435",21,"Male","Student","Android",5.2,1.3,1,7.7,2,18,3,3.4
"U43436",40,"Female","Freelancer","Android",7.5,2.6,1,4.5,4,17,2,4.8
"U43437",40,"Female","Professional","iOS",10.4,7.9,10,5.5,9,44,2,2.7
"U43438",59,"Female","Professional","Android",9.2,2.7,3,8.8,10,54,5,10.5
"U43439",40,"Other","Student","iOS",9.1,6,5,6.4,8,13,5,10.5
"U43440",39,"Female","Professional","iOS",8.3,3.3,2,5,4,8,2,9.9
"U43441",32,"Male","Professional","iOS",8.9,0.9,4,4.8,2,48,2,12.2
"U43442",38,"Other","Business Owner","iOS",10.8,4.7,2,4.8,8,48,1,11.3
"U43443",35,"Female","Freelancer","iOS",9.3,1.5,9,4.7,4,46,6,12.7
"U43444",36,"Other","Business Owner","Android",5.3,1.2,5,4.6,1,40,2,8.6
"U43445",20,"Other","Professional","iOS",7.4,6,5,5,7,53,0,13.2
"U43446",46,"Male","Business Owner","Android",9,0.7,9,4.2,7,35,1,7.4
"U43447",51,"Male","Business Owner","iOS",10.3,4.7,9,5.7,8,45,2,4.1
"U43448",55,"Female","Professional","iOS",10.6,2.2,6,6.3,10,8,5,6.9
"U43449",44,"Other","Professional","Android",7.3,5,2,8,3,11,3,5.7
"U43450",47,"Female","Professional","iOS",2,7.9,9,8.4,5,57,2,8.6
"U43451",47,"Female","Business Owner","Android",7,5,5,4.8,2,59,6,7.5
"U43452",50,"Female","Freelancer","iOS",4.3,8,9,7.6,1,24,3,8.3
"U43453",51,"Other","Professional","Android",9.7,4.8,1,5.1,8,36,0,8.4
"U43454",52,"Other","Professional","iOS",9.6,2.5,3,5.8,6,55,6,5.6
"U43455",55,"Female","Student","Android",4.5,7.1,8,7.1,10,35,3,4.8
"U43456",28,"Other","Professional","Android",11.9,5.1,6,5.3,2,25,1,13
"U43457",59,"Male","Student","Android",2,7.8,9,7.5,4,23,0,10.5
"U43458",26,"Male","Student","Android",9.9,7,1,6.1,1,56,3,10.1
"U43459",24,"Male","Business Owner","Android",1.6,3.3,1,7.9,5,5,2,10.1
"U43460",20,"Female","Freelancer","iOS",4.1,0.5,9,7.9,10,26,4,3.4
"U43461",20,"Female","Student","Android",4.4,5.7,10,8.7,8,32,5,10.2
"U43462",47,"Other","Student","Android",11.3,5.2,5,4.4,10,8,4,2.3
"U43463",26,"Other","Student","Android",11,4.2,10,8.1,7,34,0,7.4
"U43464",60,"Male","Professional","iOS",2.2,7.9,8,8,2,24,5,3.7
"U43465",18,"Male","Student","Android",5.1,8,10,8.4,5,55,2,7.6
"U43466",35,"Female","Freelancer","Android",1.2,6.1,2,6.7,2,58,6,8.8
"U43467",19,"Female","Professional","iOS",4,5.6,9,6.1,2,11,4,11.6
"U43468",57,"Other","Freelancer","Android",11.9,0.6,7,8.8,3,6,4,5
"U43469",37,"Male","Freelancer","iOS",1.2,6.9,9,6.5,2,8,2,8.5
"U43470",49,"Male","Business Owner","iOS",6.4,5.9,5,4.8,2,46,0,13.9
"U43471",22,"Other","Professional","iOS",4.4,1.3,6,4,1,35,5,12
"U43472",25,"Other","Student","Android",2.2,2.6,6,4.8,3,50,3,3.1
"U43473",29,"Male","Freelancer","iOS",10.7,2.6,6,8,5,25,2,3.7
"U43474",36,"Other","Business Owner","iOS",6.7,1.8,2,6.6,7,20,1,11.7
"U43475",43,"Female","Professional","iOS",7,7.7,9,7.5,1,31,2,5.3
"U43476",24,"Male","Freelancer","iOS",11.2,1.1,3,5,7,23,6,7.5
"U43477",46,"Female","Business Owner","Android",5.8,2,8,7.2,10,25,1,2.6
"U43478",41,"Other","Student","Android",5.3,2.5,6,5.4,10,50,0,7.5
"U43479",60,"Female","Professional","iOS",10.7,1.2,1,6.4,9,55,6,8.2
"U43480",49,"Female","Business Owner","Android",2.4,6.2,10,8.7,7,20,1,13.8
"U43481",52,"Other","Business Owner","iOS",10.9,4.7,8,4.5,9,25,6,9.6
"U43482",18,"Female","Business Owner","iOS",10.8,3,2,4.2,2,15,5,8.5
"U43483",35,"Female","Professional","Android",4.7,2.4,4,8.9,7,18,2,8.2
"U43484",24,"Female","Student","iOS",3,6.9,9,8.9,7,9,3,4
"U43485",19,"Other","Freelancer","iOS",4.5,4.2,6,4.8,8,24,3,10.4
"U43486",37,"Other","Student","Android",9.2,6.6,8,8.1,2,39,6,11.1
"U43487",53,"Other","Professional","Android",10.4,7.7,1,6.6,6,48,2,7.6
"U43488",45,"Male","Student","iOS",8,3.5,2,5.4,2,25,3,13.8
"U43489",44,"Other","Student","iOS",9.9,6.3,8,6.2,4,55,4,7.7
"U43490",48,"Other","Business Owner","iOS",11.2,4.8,2,4.8,7,19,2,8.2
"U43491",23,"Male","Business Owner","iOS",8.3,1.3,5,6.3,8,35,6,13.2
"U43492",51,"Female","Professional","iOS",2.7,1.7,6,8.6,7,14,6,5
"U43493",44,"Other","Freelancer","Android",11.4,6,8,7,1,8,2,8.6
"U43494",34,"Female","Freelancer","iOS",6.4,4.2,8,8,6,16,4,10.3
"U43495",35,"Female","Freelancer","iOS",8.7,4.9,10,7.3,10,24,3,2.9
"U43496",27,"Other","Freelancer","Android",9.3,6.3,5,8.9,2,33,1,2.3
"U43497",45,"Male","Business Owner","iOS",2,3.3,2,6.5,5,14,2,4.3
"U43498",26,"Female","Business Owner","Android",4.8,7.8,1,6.2,5,47,1,2.5
"U43499",36,"Male","Business Owner","Android",10.3,2.4,5,4.5,10,22,6,13.5
"U43500",37,"Female","Freelancer","Android",7.1,2.7,3,4.5,9,22,6,8.3
"U43501",49,"Female","Student","Android",11.5,0.6,2,6.4,8,49,6,5.2
"U43502",21,"Other","Freelancer","iOS",6.7,6.7,8,5.3,2,19,5,5.4
"U43503",34,"Other","Freelancer","iOS",7.4,7.7,9,6.5,8,38,2,10.3
"U43504",54,"Female","Business Owner","iOS",3.4,4.5,10,4.7,10,5,6,10.8
"U43505",53,"Female","Student","iOS",2.2,6.5,7,4.2,4,22,5,9.5
"U43506",44,"Other","Student","Android",8,2.9,3,8.3,9,24,6,5.3
"U43507",48,"Male","Professional","iOS",9.8,2.3,5,6.3,6,33,2,4.5
"U43508",23,"Male","Business Owner","iOS",6.6,7,7,7.5,5,32,5,3.5
"U43509",25,"Male","Student","Android",5,6.3,3,8.7,6,27,1,9.3
"U43510",19,"Female","Business Owner","iOS",4.9,4.1,1,8.6,7,50,4,9.5
"U43511",25,"Other","Business Owner","Android",1.8,0.9,5,9,10,25,6,5.9
"U43512",50,"Female","Student","Android",5.6,7.2,6,8.3,1,52,4,2.6
"U43513",47,"Female","Professional","iOS",9.3,3,6,4.5,9,44,0,11.7
"U43514",47,"Male","Student","Android",1.7,3.2,8,6.6,8,25,6,9.2
"U43515",18,"Female","Freelancer","iOS",6.9,2.6,2,5.4,7,48,6,3.1
"U43516",32,"Female","Student","Android",9.5,5.8,2,4.3,4,30,1,6.8
"U43517",33,"Other","Professional","Android",6.6,5.1,2,6.7,4,48,5,12.6
"U43518",28,"Female","Professional","iOS",10.5,4.6,1,5.5,10,38,6,10.7
"U43519",38,"Male","Business Owner","Android",2.4,4.3,8,6.6,9,52,3,5.8
"U43520",47,"Male","Freelancer","Android",10,1.9,4,7.5,8,54,2,9.8
"U43521",21,"Male","Business Owner","Android",9,2.2,9,4.2,5,48,5,13.6
"U43522",36,"Other","Student","iOS",3.8,4,9,6.7,4,39,0,13.2
"U43523",60,"Female","Business Owner","iOS",5.6,5.2,10,7.1,9,28,4,12.8
"U43524",36,"Male","Student","Android",11.3,2.3,10,6,8,26,3,3
"U43525",32,"Female","Business Owner","Android",7.8,7.6,8,7.1,4,47,1,3.8
"U43526",19,"Male","Student","iOS",8.3,2.1,5,8.4,9,43,1,5.2
"U43527",47,"Other","Freelancer","Android",4.6,5,7,5.4,8,20,4,9.6
"U43528",33,"Female","Student","iOS",9,5.3,4,5.5,2,45,6,2.4
"U43529",26,"Other","Student","iOS",11.3,1.3,1,4.7,10,60,4,8.3
"U43530",37,"Other","Professional","Android",7.5,3.1,4,4.8,2,46,4,9.3
"U43531",42,"Female","Student","iOS",2,6.3,1,5.5,9,18,1,7.9
"U43532",60,"Female","Freelancer","Android",3.9,3.4,8,5.5,7,57,4,8.4
"U43533",45,"Female","Business Owner","Android",7,3.5,10,7.6,10,43,0,3.1
"U43534",51,"Other","Professional","iOS",8.5,7.4,3,5.2,2,31,0,10.4
"U43535",54,"Male","Student","Android",3.7,4.4,5,4.3,4,29,0,3.7
"U43536",57,"Female","Professional","iOS",10.8,3.4,8,6.3,9,59,5,6.3
"U43537",48,"Male","Freelancer","Android",5.4,6.7,7,8.4,3,29,6,11.7
"U43538",60,"Female","Student","Android",1.9,2,1,4.1,2,47,4,3.6
"U43539",34,"Female","Student","iOS",3.6,2.6,1,4.5,5,24,1,4.6
"U43540",56,"Female","Professional","Android",11.7,2.5,1,4.2,3,58,3,6.8
"U43541",21,"Other","Freelancer","iOS",5.1,6.7,4,4.4,5,17,0,2.5
"U43542",31,"Female","Business Owner","Android",11.6,1.5,8,4.8,5,19,5,6.9
"U43543",58,"Female","Student","iOS",7.3,0.7,1,4.4,2,26,2,8
"U43544",21,"Other","Professional","Android",3,7.9,6,8.1,9,52,6,7.7
"U43545",34,"Other","Student","iOS",7.5,3.3,6,6.8,1,21,5,11.8
"U43546",32,"Other","Business Owner","iOS",7.4,5.1,4,5.5,10,28,4,13.3
"U43547",50,"Other","Freelancer","iOS",11,7.4,6,9,7,27,1,12.1
"U43548",24,"Female","Professional","Android",7.8,7.1,4,8.7,1,51,0,3.4
"U43549",47,"Female","Freelancer","Android",11.4,7.4,8,8.2,4,26,1,8.3
"U43550",46,"Male","Freelancer","Android",2.2,6.8,7,6.3,3,8,6,5.9
"U43551",57,"Male","Professional","iOS",9.4,1.4,2,5,3,19,5,5.4
"U43552",56,"Other","Student","Android",2.9,0.9,6,5.4,6,35,3,5.9
"U43553",50,"Female","Freelancer","iOS",1.4,7.1,4,7,10,31,0,5.5
"U43554",55,"Other","Business Owner","Android",3.5,8,6,6.6,10,27,1,2.6
"U43555",54,"Other","Student","iOS",3.3,2.1,6,4.3,5,21,5,11
"U43556",27,"Male","Professional","Android",3.6,1.1,2,7.3,4,10,0,10.5
"U43557",34,"Other","Professional","Android",7.2,4.6,4,6.9,6,52,2,10.7
"U43558",43,"Male","Business Owner","Android",5.9,6.5,10,4.2,3,31,3,5
"U43559",54,"Other","Freelancer","iOS",10.4,0.5,7,5.1,6,11,1,8
"U43560",28,"Male","Business Owner","Android",7.1,0.7,10,4.6,10,14,4,4.1
"U43561",36,"Female","Professional","Android",2.2,2.9,2,6.6,8,16,0,12.6
"U43562",47,"Male","Student","Android",5.9,3,2,5.4,9,27,2,6.1
"U43563",19,"Other","Student","Android",7.6,2.6,4,7.7,4,34,1,11.4
"U43564",36,"Other","Student","iOS",6.8,4.9,5,4.2,2,52,0,9.8
"U43565",51,"Female","Professional","Android",9,2.7,6,5.7,3,30,2,3.2
"U43566",25,"Male","Freelancer","iOS",3,1.6,1,6.7,7,49,5,6.5
"U43567",24,"Male","Student","Android",2.4,1,9,6.6,3,29,4,11
"U43568",30,"Female","Professional","iOS",5.3,3.4,9,7.9,6,34,1,5.7
"U43569",21,"Female","Business Owner","Android",6.4,5.3,9,4.7,10,29,2,2.3
"U43570",23,"Female","Student","Android",4,2.1,9,7.3,3,50,4,10.6
"U43571",50,"Male","Business Owner","iOS",4.3,5.9,9,7.2,4,51,5,11.9
"U43572",45,"Female","Freelancer","Android",1.5,1.2,2,8.5,2,29,3,8.9
"U43573",36,"Other","Freelancer","iOS",4.5,5.6,10,4.1,9,53,4,6.5
"U43574",33,"Other","Student","Android",2.5,7.3,1,5.8,3,30,2,3.3
"U43575",26,"Other","Business Owner","iOS",3.8,1,7,5.9,7,42,0,9
"U43576",33,"Other","Freelancer","iOS",10,7.7,4,6.2,8,11,5,4.8
"U43577",23,"Other","Freelancer","iOS",11.8,4.3,10,6.5,3,9,6,10.3
"U43578",34,"Female","Professional","Android",3.9,5.6,4,4,10,48,0,12.4
"U43579",40,"Female","Freelancer","Android",3.3,6.3,7,6.9,2,52,4,12.9
"U43580",42,"Other","Business Owner","iOS",8.8,3.5,2,6.1,9,26,0,10.5
"U43581",41,"Male","Freelancer","iOS",1.7,1.2,1,7.3,5,27,0,10.6
"U43582",24,"Other","Freelancer","Android",6.3,5.4,1,8.2,7,30,4,4.4
"U43583",50,"Female","Student","iOS",8.5,5.1,10,5.1,1,56,2,2.6
"U43584",25,"Other","Freelancer","Android",5,4.6,3,6.5,8,20,6,3.4
"U43585",28,"Female","Business Owner","iOS",11.2,0.7,1,8.2,2,60,0,7.4
"U43586",47,"Female","Business Owner","iOS",5.2,2.7,6,6.6,5,12,1,6.6
"U43587",41,"Other","Professional","iOS",4.4,5.5,6,5.4,2,48,6,11
"U43588",56,"Female","Freelancer","Android",6.6,0.7,1,6.4,6,29,1,4.2
"U43589",23,"Other","Freelancer","Android",3.2,5.2,8,5.2,6,58,3,2.8
"U43590",48,"Other","Professional","Android",11.3,7.8,2,8.5,10,17,4,5.7
"U43591",21,"Female","Business Owner","iOS",5.8,3.7,4,8.5,4,29,1,4.9
"U43592",19,"Male","Business Owner","Android",4.1,1.4,9,7.4,6,31,6,10.7
"U43593",33,"Female","Professional","iOS",6.3,0.6,4,7.6,3,56,3,7.9
"U43594",35,"Male","Professional","iOS",5.5,5.7,7,5.3,1,10,5,3
"U43595",33,"Other","Professional","Android",10.4,6.2,9,4.8,4,31,3,4
"U43596",47,"Female","Freelancer","iOS",5.2,3.9,7,6.9,6,28,5,7.4
"U43597",35,"Female","Professional","Android",3.1,6.5,5,6.6,8,47,3,10.1
"U43598",30,"Female","Professional","Android",4.1,3.7,9,4.8,9,46,1,13
"U43599",27,"Male","Student","Android",5.2,2.7,9,6.5,4,58,4,8.1
"U43600",40,"Other","Professional","iOS",3.8,5,1,6,1,8,3,3.2
"U43601",42,"Female","Business Owner","Android",10,2.1,8,8.4,2,43,6,4.6
"U43602",48,"Male","Professional","iOS",10.1,1.1,1,5.4,5,49,3,10.1
"U43603",36,"Male","Freelancer","iOS",5.1,1,4,5.3,8,28,0,3.9
"U43604",19,"Female","Freelancer","iOS",8.7,6.5,9,7,8,38,4,6.1
"U43605",39,"Female","Student","iOS",7.8,7.8,8,4.6,4,30,3,10.8
"U43606",31,"Male","Freelancer","Android",6,4.8,8,8.3,4,5,2,10.7
"U43607",42,"Female","Business Owner","iOS",2.9,1.6,8,8.1,4,6,4,13.9
"U43608",26,"Male","Freelancer","Android",8.9,2.5,3,5.3,10,52,2,5.9
"U43609",38,"Female","Business Owner","Android",8.3,1.3,6,4.6,6,35,3,10
"U43610",23,"Male","Professional","Android",8.9,2.7,5,4,3,23,1,4.5
"U43611",59,"Other","Business Owner","iOS",5,2.1,10,5.9,10,33,6,3.2
"U43612",60,"Male","Freelancer","Android",1.9,7.5,9,6,7,7,2,13.6
"U43613",27,"Male","Professional","iOS",2.2,3.6,6,4.1,7,8,4,6.6
"U43614",31,"Male","Business Owner","iOS",2.3,4.2,7,5.2,6,37,1,4
"U43615",25,"Female","Professional","Android",2.5,5.4,3,8.7,10,51,3,7.6
"U43616",22,"Female","Freelancer","Android",3.5,5,10,8.7,9,38,3,12.4
"U43617",39,"Other","Professional","iOS",8.2,1.1,5,6.2,5,44,5,7.2
"U43618",34,"Other","Professional","iOS",11,1.2,8,4.9,1,49,0,3.9
"U43619",24,"Female","Student","Android",7.3,0.9,8,6.4,2,51,5,10.3
"U43620",58,"Male","Professional","iOS",9.9,1.6,1,7.8,2,8,0,3.2
"U43621",22,"Other","Professional","iOS",8.5,7.7,5,8.7,10,21,1,9
"U43622",25,"Other","Professional","Android",8,6.4,2,4.9,6,11,4,5.9
"U43623",55,"Male","Freelancer","Android",10.3,4.2,5,7.5,3,60,3,7.8
"U43624",19,"Female","Professional","Android",8,2.6,7,6.5,4,16,3,13.6
"U43625",58,"Female","Freelancer","Android",4.9,4.7,2,7.6,3,33,5,3.1
"U43626",26,"Male","Professional","Android",9,5.1,2,6.7,2,9,3,11
"U43627",19,"Male","Freelancer","Android",3,1.3,10,6.8,5,41,0,10.5
"U43628",42,"Other","Student","Android",3.6,3.8,8,4.9,8,59,1,5.4
"U43629",18,"Female","Business Owner","Android",8,5.1,4,8,1,53,5,2.2
"U43630",49,"Female","Freelancer","Android",2,1.1,2,7.9,7,46,2,10
"U43631",24,"Female","Professional","iOS",6.4,5.2,4,7.1,10,21,1,12.8
"U43632",33,"Other","Professional","Android",5.4,1.2,5,7.2,2,58,4,4.9
"U43633",43,"Male","Freelancer","Android",2.3,7.8,10,5.3,8,59,2,11.6
"U43634",59,"Male","Professional","Android",11.7,4.1,3,8.8,8,55,2,4.8
"U43635",55,"Other","Business Owner","iOS",6.8,2.9,7,6.6,9,60,4,8.5
"U43636",31,"Female","Professional","iOS",6.5,5.1,4,6.6,6,60,4,7.7
"U43637",21,"Male","Professional","iOS",10.2,6,8,6.1,5,55,2,7.1
"U43638",20,"Female","Business Owner","iOS",2.8,4.3,8,6.2,5,41,0,7.3
"U43639",41,"Other","Business Owner","iOS",1.9,7.1,7,7.9,2,28,3,13.8
"U43640",26,"Male","Professional","Android",5.9,1.2,9,8.4,6,56,0,13.1
"U43641",29,"Female","Freelancer","iOS",10.2,7.5,8,4.6,1,36,5,11.1
"U43642",22,"Female","Freelancer","Android",8.3,2.4,4,8.3,7,56,6,13.1
"U43643",37,"Other","Business Owner","Android",1.7,3,1,6.4,8,29,4,9.3
"U43644",34,"Other","Student","iOS",8.5,0.7,8,7.2,7,6,4,12.7
"U43645",28,"Male","Student","Android",6.3,7.1,9,6.5,9,13,6,3.4
"U43646",59,"Other","Freelancer","iOS",1.4,6,1,8.4,8,10,0,2.4
"U43647",45,"Other","Student","iOS",6.5,5,6,5.7,3,52,3,2.3
"U43648",46,"Other","Freelancer","iOS",4,5.5,4,6.9,6,15,4,6.5
"U43649",59,"Female","Freelancer","iOS",2.3,3,6,6.2,7,5,6,2.4
"U43650",33,"Female","Business Owner","Android",3.4,5.8,1,7.4,1,44,2,9.6
"U43651",41,"Other","Freelancer","Android",4.9,0.8,4,7,6,11,5,5.6
"U43652",30,"Male","Business Owner","Android",7.6,7.7,6,5.6,8,21,1,11.9
"U43653",53,"Male","Student","Android",11.2,3.2,6,6.1,9,13,5,11.2
"U43654",34,"Female","Student","iOS",11.1,2,5,6.3,2,17,6,6.4
"U43655",60,"Other","Business Owner","Android",1.6,5.4,8,7.8,4,31,4,9.8
"U43656",26,"Other","Student","Android",10.7,1.7,10,4.5,8,26,5,13.2
"U43657",38,"Male","Professional","iOS",4.7,5.8,4,7.1,9,49,5,2.8
"U43658",45,"Other","Business Owner","Android",4.9,2.9,2,6.6,4,50,2,4
"U43659",25,"Male","Freelancer","Android",3.5,2.7,9,6.2,1,46,1,5.9
"U43660",25,"Female","Student","Android",7.6,1.7,10,6.9,8,42,4,4.7
"U43661",44,"Female","Student","iOS",7.2,0.9,8,6.4,9,17,4,6.8
"U43662",24,"Female","Freelancer","iOS",12,7.1,7,4.5,1,53,2,2.8
"U43663",38,"Female","Student","iOS",2.9,7.7,9,5.7,4,47,3,3.4
"U43664",60,"Male","Business Owner","iOS",1.5,2.8,6,5.4,5,17,5,12.6
"U43665",57,"Male","Professional","Android",3,5.1,4,4.9,1,54,4,10.9
"U43666",54,"Other","Student","Android",9.3,3.8,6,6.6,8,43,1,8.6
"U43667",57,"Female","Business Owner","Android",6,2,9,4.5,10,52,6,6.2
"U43668",37,"Other","Student","Android",3.9,4.1,6,7.6,5,42,2,5.4
"U43669",35,"Other","Student","iOS",8.6,2,1,6.9,5,8,3,2.4
"U43670",27,"Female","Business Owner","iOS",10,1.1,5,4.7,6,27,5,8.7
"U43671",44,"Male","Freelancer","iOS",1.8,3,10,4.3,10,9,1,7.1
"U43672",23,"Other","Student","Android",6,3.6,7,4.3,3,22,4,3.3
"U43673",52,"Male","Business Owner","Android",9.8,1.5,6,6,1,33,5,13.6
"U43674",35,"Other","Professional","iOS",11.9,6.3,2,4.9,4,59,2,6.4
"U43675",39,"Male","Professional","Android",4.7,7.2,9,7.3,2,34,5,6.1
"U43676",38,"Other","Student","iOS",10.8,5.6,7,7.8,10,20,4,6.3
"U43677",31,"Female","Business Owner","Android",2.2,4.7,6,5.4,1,32,5,5
"U43678",46,"Other","Professional","Android",11.7,2,1,7.1,8,29,1,5.4
"U43679",38,"Male","Freelancer","Android",7.1,5.4,5,8.3,3,38,6,2.1
"U43680",52,"Male","Professional","iOS",9.4,7.3,4,6.4,9,44,3,9
"U43681",27,"Female","Professional","Android",10,6.4,5,6.2,10,21,2,9.2
"U43682",43,"Other","Freelancer","iOS",9.2,7.8,6,5.8,2,50,2,12.8
"U43683",51,"Female","Professional","Android",7,7.6,3,5.2,4,53,1,8.3
"U43684",26,"Other","Business Owner","iOS",2.6,4,5,4.3,7,39,5,9.3
"U43685",59,"Male","Freelancer","iOS",10.6,6.3,6,5.3,6,44,5,7.3
"U43686",57,"Male","Professional","Android",9.3,6.3,7,4.5,10,34,5,11.7
"U43687",41,"Female","Student","iOS",2.7,4,7,6.8,5,54,1,12.5
"U43688",21,"Female","Business Owner","iOS",5.9,6.2,7,4.8,10,20,4,9.3
"U43689",52,"Male","Professional","Android",4.1,0.9,1,5.1,8,35,1,6.6
"U43690",24,"Other","Business Owner","Android",5.7,6.8,5,7.2,7,5,1,3.2
"U43691",35,"Female","Professional","Android",1.4,5.2,4,7.8,7,44,1,10.2
"U43692",57,"Female","Freelancer","iOS",9.4,5.3,3,4,4,21,1,13.6
"U43693",55,"Male","Business Owner","Android",2.9,2.6,4,8.5,4,22,1,5.8
"U43694",60,"Other","Business Owner","Android",7.7,1.2,7,8.9,1,26,6,13.6
"U43695",37,"Male","Business Owner","Android",5,0.8,7,4.8,5,29,2,6.2
"U43696",20,"Female","Freelancer","iOS",3.4,5,3,5.6,5,22,2,13.6
"U43697",29,"Male","Professional","Android",8.7,4.2,6,4,5,11,0,11.8
"U43698",30,"Other","Business Owner","iOS",4.6,3.4,9,5.6,10,14,3,12.6
"U43699",26,"Male","Professional","iOS",10.6,7.2,9,7.3,3,22,2,5.6
"U43700",30,"Other","Student","iOS",4.7,7.8,7,8.8,3,54,1,3.4
"U43701",40,"Other","Student","Android",10.6,6.4,1,6,9,33,4,12.6
"U43702",53,"Other","Student","Android",7,8,9,9,2,19,2,13.1
"U43703",41,"Male","Freelancer","iOS",3.4,1.9,2,6.7,9,55,3,13.7
"U43704",55,"Female","Student","iOS",4,7.6,8,7.6,1,16,5,13.9
"U43705",32,"Male","Business Owner","iOS",8.6,1.8,7,6.3,3,10,3,13.2
"U43706",40,"Male","Student","iOS",10.2,7.8,5,6.3,6,52,0,8.6
"U43707",50,"Male","Freelancer","Android",10,3.2,2,6.8,5,17,2,7.6
"U43708",21,"Other","Business Owner","iOS",4.4,3.9,9,8.5,5,60,0,2.1
"U43709",31,"Other","Business Owner","iOS",8.2,7.6,5,8.6,2,55,6,9.8
"U43710",60,"Female","Business Owner","Android",9.5,7,6,6.5,8,16,1,12
"U43711",58,"Other","Professional","iOS",11.9,5.2,7,8.2,8,15,6,12.1
"U43712",39,"Female","Student","Android",11.6,0.9,4,5.8,7,46,4,10
"U43713",59,"Male","Student","Android",10.5,4.9,6,5.5,5,43,2,4.5
"U43714",28,"Female","Business Owner","Android",9.5,7,5,5.6,2,12,0,10.9
"U43715",50,"Female","Professional","iOS",9.2,3.7,10,7.2,3,15,5,8.4
"U43716",51,"Male","Freelancer","iOS",8,3.5,9,4.7,10,23,5,12.5
"U43717",19,"Female","Student","Android",1.3,3.3,1,5,10,26,0,12.3
"U43718",39,"Female","Freelancer","iOS",1.3,3.4,9,5.8,8,11,2,8.5
"U43719",19,"Other","Business Owner","Android",2.1,3.7,2,8.3,5,27,4,11.2
"U43720",49,"Female","Business Owner","iOS",2.7,6,1,5.5,1,48,0,2.2
"U43721",38,"Other","Freelancer","iOS",4,4.2,7,8,5,32,0,11.8
"U43722",20,"Other","Professional","iOS",4.5,3.6,7,7.9,5,27,0,3.3
"U43723",49,"Other","Freelancer","iOS",7.3,4.1,4,7.6,1,30,3,3.4
"U43724",60,"Male","Freelancer","iOS",8.8,3.9,2,5.4,1,15,1,9.5
"U43725",50,"Female","Freelancer","Android",10.7,1.1,9,6,9,42,6,3.2
"U43726",23,"Other","Business Owner","iOS",6.7,2.9,3,5.5,6,13,1,3.4
"U43727",55,"Male","Business Owner","Android",11.8,1.3,1,8.3,7,45,6,2.9
"U43728",58,"Male","Freelancer","Android",8,1.1,9,6.8,7,52,0,9.1
"U43729",46,"Female","Student","Android",7.3,0.8,8,7.5,4,32,0,3.2
"U43730",31,"Male","Student","Android",3.5,2.4,10,4,1,13,0,9.4
"U43731",41,"Male","Student","Android",2.7,3,2,5.8,9,32,3,3.4
"U43732",34,"Other","Business Owner","iOS",6.8,7,7,4.5,10,25,2,12.2
"U43733",36,"Male","Professional","iOS",3.4,6.6,3,7.2,10,46,2,10
"U43734",26,"Male","Student","Android",9.4,3.1,2,6.3,7,17,3,2.8
"U43735",40,"Female","Professional","iOS",10.9,6.3,3,8.7,3,39,5,7.7
"U43736",29,"Female","Professional","iOS",4.7,6.1,2,7.4,2,36,3,4.5
"U43737",35,"Male","Freelancer","iOS",9.5,2.8,5,4.1,9,7,4,11.7
"U43738",48,"Male","Freelancer","iOS",8.8,4,1,4.5,3,41,4,5.4
"U43739",49,"Female","Student","iOS",9,4,1,6.3,2,54,0,6.7
"U43740",49,"Female","Professional","iOS",10,3.1,9,6.7,10,52,0,8.1
"U43741",48,"Female","Freelancer","Android",4,4.5,7,9,10,18,5,6.1
"U43742",34,"Other","Professional","iOS",3.3,4,10,7.1,1,22,2,11.7
"U43743",36,"Male","Student","Android",8.3,7.9,5,8.6,2,60,1,12.8
"U43744",35,"Other","Student","iOS",1.4,7.2,8,8.3,1,14,5,5.5
"U43745",54,"Female","Freelancer","Android",10.4,5.9,10,5.6,1,9,2,10.6
"U43746",42,"Other","Student","Android",11.6,6.4,7,6.9,5,15,5,9.3
"U43747",34,"Other","Student","Android",1.1,1.2,8,7.5,1,28,3,3.2
"U43748",55,"Other","Student","Android",2.2,6.8,10,7.2,3,55,3,8.6
"U43749",33,"Female","Student","Android",1.4,4.8,8,7.6,8,39,0,2.2
"U43750",20,"Male","Student","Android",7.7,1.3,9,8.9,3,50,4,12.7
"U43751",37,"Female","Freelancer","iOS",8.9,4.8,9,4.4,5,39,6,10.2
"U43752",45,"Other","Student","iOS",8.9,5.3,2,4,4,52,1,6.7
"U43753",36,"Other","Student","iOS",3.6,6.9,8,8.3,8,56,3,4.6
"U43754",21,"Other","Business Owner","iOS",8.5,1,10,7.2,8,28,1,12.1
"U43755",21,"Female","Student","Android",5.8,2.3,7,4.1,6,5,2,12.8
"U43756",45,"Male","Professional","Android",4.1,2.2,7,7.5,1,19,4,10.4
"U43757",18,"Female","Professional","Android",4.9,7.9,4,7.1,5,27,6,3
"U43758",42,"Male","Business Owner","iOS",4.7,3.6,9,8.1,10,39,0,5.5
"U43759",54,"Female","Freelancer","Android",10,3.3,7,5.9,4,23,2,13.5
"U43760",52,"Female","Freelancer","iOS",11.5,3.8,3,8.1,4,46,2,6.9
"U43761",50,"Other","Freelancer","Android",4.1,1.6,7,6.4,6,21,0,5.3
"U43762",26,"Male","Professional","iOS",5.9,1.7,4,7.8,1,58,2,7.5
"U43763",42,"Female","Business Owner","iOS",4.8,2.4,2,5.9,3,22,4,9.9
"U43764",37,"Male","Freelancer","iOS",2.1,6.2,9,9,7,51,1,4.4
"U43765",52,"Other","Professional","iOS",3,4.6,2,6.5,3,52,4,3.7
"U43766",45,"Female","Business Owner","iOS",8.3,3.5,9,6.4,3,56,1,8.4
"U43767",26,"Female","Student","Android",8.7,2.3,6,5.3,7,31,1,5.6
"U43768",60,"Male","Student","iOS",8.2,4.4,4,4.5,10,16,0,7.4
"U43769",47,"Other","Student","Android",10.9,3.6,5,4.3,5,39,6,13
"U43770",41,"Female","Student","iOS",10.4,3.9,10,5.3,5,51,1,4.3
"U43771",41,"Other","Professional","Android",8.4,1.8,7,4.6,5,30,0,7.2
"U43772",31,"Male","Student","Android",6.5,1.8,9,4.3,9,14,5,10
"U43773",49,"Other","Student","iOS",10.2,3.5,2,5.1,3,24,5,3.6
"U43774",47,"Other","Professional","iOS",9.8,3.4,7,7.6,4,43,1,5.1
"U43775",55,"Other","Student","iOS",11.8,3.9,4,8.1,10,19,4,11.6
"U43776",32,"Female","Business Owner","Android",4.8,6.1,8,7.6,10,57,4,8.8
"U43777",53,"Male","Business Owner","Android",2.1,2.9,7,5,6,17,2,9
"U43778",40,"Male","Freelancer","iOS",7,2.3,7,8.6,3,23,0,10.6
"U43779",59,"Female","Professional","iOS",9.7,4.1,2,5,7,31,0,12.6
"U43780",36,"Female","Professional","iOS",3.4,3.1,8,7.1,4,48,5,10.8
"U43781",59,"Female","Student","Android",8.4,4,7,7.8,10,55,6,3
"U43782",42,"Male","Professional","Android",11.9,2.5,5,5,1,30,2,2.2
"U43783",19,"Female","Student","Android",11.1,6.7,3,8.6,9,21,4,6.4
"U43784",55,"Other","Student","Android",8.2,6.7,4,5.6,10,40,1,11.4
"U43785",24,"Other","Professional","Android",11.7,6.4,10,4.8,4,5,4,12.6
"U43786",26,"Female","Freelancer","iOS",5.5,1.7,2,5.4,7,6,3,11.6
"U43787",25,"Other","Professional","iOS",8.4,2.5,4,5.3,5,19,1,8.9
"U43788",19,"Other","Business Owner","iOS",8.1,5.1,2,4,5,57,0,10.9
"U43789",34,"Female","Freelancer","Android",1.2,1,3,7.9,1,36,0,12.4
"U43790",19,"Female","Freelancer","Android",10.9,3.5,7,5.5,7,33,5,13.7
"U43791",47,"Male","Business Owner","iOS",10.4,0.6,7,7,5,5,6,7
"U43792",28,"Other","Freelancer","iOS",2.4,5.9,7,7.6,3,24,3,13.3
"U43793",41,"Female","Student","Android",6.7,2.5,7,8.7,4,53,3,2.1
"U43794",34,"Male","Freelancer","Android",8.1,1.8,6,7.3,9,21,0,9.5
"U43795",40,"Female","Business Owner","Android",5.2,6.8,1,7.2,9,35,0,11.3
"U43796",30,"Other","Business Owner","Android",1.2,6.2,5,6.7,10,39,6,11.2
"U43797",56,"Other","Professional","Android",7,3,5,4.4,3,12,4,3.1
"U43798",45,"Other","Professional","Android",4.2,6.5,10,8.6,2,45,6,4.8
"U43799",20,"Male","Student","Android",6.3,1.4,6,7.5,1,53,0,6.9
"U43800",23,"Male","Freelancer","iOS",3.2,4.7,3,6.5,9,58,3,6.5
"U43801",45,"Other","Professional","Android",11.2,2.6,6,5.7,6,50,6,5.2
"U43802",21,"Other","Student","iOS",2,7.8,10,6.3,10,37,5,6.8
"U43803",54,"Female","Freelancer","Android",7.1,3.6,7,5.3,10,50,4,7.8
"U43804",57,"Female","Business Owner","iOS",5.1,7.3,3,8.3,2,35,6,2.5
"U43805",32,"Female","Student","Android",5.9,4.7,6,5.8,8,20,6,10.9
"U43806",27,"Other","Freelancer","Android",6.3,6.7,3,4.4,9,38,6,6.2
"U43807",58,"Other","Professional","Android",7.3,2.6,4,7.9,6,19,1,7.8
"U43808",34,"Other","Professional","Android",11.2,7.5,3,6.3,2,52,3,8
"U43809",47,"Other","Freelancer","Android",7.9,4.5,10,5.3,5,18,6,11.1
"U43810",19,"Male","Business Owner","iOS",9,7.3,1,8.1,7,57,0,3.3
"U43811",46,"Male","Student","iOS",2.6,1.8,9,8.4,7,6,4,4.9
"U43812",54,"Male","Freelancer","iOS",6.5,5.2,4,6.3,2,5,6,9.5
"U43813",27,"Other","Student","iOS",4,3.1,10,4,5,43,6,4.9
"U43814",43,"Male","Professional","Android",10.4,6.1,1,5.5,4,39,6,5.1
"U43815",26,"Other","Student","iOS",8.4,7.8,4,5.9,6,15,0,13.4
"U43816",41,"Female","Professional","Android",10.5,6.6,7,5.9,2,27,6,11.6
"U43817",60,"Male","Student","iOS",2.6,1.8,9,8.3,4,56,0,4
"U43818",24,"Male","Business Owner","iOS",4.4,1.8,2,5.2,10,21,0,7.3
"U43819",48,"Other","Professional","iOS",5.2,1.5,8,4.8,4,16,2,5.2
"U43820",36,"Male","Student","Android",8,3.3,10,8.6,5,60,6,11.1
"U43821",30,"Male","Student","Android",2.4,1,4,6.3,5,26,4,9.9
"U43822",25,"Other","Business Owner","iOS",4.5,1.9,5,7.6,8,5,5,2.6
"U43823",43,"Male","Business Owner","iOS",2.5,7.6,7,5.2,1,8,4,4.2
"U43824",21,"Other","Business Owner","Android",2.1,7,10,4.2,4,59,1,10.8
"U43825",31,"Female","Freelancer","Android",5.1,2.7,7,4.7,3,14,4,8.5
"U43826",26,"Male","Professional","Android",6.4,3.8,10,7.2,8,40,6,5.8
"U43827",41,"Male","Freelancer","Android",9.3,2,5,5.2,4,9,3,11.4
"U43828",21,"Male","Freelancer","Android",10.6,3.2,10,5.2,7,39,4,13.1
"U43829",59,"Female","Business Owner","iOS",6.8,2.4,1,8.5,6,47,6,13.3
"U43830",32,"Other","Freelancer","iOS",1.5,6.1,1,5.9,9,28,6,6.7
"U43831",55,"Other","Business Owner","iOS",6.1,2.6,7,5.1,8,13,4,9.6
"U43832",37,"Female","Student","Android",6.6,4.1,6,5.5,9,9,0,11
"U43833",33,"Female","Freelancer","iOS",8.2,4.5,8,6.7,8,41,5,3.8
"U43834",58,"Female","Professional","Android",10.1,6.8,9,7.1,5,48,6,7.8
"U43835",56,"Other","Student","iOS",7.6,2.8,6,6.2,3,57,2,13.1
"U43836",50,"Other","Business Owner","iOS",8.2,4.1,4,7.6,4,5,4,9.2
"U43837",51,"Other","Professional","Android",1.4,1.7,8,8.8,2,8,2,12.1
"U43838",34,"Male","Professional","Android",3.5,5.1,2,8,9,32,3,4
"U43839",35,"Male","Business Owner","Android",1.3,5.2,4,8.3,1,12,6,8.2
"U43840",27,"Female","Student","Android",9.7,7.8,8,8.1,2,13,6,5.4
"U43841",47,"Female","Freelancer","Android",3,5.2,3,7,2,35,4,9.1
"U43842",53,"Other","Business Owner","Android",6.3,4.7,5,7.7,7,15,5,7.7
"U43843",54,"Male","Freelancer","Android",9.8,6.5,4,6.7,9,27,2,3.1
"U43844",40,"Female","Professional","iOS",7,7.7,8,6.5,4,47,2,4.7
"U43845",27,"Other","Professional","Android",11.5,3.4,8,8.1,4,46,2,2.9
"U43846",33,"Other","Student","Android",1.9,5.9,10,4.9,6,26,0,11.8
"U43847",45,"Female","Professional","Android",8.3,2.8,6,5.1,6,9,0,8.1
"U43848",23,"Female","Professional","Android",3.4,2,8,7.1,10,20,6,13.7
"U43849",49,"Female","Professional","Android",4.4,5.9,4,6.2,1,49,4,11.5
"U43850",55,"Other","Business Owner","Android",8.3,0.8,9,7.9,6,40,1,3.5
"U43851",34,"Male","Student","Android",3.9,6.9,10,8.2,8,57,6,4.8
"U43852",54,"Other","Freelancer","iOS",1.4,6.9,6,4.8,2,34,3,10.4
"U43853",44,"Other","Student","iOS",4.2,4.2,5,6.5,5,26,0,10.5
"U43854",34,"Female","Freelancer","iOS",5.6,3.6,10,8.2,3,20,3,8.2
"U43855",39,"Female","Student","iOS",1.2,5.2,10,5.9,2,44,6,11.8
"U43856",37,"Other","Business Owner","iOS",10.7,0.5,3,5.2,6,39,2,13.8
"U43857",56,"Other","Professional","Android",10.9,1.5,10,8.9,7,24,2,6.5
"U43858",40,"Male","Professional","Android",10.9,4,10,8.3,9,19,5,10.7
"U43859",57,"Male","Student","iOS",4.1,1.6,6,4.1,5,46,3,6.9
"U43860",40,"Other","Student","Android",6.2,2.3,4,7,4,42,0,2.1
"U43861",47,"Other","Professional","Android",6.1,4.9,10,8.4,2,7,6,7.3
"U43862",50,"Male","Freelancer","Android",3.4,4.6,7,5.8,3,28,1,2.4
"U43863",25,"Male","Business Owner","Android",1.1,0.9,10,7.6,1,55,5,9
"U43864",29,"Other","Freelancer","Android",7,5.6,9,6.7,5,55,2,13
"U43865",46,"Other","Business Owner","Android",8.3,4.6,6,6.5,6,24,0,10.9
"U43866",30,"Male","Freelancer","iOS",4.7,4.1,4,7.4,5,55,3,13.4
"U43867",24,"Other","Professional","Android",1.2,3.3,6,8.1,7,24,3,8.8
"U43868",49,"Other","Business Owner","iOS",8.3,1.3,2,5.7,3,59,5,11.6
"U43869",36,"Male","Business Owner","Android",1,6.7,4,4.2,1,41,2,3.4
"U43870",60,"Other","Professional","Android",1.2,1.7,7,4.8,4,60,2,13.5
"U43871",27,"Female","Freelancer","Android",8.7,6.6,2,8.1,3,60,4,11.5
"U43872",46,"Other","Business Owner","iOS",6.3,0.7,1,7.2,9,25,2,10.6
"U43873",24,"Female","Business Owner","iOS",3.4,1.3,8,7.8,10,7,2,2.9
"U43874",51,"Other","Student","iOS",1.6,2.6,6,5.2,3,51,2,2.4
"U43875",32,"Female","Professional","iOS",6.1,6.2,5,6.6,6,9,0,5.2
"U43876",26,"Other","Professional","iOS",8.7,1.9,2,9,9,8,4,9.8
"U43877",27,"Female","Business Owner","iOS",5.5,5.6,4,4.8,8,7,4,8.3
"U43878",35,"Female","Business Owner","iOS",4.3,4,3,8.6,7,11,3,11.7
"U43879",19,"Female","Business Owner","iOS",9.1,5.7,10,4.8,6,9,4,4.1
"U43880",28,"Other","Freelancer","Android",1.5,3.9,7,7.5,6,41,6,2.1
"U43881",31,"Other","Freelancer","iOS",7.1,5.3,8,5,6,24,1,7.3
"U43882",56,"Other","Freelancer","iOS",1.6,3.5,10,5.1,10,38,5,4.4
"U43883",31,"Male","Business Owner","Android",5.1,4.6,6,4.6,1,19,5,7.6
"U43884",43,"Male","Freelancer","Android",9,4.8,3,4.6,1,53,6,3
"U43885",60,"Female","Professional","Android",9.5,2.1,5,7.6,10,35,3,6.5
"U43886",26,"Female","Business Owner","Android",9.2,1.7,3,7,9,37,3,3.2
"U43887",48,"Female","Student","Android",10.6,5,6,6.4,8,25,2,10.3
"U43888",42,"Male","Student","iOS",5.6,1.1,5,5.8,1,43,6,7.9
"U43889",24,"Other","Professional","Android",4.2,6.5,3,6,3,23,0,12
"U43890",47,"Other","Student","Android",9.9,6,10,6.7,9,53,2,10.7
"U43891",44,"Other","Professional","iOS",9.3,7,1,8.2,7,18,3,5.5
"U43892",35,"Male","Business Owner","iOS",6.4,2.3,1,8.9,7,48,1,11.6
"U43893",19,"Other","Student","iOS",6.9,2.4,7,5.3,4,13,6,2.5
"U43894",60,"Male","Freelancer","iOS",2.6,4.8,10,7.8,10,50,1,9.3
"U43895",35,"Male","Freelancer","Android",10.4,6.3,6,6.1,1,11,2,5.5
"U43896",20,"Female","Professional","iOS",3.3,6.9,2,5,9,53,6,13.1
"U43897",35,"Male","Student","Android",11.5,1.7,7,4.2,8,56,2,11
"U43898",42,"Female","Student","iOS",10.3,6.2,2,5.6,10,52,6,3.3
"U43899",39,"Other","Freelancer","Android",8.2,2,9,7.6,9,14,6,9.6
"U43900",60,"Other","Student","Android",8,6.1,1,8.7,1,11,5,13.9
"U43901",41,"Other","Business Owner","iOS",8.8,6.4,8,6.4,6,38,4,3.4
"U43902",24,"Female","Freelancer","Android",6.5,7,10,6.1,3,55,2,3.4
"U43903",23,"Female","Student","iOS",7.1,2.3,7,6.4,3,7,1,9.6
"U43904",28,"Female","Student","iOS",8.6,4.3,9,5.1,10,60,4,4.7
"U43905",53,"Female","Business Owner","Android",11.8,1,9,4.7,10,14,4,9.3
"U43906",42,"Male","Student","Android",8.3,7.7,6,4.9,3,8,1,3.2
"U43907",32,"Male","Professional","Android",8.3,4.8,7,7.6,1,48,4,10.6
"U43908",50,"Other","Freelancer","iOS",2.9,5.9,8,6.4,10,47,0,9.5
"U43909",23,"Female","Freelancer","iOS",9.9,7.5,2,7.3,5,23,1,4.5
"U43910",25,"Male","Business Owner","iOS",5.5,6.7,8,5,5,53,0,6.7
"U43911",19,"Other","Student","Android",2.3,2.9,9,5.6,1,34,2,5.9
"U43912",40,"Other","Professional","Android",11,3,8,4.8,10,28,4,13.6
"U43913",18,"Female","Student","iOS",2.8,1.4,8,7.9,6,16,4,6.2
"U43914",26,"Male","Business Owner","iOS",2.5,3.4,6,4.3,10,59,4,7.9
"U43915",26,"Female","Student","Android",2.7,3,1,4.2,5,9,3,11.6
"U43916",52,"Female","Professional","iOS",9.2,2.7,5,6.2,9,31,3,9.4
"U43917",56,"Male","Business Owner","Android",10.2,3.1,8,5.3,9,9,2,12.8
"U43918",28,"Other","Business Owner","iOS",10.2,7.7,7,8.2,3,28,2,5.5
"U43919",20,"Male","Student","iOS",6.1,7.9,1,6.7,8,24,0,10.2
"U43920",48,"Male","Professional","Android",5.5,2.7,8,8.9,7,57,1,13.8
"U43921",59,"Female","Professional","iOS",11.4,1.1,2,5.8,5,22,5,3.6
"U43922",36,"Other","Student","iOS",4.2,2.8,9,4.6,3,22,0,5.9
"U43923",58,"Male","Professional","Android",2.5,4.2,7,6,10,56,6,12.7
"U43924",39,"Other","Freelancer","Android",2.1,7.5,6,6.6,6,20,3,8.4
"U43925",55,"Male","Student","Android",3.9,5.9,10,8,1,32,4,13.5
"U43926",40,"Other","Freelancer","iOS",7.7,7.5,8,6.5,7,9,3,11.9
"U43927",28,"Other","Business Owner","iOS",4.2,6.1,4,8.2,3,41,2,8.4
"U43928",51,"Female","Freelancer","iOS",2.4,8,3,5.3,3,57,4,13.2
"U43929",26,"Female","Business Owner","iOS",11,1.8,9,8.2,7,15,1,11.7
"U43930",46,"Male","Freelancer","Android",8.5,3.6,4,8.8,1,31,1,6
"U43931",44,"Female","Professional","Android",10.7,2.7,2,5.7,2,8,3,10.7
"U43932",49,"Other","Professional","Android",5.3,6.9,5,5.3,9,58,3,11.8
"U43933",48,"Male","Professional","Android",9.3,4.8,3,6.7,9,34,0,5.9
"U43934",35,"Male","Freelancer","iOS",7.3,7.5,9,7,2,23,2,2.4
"U43935",29,"Other","Freelancer","iOS",4.5,6,2,7.6,9,27,0,11.6
"U43936",31,"Male","Freelancer","Android",10.5,0.7,3,7.7,9,45,1,6.8
"U43937",57,"Male","Professional","Android",1.4,0.6,6,8.9,4,34,4,4.5
"U43938",31,"Female","Business Owner","iOS",6.6,4.7,6,6.9,2,16,3,11.5
"U43939",38,"Female","Professional","Android",10.5,6.7,4,7.6,10,59,1,3.9
"U43940",34,"Female","Student","iOS",6.1,2.8,10,4.9,6,44,3,4.4
"U43941",31,"Male","Student","iOS",2.5,1.9,4,4.6,5,48,0,7.6
"U43942",32,"Male","Professional","Android",8.5,4.5,8,5.6,1,16,1,10.6
"U43943",58,"Male","Student","iOS",11.4,2.8,2,6.3,7,60,2,6.9
"U43944",47,"Female","Freelancer","iOS",7.3,0.5,7,4.1,8,58,0,11
"U43945",30,"Other","Freelancer","Android",2.9,5.7,4,7.3,9,56,5,11.9
"U43946",26,"Other","Student","iOS",4.6,1.5,9,8.4,9,38,0,10.1
"U43947",46,"Male","Business Owner","iOS",3.2,2.9,3,4.3,2,31,3,13.6
"U43948",51,"Other","Freelancer","Android",9.5,6.2,3,6.1,10,28,6,9.1
"U43949",31,"Male","Business Owner","Android",1,7.3,7,5.6,1,7,1,4.8
"U43950",56,"Other","Professional","iOS",5.1,2.3,2,5.9,4,13,1,5.5
"U43951",44,"Male","Freelancer","Android",7.3,1.6,1,5.5,9,26,4,4.3
"U43952",55,"Other","Professional","iOS",4.5,1.2,5,5.2,3,35,0,9.8
"U43953",29,"Other","Student","Android",9.1,7.4,9,7.9,4,56,2,3.7
"U43954",23,"Other","Freelancer","iOS",3.5,7.4,3,5.4,4,28,4,8.4
"U43955",40,"Female","Business Owner","Android",5,3.4,7,6.9,3,49,0,3.5
"U43956",25,"Other","Professional","iOS",10.5,1.8,8,7.8,9,33,3,6.8
"U43957",20,"Female","Professional","Android",7.9,8,10,8.1,9,35,6,7.1
"U43958",18,"Male","Professional","iOS",3.6,2.1,8,7.2,9,58,1,5.9
"U43959",26,"Male","Student","iOS",2.2,7.7,6,8.5,2,54,2,3.9
"U43960",42,"Other","Business Owner","iOS",4.6,3,8,6.8,2,27,3,7.9
"U43961",18,"Other","Freelancer","Android",2.4,0.9,9,8.9,2,58,3,11
"U43962",49,"Female","Professional","iOS",9.3,4.3,2,5.2,3,33,1,8
"U43963",46,"Other","Professional","iOS",10.6,5.7,3,6.2,10,18,4,6.9
"U43964",28,"Male","Student","iOS",1.3,1.8,1,8.2,5,19,5,4.8
"U43965",22,"Other","Business Owner","iOS",6.2,5.7,7,7.5,7,14,6,9.9
"U43966",34,"Other","Freelancer","iOS",1.4,2.2,1,8.1,5,28,5,9.9
"U43967",30,"Other","Freelancer","Android",2.4,4.9,1,6.4,6,29,3,9.4
"U43968",58,"Female","Freelancer","Android",10.9,4.7,9,6.6,6,8,3,12.2
"U43969",58,"Other","Professional","Android",1.6,6.6,8,7.4,6,49,6,5.7
"U43970",34,"Male","Business Owner","iOS",2.9,4.4,5,5.2,9,56,6,12.1
"U43971",51,"Other","Freelancer","iOS",11.4,6.1,4,7.5,2,11,5,8.6
"U43972",42,"Female","Business Owner","iOS",8.5,3.7,3,6.5,6,43,4,7.5
"U43973",54,"Other","Professional","Android",7.6,1.4,9,7.9,7,22,4,10.1
"U43974",60,"Other","Business Owner","iOS",5.6,5.3,4,6,1,60,5,13.8
"U43975",42,"Female","Professional","Android",6.2,5.4,10,4.7,6,32,0,3.3
"U43976",39,"Other","Professional","Android",5.5,4.9,3,5.4,1,13,0,7.3
"U43977",31,"Male","Freelancer","Android",9.1,4.9,7,8.1,3,58,0,11.6
"U43978",49,"Male","Freelancer","iOS",2.5,7.2,5,8.7,4,53,3,10.1
"U43979",22,"Other","Freelancer","Android",2.9,1.7,10,8.6,8,59,2,10.7
"U43980",41,"Female","Business Owner","Android",6.6,4.5,9,6.5,7,44,3,6.7
"U43981",40,"Other","Freelancer","iOS",10.8,3.6,7,5.8,1,33,2,13.8
"U43982",48,"Other","Freelancer","Android",7.7,5.3,9,8.7,7,46,2,9.4
"U43983",33,"Male","Student","iOS",8.7,3.7,5,8.7,6,57,5,7.6
"U43984",25,"Male","Business Owner","iOS",10.7,3.7,7,6.6,5,55,3,11.4
"U43985",19,"Male","Freelancer","Android",5,6.1,8,5.3,6,53,1,6.3
"U43986",40,"Male","Business Owner","Android",10.6,1.2,6,4.8,5,53,1,2.5
"U43987",29,"Other","Student","iOS",6.3,1.3,3,5.7,2,40,0,12.4
"U43988",18,"Male","Professional","iOS",10.2,8,1,4.7,9,40,2,5.4
"U43989",53,"Male","Student","Android",3,0.9,6,8.7,2,23,6,11.5
"U43990",54,"Female","Student","iOS",3.2,4.3,7,5.3,4,24,1,4.2
"U43991",53,"Other","Student","iOS",8,3,6,8.1,8,13,6,2.1
"U43992",30,"Other","Business Owner","iOS",3.2,4.1,1,6.3,1,56,1,6.2
"U43993",22,"Male","Business Owner","iOS",9.8,3.9,8,8.2,5,39,0,3.4
"U43994",53,"Male","Freelancer","Android",9.6,7.6,4,9,8,49,5,3.5
"U43995",47,"Other","Student","Android",11.9,4.7,8,4.3,5,46,1,5.7
"U43996",32,"Other","Professional","iOS",6.6,0.7,8,4.2,7,58,0,8.8
"U43997",19,"Other","Student","Android",10.2,7.9,7,8,1,28,5,9.1
"U43998",60,"Other","Professional","Android",11.5,4.9,8,4.3,5,14,2,2.7
"U43999",54,"Other","Freelancer","Android",7.6,1,4,6.5,9,55,4,12.8
"U44000",41,"Male","Freelancer","iOS",3.9,1.9,2,8.8,10,14,5,9.7
"U44001",21,"Other","Student","iOS",1.8,6.2,3,7.5,5,10,2,5.3
"U44002",48,"Female","Student","Android",9.7,5.1,2,5.8,1,29,0,3.9
"U44003",57,"Male","Professional","iOS",11.1,1.2,2,8,6,7,3,10.7
"U44004",31,"Male","Professional","iOS",1.4,4,9,5,8,22,0,12.7
"U44005",32,"Female","Professional","Android",10.7,5.5,6,5.7,2,39,4,4.1
"U44006",47,"Other","Business Owner","Android",2.8,3.7,4,8.5,2,43,6,4.9
"U44007",46,"Male","Freelancer","iOS",2.1,3.7,5,5.4,4,47,1,11.3
"U44008",32,"Male","Professional","iOS",11.5,1,8,8.7,1,36,6,6.5
"U44009",24,"Male","Professional","Android",6.5,6.8,1,7.2,6,53,4,5.6
"U44010",26,"Other","Professional","Android",2.8,1.5,3,6.3,3,58,3,4.1
"U44011",57,"Other","Freelancer","Android",5.6,1.4,3,4.7,5,17,1,7.1
"U44012",48,"Female","Student","iOS",7.7,3.4,10,8.1,2,25,5,4.5
"U44013",30,"Other","Freelancer","iOS",1.8,7.7,8,7.9,10,47,6,13.8
"U44014",35,"Male","Business Owner","Android",9.5,2.9,4,6,1,42,4,6.8
"U44015",23,"Female","Professional","iOS",4.5,5.4,6,9,8,51,5,4.8
"U44016",37,"Other","Student","iOS",5.4,7.5,3,6.3,1,26,1,4.2
"U44017",51,"Other","Freelancer","iOS",5.9,1.2,7,5.1,10,10,0,6.9
"U44018",39,"Other","Business Owner","Android",6.3,5.4,1,5.2,6,43,0,12
"U44019",21,"Female","Freelancer","Android",9.2,3.4,9,4.1,5,21,5,4.4
"U44020",28,"Male","Freelancer","Android",11.3,4.5,8,7.7,1,8,5,2.5
"U44021",47,"Male","Professional","Android",2.4,0.7,3,4.9,3,59,3,10.8
"U44022",60,"Other","Business Owner","Android",10,6.1,5,5.8,5,56,4,3.4
"U44023",41,"Other","Business Owner","Android",6.3,1.7,9,4.6,7,25,4,10.7
"U44024",56,"Male","Student","Android",7.4,6.8,9,8.3,9,42,2,6.8
"U44025",58,"Female","Student","Android",9.4,5.2,9,8.5,3,40,3,10.9
"U44026",19,"Female","Student","iOS",10.1,1.9,1,7.8,9,54,4,13.8
"U44027",51,"Female","Business Owner","Android",9.7,6.3,8,6.3,6,49,5,6.9
"U44028",27,"Male","Business Owner","Android",8.6,5.5,8,8.8,8,39,4,12.7
"U44029",44,"Female","Student","Android",8.2,3.3,6,8.2,2,50,1,4.7
"U44030",52,"Male","Professional","iOS",6.7,1,1,6,5,60,1,2.7
"U44031",19,"Other","Student","Android",3.7,3,3,8.8,10,29,5,10.3
"U44032",18,"Male","Business Owner","iOS",1.9,4.7,2,5.2,4,34,0,9.7
"U44033",56,"Male","Student","iOS",11.1,3.8,4,5.1,5,12,4,5.2
"U44034",21,"Female","Business Owner","iOS",8.6,6.8,9,7.3,2,39,1,5.7
"U44035",48,"Other","Student","iOS",5.2,3.2,9,8.5,9,33,4,10.8
"U44036",27,"Female","Student","iOS",1.7,5.3,3,9,3,27,0,13.7
"U44037",29,"Other","Business Owner","Android",1.4,4.2,3,7.2,9,47,0,13.8
"U44038",19,"Female","Freelancer","Android",1.8,3.2,1,7.3,4,15,2,4.6
"U44039",53,"Female","Professional","iOS",2.1,0.6,3,8.6,5,60,6,8.4
"U44040",59,"Female","Freelancer","Android",7.5,3.5,7,8.3,8,15,6,11.1
"U44041",58,"Male","Freelancer","Android",4.5,3.5,1,7.9,7,21,5,13
"U44042",48,"Male","Student","Android",10.5,6.8,6,8.4,8,11,1,5.5
"U44043",23,"Other","Freelancer","Android",9.9,7.5,2,7.2,10,30,3,3.2
"U44044",28,"Female","Freelancer","iOS",3.4,7.7,4,9,4,24,4,7.5
"U44045",25,"Female","Business Owner","iOS",4.5,3.8,8,6.5,3,18,2,6.4
"U44046",51,"Female","Student","iOS",6,2.8,9,6.3,9,31,0,4.5
"U44047",55,"Other","Business Owner","iOS",5.3,5.9,1,6.6,9,36,6,2.5
"U44048",35,"Male","Freelancer","Android",1.5,4.4,7,5.4,10,20,2,4.7
"U44049",40,"Other","Business Owner","Android",11.3,1.4,10,4.4,6,59,2,6.9
"U44050",29,"Female","Student","Android",10.4,1.2,7,8.4,5,38,1,8.8
"U44051",33,"Male","Student","Android",9.9,2.2,7,7.6,5,48,5,5
"U44052",56,"Female","Business Owner","Android",6.8,7.7,2,6,4,9,2,5.1
"U44053",59,"Male","Student","Android",11.8,5.5,2,7.4,1,17,6,4
"U44054",38,"Female","Professional","Android",6.8,2.2,7,5.7,6,45,4,10.3
"U44055",54,"Female","Freelancer","iOS",1.2,1.6,8,5.8,3,42,6,2
"U44056",44,"Female","Professional","Android",4.4,6,8,8.7,1,26,0,10.3
"U44057",20,"Other","Freelancer","Android",3.3,5.4,5,6,4,16,1,13.1
"U44058",26,"Male","Student","Android",9.4,7,8,4.2,4,48,2,6.1
"U44059",33,"Female","Business Owner","iOS",8.5,1.5,3,8.7,8,52,0,13.4
"U44060",31,"Female","Freelancer","Android",9.4,1.4,10,5.8,4,5,6,2.2
"U44061",22,"Other","Freelancer","iOS",6.2,7.3,6,4.5,3,31,4,5
"U44062",38,"Male","Student","Android",6.1,1.9,3,5.4,7,34,2,11.8
"U44063",57,"Other","Freelancer","Android",1.5,2.9,7,7.1,2,12,5,2.9
"U44064",57,"Other","Professional","iOS",1.7,7.2,8,8.9,3,39,6,12.3
"U44065",51,"Female","Freelancer","iOS",1.6,4.7,4,6.2,6,34,0,2.6
"U44066",47,"Other","Student","Android",10.5,8,6,6.3,7,52,4,3.6
"U44067",40,"Male","Freelancer","Android",10.5,6,1,7.9,9,58,4,2
"U44068",25,"Male","Professional","Android",4.4,2.9,1,4.2,6,27,4,3.8
"U44069",47,"Female","Student","Android",7,1,4,8.4,4,18,3,5.6
"U44070",41,"Other","Business Owner","iOS",7.5,7.8,4,4.9,1,55,5,2.8
"U44071",46,"Female","Business Owner","Android",6.6,4.5,1,8.9,2,17,6,8.7
"U44072",57,"Male","Professional","Android",8.6,1.4,5,7.9,2,34,1,6.1
"U44073",19,"Other","Professional","iOS",6.1,2.4,6,4.3,7,24,3,3.7
"U44074",30,"Other","Freelancer","iOS",6.1,4.9,10,8.7,3,41,3,4.3
"U44075",28,"Female","Freelancer","iOS",8.4,0.5,6,6.4,2,28,5,3.2
"U44076",30,"Male","Freelancer","iOS",4,6.1,7,4.8,6,42,0,10
"U44077",18,"Male","Professional","Android",1,7.5,9,7.4,5,39,5,12.9
"U44078",53,"Other","Freelancer","iOS",8.9,4,10,5.4,6,18,2,3.1
"U44079",51,"Male","Student","iOS",4.9,5.7,1,6,7,35,0,6.4
"U44080",52,"Male","Freelancer","iOS",3.2,2.7,4,8.1,2,57,6,9.8
"U44081",21,"Other","Business Owner","iOS",10.5,1.8,9,6.5,2,14,1,12.3
"U44082",45,"Other","Business Owner","iOS",1.1,4.8,5,4.2,9,5,1,12.9
"U44083",18,"Female","Student","iOS",4,2.5,10,5.4,1,24,2,5.5
"U44084",56,"Other","Business Owner","iOS",2.6,2.6,8,7.1,10,31,1,11.3
"U44085",36,"Female","Student","Android",3.6,7.6,10,7.7,1,6,5,12.2
"U44086",22,"Female","Freelancer","iOS",11.3,2.3,5,5.6,10,57,4,12.7
"U44087",47,"Male","Business Owner","Android",5,7.8,5,8,1,31,1,2.5
"U44088",39,"Other","Business Owner","iOS",10.1,5.8,7,5.5,1,15,5,5.4
"U44089",18,"Female","Student","Android",10.2,0.8,8,8.6,5,20,6,8.8
"U44090",28,"Female","Professional","iOS",9,4.8,3,5.7,10,15,0,7.1
"U44091",35,"Female","Freelancer","Android",10.3,2.6,3,7.5,7,36,0,11.5
"U44092",25,"Male","Freelancer","Android",8.1,3.6,9,6.6,4,19,5,4.8
"U44093",32,"Other","Business Owner","Android",10.3,2.3,5,8.7,6,42,5,9.3
"U44094",19,"Female","Student","iOS",2.1,7.3,5,5.2,2,27,4,13.4
"U44095",21,"Male","Student","Android",5.3,4.6,10,4.4,3,42,2,12.7
"U44096",46,"Male","Business Owner","iOS",10,7.4,2,5,9,20,5,13.7
"U44097",50,"Female","Student","iOS",5.4,5.3,7,7.4,9,20,1,9
"U44098",58,"Female","Freelancer","iOS",7,3.3,1,6.8,3,34,5,7
"U44099",52,"Male","Professional","iOS",7.7,0.7,4,7.5,5,57,6,3.8
"U44100",45,"Male","Business Owner","iOS",4,2.7,2,6.2,8,42,3,7.8
"U44101",49,"Other","Professional","Android",3.4,3,4,7.1,3,36,0,12.2
"U44102",59,"Female","Student","iOS",3.6,3.6,1,8.6,4,25,1,8.9
"U44103",40,"Female","Business Owner","Android",10,2.8,1,7.7,10,30,2,4
"U44104",51,"Other","Freelancer","Android",8.5,4.2,10,7.1,5,39,0,5
"U44105",49,"Other","Student","Android",4.7,2.9,4,7.2,5,38,0,6.7
"U44106",38,"Other","Professional","Android",4.3,5.7,4,8.4,1,14,6,8.3
"U44107",39,"Other","Freelancer","Android",10.5,7.2,5,5.9,2,60,3,3.7
"U44108",52,"Other","Business Owner","Android",7.8,0.8,9,5,4,52,0,10.9
"U44109",39,"Female","Freelancer","iOS",4.3,5.4,6,5.8,4,35,3,11.7
"U44110",18,"Female","Business Owner","iOS",2,4.4,2,9,9,15,3,12.4
"U44111",55,"Other","Professional","iOS",5.2,0.6,6,7.7,8,53,6,13.5
"U44112",39,"Female","Business Owner","Android",10.1,4.4,10,8.7,10,14,6,13
"U44113",54,"Other","Student","iOS",7.4,0.8,3,7.2,1,57,6,5.2
"U44114",24,"Male","Freelancer","iOS",6.1,0.7,9,4.5,1,40,3,4.5
"U44115",37,"Male","Student","Android",5.2,7.2,4,5.3,8,38,2,9
"U44116",39,"Male","Business Owner","Android",1.9,2.4,9,8.4,7,58,4,2.4
"U44117",20,"Other","Professional","iOS",1.2,2,10,6.4,6,16,1,6.8
"U44118",36,"Other","Student","iOS",11.7,5.2,6,7.6,5,6,4,13
"U44119",57,"Other","Professional","iOS",3.6,6.7,1,7.9,5,18,1,2.1
"U44120",46,"Other","Professional","iOS",2.3,6.8,7,7.4,6,17,6,5.5
"U44121",29,"Female","Professional","Android",5.3,6.4,5,4.2,10,60,6,11.8
"U44122",33,"Female","Business Owner","Android",2.5,4.5,2,6.8,3,7,5,11.6
"U44123",43,"Other","Student","Android",5,7.4,10,8.7,8,59,0,10.8
"U44124",44,"Other","Professional","Android",8.2,1.4,5,5.4,6,28,0,9.7
"U44125",57,"Female","Student","Android",9.1,1.4,6,7.1,5,26,2,10.6
"U44126",36,"Female","Student","iOS",10.2,1.5,5,7.8,5,56,4,4.9
"U44127",43,"Other","Student","iOS",7.5,1.5,5,6.4,10,34,2,13.3
"U44128",26,"Other","Student","Android",10.8,1.9,2,4.5,4,21,4,9.7
"U44129",46,"Other","Professional","Android",2.9,3.7,10,7.8,10,34,1,6
"U44130",29,"Female","Student","Android",5,2.6,10,4.2,6,40,6,5.9
"U44131",50,"Male","Business Owner","iOS",6.5,4.7,4,5.2,1,59,1,13
"U44132",45,"Female","Freelancer","iOS",3.7,6.5,2,9,2,21,6,6.5
"U44133",39,"Other","Student","iOS",7.5,6.3,3,6.9,6,48,5,2.1
"U44134",24,"Female","Business Owner","Android",2.3,2.7,4,6.7,4,7,1,11.3
"U44135",52,"Male","Business Owner","iOS",3.6,3,4,5.4,4,48,1,4.7
"U44136",25,"Female","Business Owner","Android",1.5,6.3,3,5.3,2,56,1,7.1
"U44137",36,"Male","Professional","iOS",2.4,2.6,3,7.7,1,13,1,11.5
"U44138",26,"Male","Student","iOS",6.6,3.5,2,4.8,7,48,4,5.5
"U44139",20,"Female","Professional","iOS",1.7,3.2,8,4.5,6,31,6,2.8
"U44140",37,"Male","Student","Android",3.8,7.1,2,4.9,1,30,5,4.4
"U44141",32,"Other","Professional","Android",10.3,5.7,4,4.8,7,48,3,10.2
"U44142",59,"Female","Student","Android",4.3,4.2,6,4.8,1,56,0,9.2
"U44143",53,"Other","Student","iOS",5.7,1.6,5,8.5,8,51,2,9.3
"U44144",35,"Female","Business Owner","iOS",9.9,3.5,2,6.8,3,49,5,6.3
"U44145",60,"Female","Professional","iOS",3.9,8,8,8.7,7,55,2,12.5
"U44146",38,"Female","Business Owner","iOS",3.4,5.8,7,6.7,7,36,5,9.6
"U44147",20,"Other","Business Owner","Android",3,6.1,2,5.5,1,51,0,8.8
"U44148",34,"Male","Student","Android",6,6.8,7,4.2,7,37,5,13.2
"U44149",43,"Male","Professional","Android",1.4,0.9,5,5.5,2,9,5,6.6
"U44150",27,"Other","Student","Android",9,1.7,5,4.4,3,8,1,5.6
"U44151",24,"Female","Professional","iOS",1,6.8,9,5.1,8,10,1,5.7
"U44152",49,"Female","Freelancer","iOS",2.1,3.2,6,8.7,2,50,6,7.2
"U44153",42,"Male","Business Owner","iOS",1.2,4.5,10,4.8,2,55,4,13.3
"U44154",34,"Male","Professional","iOS",11,4.5,8,5.1,1,7,6,8.5
"U44155",60,"Other","Business Owner","Android",8.4,2.5,3,8.3,9,24,5,7
"U44156",30,"Female","Student","iOS",2.6,7.2,2,7.2,1,7,3,8.2
"U44157",36,"Female","Freelancer","iOS",2,0.5,9,4.3,5,19,5,9.5
"U44158",56,"Male","Professional","Android",6,3.3,1,6.8,6,28,0,5.4
"U44159",30,"Other","Business Owner","Android",5.7,1.3,2,7.1,7,43,4,5.8
"U44160",54,"Male","Business Owner","iOS",10.9,3.5,1,8.2,10,23,3,2.2
"U44161",36,"Male","Business Owner","Android",5.9,4.7,4,6.5,8,51,0,13.3
"U44162",24,"Other","Student","Android",2,7.1,5,4.8,4,38,2,10.5
"U44163",45,"Other","Student","iOS",11,6,8,7.4,7,9,1,2.6
"U44164",42,"Other","Business Owner","Android",10,2.3,6,7.5,5,45,2,8.3
"U44165",46,"Male","Professional","iOS",12,7.8,6,7,3,32,2,9.5
"U44166",34,"Other","Student","Android",7.8,3,8,7.6,10,52,4,7.6
"U44167",20,"Female","Freelancer","Android",6.5,0.9,9,5.3,7,39,1,7.6
"U44168",46,"Other","Business Owner","iOS",5,2.1,10,4.8,2,11,5,11.1
"U44169",53,"Male","Professional","Android",2.6,8,8,5,7,54,2,3.9
"U44170",53,"Female","Student","Android",4.9,7.7,9,6.8,8,48,5,11.5
"U44171",44,"Male","Business Owner","Android",1.5,3.3,2,4.6,9,32,0,9.3
"U44172",54,"Male","Student","iOS",10.6,5,1,8.6,4,40,6,6.8
"U44173",50,"Female","Business Owner","Android",2.7,3.7,4,5.2,6,41,3,12.4
"U44174",41,"Other","Freelancer","iOS",9.8,0.8,5,4.9,9,11,4,9.4
"U44175",52,"Female","Freelancer","iOS",3.4,2.2,3,6.6,7,31,3,8.8
"U44176",38,"Other","Business Owner","Android",3,2.6,2,7.2,1,36,5,6
"U44177",46,"Other","Professional","iOS",1.4,1.1,4,5.2,9,58,2,2.9
"U44178",35,"Male","Business Owner","Android",7.5,4,10,4.4,2,58,0,9.3
"U44179",57,"Female","Professional","iOS",10.5,8,3,6.5,10,44,6,7
"U44180",22,"Male","Business Owner","Android",6.7,6.1,9,5.1,5,32,5,10.6
"U44181",23,"Other","Freelancer","iOS",2.7,2.5,1,8.3,3,13,4,4.2
"U44182",21,"Female","Business Owner","iOS",4,1.9,8,6.7,10,40,0,12.9
"U44183",43,"Other","Professional","iOS",11.3,8,1,8.8,3,7,4,7.2
"U44184",59,"Male","Freelancer","iOS",10.7,2.1,3,7.9,6,14,0,10
"U44185",45,"Male","Freelancer","iOS",6.5,2.4,9,4.7,8,54,5,13.7
"U44186",47,"Other","Business Owner","Android",9.9,2.9,7,8.7,3,49,5,10.7
"U44187",59,"Female","Student","Android",2.4,2.2,3,5,5,38,4,12.8
"U44188",27,"Female","Professional","iOS",2.8,4.6,5,6.4,4,43,4,10.1
"U44189",45,"Male","Professional","iOS",8.7,4.7,2,8.2,1,52,5,10.2
"U44190",36,"Female","Professional","Android",5.1,5.2,1,7.6,4,20,0,13.8
"U44191",23,"Other","Student","Android",5.3,4.9,7,5.8,5,18,5,3.2
"U44192",50,"Other","Student","Android",2.1,7.8,4,8.9,9,6,0,13.7
"U44193",46,"Female","Student","iOS",5.3,1.6,2,7.8,10,60,2,4.2
"U44194",57,"Female","Freelancer","iOS",8,1.3,7,6.9,10,16,4,4.2
"U44195",33,"Male","Professional","iOS",2.5,3.9,6,8.1,3,11,6,4.2
"U44196",59,"Male","Business Owner","Android",11.8,4.3,2,4,8,28,0,5.5
"U44197",55,"Male","Business Owner","Android",10.3,2.5,10,7.7,8,15,6,2.9
"U44198",46,"Female","Freelancer","Android",1.1,4.2,7,8.4,5,38,2,9.1
"U44199",52,"Other","Freelancer","iOS",5.8,1.1,8,5.6,10,52,6,11.2
"U44200",57,"Male","Freelancer","Android",6.8,4,6,4.1,4,35,2,3.1
"U44201",38,"Female","Student","iOS",4.4,7.4,8,7.9,2,31,6,10.4
"U44202",31,"Female","Student","Android",3.9,5.8,7,8.9,5,46,6,12.3
"U44203",47,"Female","Business Owner","iOS",6.8,7,2,6.7,6,17,4,9
"U44204",48,"Female","Business Owner","iOS",6.2,6.6,7,7.5,1,51,0,12.7
"U44205",21,"Female","Student","iOS",6.2,4.9,6,5.2,7,41,4,10.3
"U44206",22,"Other","Student","iOS",11,3.2,5,5.2,4,13,4,13.4
"U44207",28,"Male","Business Owner","iOS",9.6,7.8,4,9,1,56,0,11.1
"U44208",35,"Other","Business Owner","Android",2.6,2.7,4,5.5,7,58,2,8
"U44209",54,"Other","Business Owner","iOS",6.7,1.5,4,7.2,8,52,1,9.9
"U44210",31,"Male","Freelancer","Android",10.5,7,2,4.5,8,45,2,8.3
"U44211",25,"Male","Freelancer","Android",10.9,2.5,4,6.1,2,37,1,5.3
"U44212",45,"Other","Professional","iOS",11.3,5.3,1,7,9,20,6,2.4
"U44213",35,"Other","Freelancer","Android",3.1,6.2,7,7.3,2,7,5,7
"U44214",40,"Male","Business Owner","Android",3.1,1.9,2,4.9,4,40,5,6.9
"U44215",60,"Female","Business Owner","iOS",11,1.1,1,7.3,9,25,5,13.3
"U44216",56,"Male","Professional","Android",5.9,0.8,4,5.1,4,28,4,13.1
"U44217",51,"Other","Professional","Android",7.9,2.2,6,5.2,1,53,0,6.4
"U44218",27,"Other","Student","Android",4.8,5.4,6,4.3,6,54,2,8.9
"U44219",34,"Female","Student","iOS",9.9,4.6,1,4,10,7,3,13.3
"U44220",33,"Other","Business Owner","iOS",7.8,1.4,3,6.8,8,9,1,4.5
"U44221",46,"Female","Business Owner","Android",5.3,5.6,6,6.9,1,8,0,6.5
"U44222",52,"Male","Freelancer","Android",2.1,1,7,4.7,4,49,0,13.4
"U44223",18,"Female","Freelancer","iOS",2.6,4.3,5,7.3,2,11,5,2.5
"U44224",35,"Male","Business Owner","Android",2.5,3.4,7,7.8,6,47,5,13
"U44225",46,"Male","Business Owner","Android",7.4,0.8,7,4.1,5,15,0,4.9
"U44226",18,"Female","Professional","iOS",4.2,7.6,5,8.5,10,40,2,5
"U44227",36,"Male","Freelancer","iOS",11.1,0.8,10,4.5,8,30,5,7.7
"U44228",20,"Other","Professional","iOS",8.8,6.5,10,5.9,4,24,6,10.8
"U44229",48,"Other","Professional","Android",11.2,3,2,7.8,3,34,6,6.6
"U44230",58,"Male","Student","iOS",8.6,3.3,10,5,5,17,5,11.2
"U44231",55,"Male","Student","Android",2.5,6.7,3,5.3,9,11,1,3.8
"U44232",30,"Female","Professional","iOS",7.6,7.1,8,8.4,9,21,1,3.1
"U44233",42,"Female","Business Owner","Android",7.6,1.5,7,5.7,10,24,4,12.3
"U44234",40,"Other","Professional","iOS",8.6,3.9,9,6.7,2,57,2,5.6
"U44235",22,"Other","Business Owner","iOS",8.8,4.8,2,6.9,2,60,1,4.2
"U44236",50,"Female","Professional","Android",8.7,5.5,7,5,10,56,4,6.5
"U44237",46,"Female","Student","iOS",7.5,7,7,8.2,10,43,3,2.5
"U44238",41,"Female","Business Owner","Android",7.6,7.2,6,5.2,8,48,6,6.8
"U44239",43,"Male","Professional","Android",9.7,0.7,5,7.6,5,6,0,11.6
"U44240",55,"Female","Student","Android",3.4,4.3,2,4.8,9,43,6,3.2
"U44241",29,"Male","Business Owner","iOS",2.4,2.8,4,8.5,6,5,4,11.8
"U44242",45,"Other","Freelancer","Android",2.5,2.1,7,5.3,7,22,6,2.8
"U44243",55,"Female","Business Owner","iOS",7.2,6.9,8,7.7,5,57,2,12.8
"U44244",26,"Other","Freelancer","Android",11.6,2.1,3,7.8,10,17,6,5.4
"U44245",21,"Male","Professional","iOS",1.1,0.5,9,6,10,38,3,13.9
"U44246",32,"Other","Freelancer","Android",11.2,7.4,10,5.1,8,31,1,10.9
"U44247",60,"Other","Freelancer","Android",5.7,4.4,9,8.9,2,50,3,5.4
"U44248",28,"Other","Student","iOS",12,6.8,1,5.4,8,24,4,7.3
"U44249",48,"Female","Professional","Android",11.6,2.1,10,4.4,9,36,1,7.4
"U44250",31,"Other","Freelancer","Android",7.9,2.4,7,8.3,7,18,3,12.5
"U44251",39,"Male","Professional","iOS",7.3,5.4,8,4.6,8,40,2,12.9
"U44252",49,"Other","Student","iOS",9.5,7.5,8,6.2,1,9,0,13.7
"U44253",25,"Female","Professional","Android",3.9,6.6,8,4.1,5,59,2,5.5
"U44254",27,"Female","Professional","iOS",4.5,6.5,2,5.3,4,21,5,8.5
"U44255",41,"Female","Professional","Android",1.5,7.2,4,7.8,5,45,3,5.6
"U44256",42,"Male","Professional","iOS",10,2.2,1,4.6,5,45,4,4.9
"U44257",48,"Other","Freelancer","iOS",7.9,5.7,8,6.7,8,26,3,4.1
"U44258",29,"Male","Professional","Android",7.5,3,5,6.7,3,35,3,9.3
"U44259",22,"Other","Business Owner","Android",4.3,4.9,1,5.5,4,35,0,6.4
"U44260",27,"Male","Professional","iOS",2,2.2,8,7.7,4,35,2,4.4
"U44261",33,"Male","Freelancer","iOS",5.2,2.1,10,4.9,7,11,0,12.5
"U44262",18,"Female","Professional","Android",4.2,2.7,1,8.2,7,5,5,6.4
"U44263",19,"Female","Freelancer","iOS",9.4,3,7,5.4,7,46,5,13.8
"U44264",53,"Male","Professional","Android",3.3,6.3,8,8.7,1,47,2,5.4
"U44265",39,"Other","Freelancer","Android",7.3,7.4,2,7,3,30,4,8.5
"U44266",47,"Female","Freelancer","Android",3.2,1.8,1,8.2,7,33,0,2
"U44267",60,"Female","Freelancer","iOS",9.8,7.2,7,5.4,5,32,4,9.9
"U44268",50,"Male","Freelancer","Android",3.4,0.8,4,7.1,4,11,6,10.3
"U44269",54,"Other","Student","Android",11.5,5.2,3,7,10,29,6,12.6
"U44270",40,"Female","Professional","iOS",4.8,3.3,2,7.8,6,47,2,4.5
"U44271",55,"Female","Business Owner","iOS",11.2,5.5,3,7.4,4,56,3,10.2
"U44272",25,"Other","Freelancer","iOS",1.5,2.4,10,5.5,1,20,2,7.2
"U44273",41,"Female","Business Owner","Android",5.7,7.1,5,8.8,9,57,2,7.8
"U44274",32,"Male","Student","Android",2.9,1.3,8,8.9,5,53,6,2.6
"U44275",27,"Other","Student","iOS",4.7,5.2,5,4.4,6,40,5,4.9
"U44276",37,"Female","Business Owner","Android",2,3.7,6,8.9,10,19,3,13.6
"U44277",29,"Female","Student","iOS",9.3,2.6,5,7.5,2,60,6,13.2
"U44278",39,"Male","Professional","Android",10.1,1.7,10,8.8,10,27,5,7.3
"U44279",42,"Other","Business Owner","iOS",2.1,5.1,9,5,6,54,2,8.7
"U44280",42,"Male","Business Owner","iOS",4.1,2.8,10,4.1,6,18,3,6.9
"U44281",19,"Female","Freelancer","Android",2.5,4.6,9,7.4,9,60,3,10.1
"U44282",18,"Female","Student","Android",11.4,7.4,4,7.1,7,13,0,13.5
"U44283",55,"Male","Student","Android",2.1,3.6,3,8.3,6,38,0,10.4
"U44284",52,"Female","Professional","iOS",9.3,4.7,6,4.2,10,27,2,11.7
"U44285",18,"Other","Business Owner","iOS",10.8,4.8,2,5.2,5,16,2,13.8
"U44286",39,"Other","Student","Android",8.3,7.8,4,7.5,8,27,3,6.6
"U44287",49,"Other","Student","iOS",8.1,6,8,8.4,1,34,4,4.6
"U44288",52,"Other","Professional","iOS",5.5,1.5,3,6.2,10,30,6,4.9
"U44289",31,"Male","Student","Android",9.3,5.2,9,7.9,9,36,3,6.9
"U44290",44,"Male","Freelancer","iOS",1.5,1.8,7,5.4,5,57,5,5.9
"U44291",59,"Other","Freelancer","iOS",11.6,1.3,3,6.3,3,30,3,6
"U44292",56,"Other","Freelancer","Android",8.4,1.6,10,5.3,5,5,2,8.9
"U44293",20,"Male","Student","Android",11.1,2.2,4,5.8,5,22,3,2.4
"U44294",31,"Female","Freelancer","iOS",5.3,2.2,2,6.1,10,5,4,6
"U44295",19,"Male","Freelancer","Android",9.9,5.4,5,5.2,1,32,3,3
"U44296",30,"Male","Freelancer","Android",3.7,1.8,10,7.3,8,35,5,8.6
"U44297",35,"Male","Student","Android",4.9,5.6,6,8.1,5,16,4,2.7
"U44298",22,"Other","Freelancer","iOS",10.3,2.2,4,5.6,2,34,0,9.8
"U44299",33,"Male","Business Owner","Android",10.4,3.3,8,8.4,6,59,5,10.9
"U44300",58,"Other","Freelancer","Android",1.3,4.8,8,4.4,5,57,0,13.6
"U44301",43,"Other","Freelancer","iOS",9.6,7.6,10,5.4,6,8,4,12.6
"U44302",39,"Male","Student","iOS",2.3,2.1,2,6.3,8,44,1,3.4
"U44303",59,"Other","Business Owner","Android",8.3,6.9,9,6.3,1,34,1,2.6
"U44304",30,"Female","Business Owner","Android",1.9,6.8,4,5,3,52,4,13.5
"U44305",26,"Other","Freelancer","iOS",8.2,2,9,4.7,1,52,1,4.2
"U44306",55,"Other","Freelancer","Android",10.6,7.6,4,5.6,3,37,2,5
"U44307",50,"Male","Business Owner","Android",8.9,3.1,7,4.1,3,43,6,4.8
"U44308",38,"Male","Student","iOS",2.2,7.1,1,7.2,5,5,2,11.1
"U44309",45,"Male","Business Owner","Android",10.3,3,2,5.7,4,43,5,5.5
"U44310",52,"Female","Student","Android",4.8,2,6,9,6,7,4,7.3
"U44311",35,"Female","Business Owner","iOS",7.5,0.9,1,5,6,19,3,5.6
"U44312",57,"Male","Freelancer","Android",2.5,4.2,1,5.3,5,32,2,2.7
"U44313",56,"Other","Business Owner","Android",2.6,1.9,5,7.7,1,54,0,13.5
"U44314",46,"Male","Professional","iOS",11.5,4.3,5,4.4,10,9,1,6.4
"U44315",46,"Other","Business Owner","Android",12,7.8,9,8.8,6,26,6,9
"U44316",19,"Female","Student","iOS",12,0.7,10,6.1,10,17,0,13.5
"U44317",49,"Female","Professional","iOS",8.1,5.9,5,4.3,7,18,0,3.1
"U44318",20,"Male","Student","Android",11.8,3.2,7,4.3,3,46,4,12.7
"U44319",45,"Other","Freelancer","iOS",7.1,2.4,5,8.6,3,18,4,8.2
"U44320",20,"Other","Freelancer","Android",9.7,2.8,6,6.8,4,44,4,12.1
"U44321",19,"Female","Student","iOS",6.8,6.1,3,6,9,12,3,10.4
"U44322",49,"Female","Business Owner","Android",7.8,5.9,9,5.8,4,6,1,9.4
"U44323",35,"Female","Business Owner","iOS",5.1,6.4,7,8.7,4,34,2,7.7
"U44324",42,"Female","Student","Android",6.3,1.4,9,4.7,5,31,3,4.6
"U44325",24,"Male","Freelancer","Android",5.3,6.6,6,5.8,6,59,6,11.7
"U44326",35,"Other","Student","iOS",1.1,3.3,9,8.7,9,21,3,4.7
"U44327",33,"Female","Professional","Android",10.2,4.3,6,8.5,3,34,0,13.3
"U44328",33,"Female","Business Owner","Android",5.3,2.5,10,6.5,5,56,2,9.5
"U44329",46,"Male","Professional","iOS",11.8,7.3,7,8.2,6,46,3,3.3
"U44330",20,"Female","Business Owner","Android",9.3,4.3,5,5,10,10,3,12.2
"U44331",21,"Female","Business Owner","iOS",9.8,5.9,5,8.4,8,17,2,10.8
"U44332",35,"Female","Professional","Android",1.2,6.2,7,4,7,29,0,4.5
"U44333",55,"Male","Professional","iOS",8.5,7,8,5,7,46,2,8.4
"U44334",23,"Male","Freelancer","Android",8.2,2.5,4,5.4,2,43,0,6.5
"U44335",60,"Other","Business Owner","iOS",6.9,6.1,9,4.4,10,12,0,6.6
"U44336",49,"Other","Professional","iOS",3.1,2.2,6,8.1,10,6,1,8.5
"U44337",37,"Male","Professional","Android",7.5,5.2,9,5.9,1,11,3,9.5
"U44338",36,"Female","Freelancer","iOS",5.7,6.9,7,5.3,2,55,3,13
"U44339",30,"Female","Freelancer","Android",10.5,4.7,9,8.8,1,60,5,4.4
"U44340",42,"Other","Freelancer","Android",8.1,4.7,9,4.5,8,39,3,6
"U44341",53,"Other","Professional","Android",11.1,6.5,10,4.2,9,40,2,11.6
"U44342",46,"Male","Professional","iOS",9.5,5.2,8,6.3,5,19,0,7.6
"U44343",23,"Female","Freelancer","iOS",2.4,1.9,2,7.5,4,24,3,2.2
"U44344",60,"Male","Business Owner","Android",8.5,5.7,3,8.2,6,13,5,8.2
"U44345",58,"Other","Freelancer","Android",9.4,5.9,5,7.7,5,17,4,11.4
"U44346",42,"Male","Freelancer","iOS",6.5,7.4,4,9,9,5,3,2.3
"U44347",33,"Other","Business Owner","Android",7.3,1.8,10,5.7,1,21,3,5.7
"U44348",50,"Female","Freelancer","Android",1.9,2.3,9,8.1,5,21,0,6.8
"U44349",47,"Other","Business Owner","iOS",9,1.3,10,6,7,8,5,8.7
"U44350",45,"Female","Freelancer","Android",10.1,7.5,1,8.8,3,38,4,9.7
"U44351",29,"Male","Freelancer","iOS",10.5,6.5,5,4.3,9,21,3,2.5
"U44352",23,"Female","Professional","iOS",3.6,3.9,1,7.6,3,11,5,9.5
"U44353",40,"Male","Business Owner","Android",11.7,6.6,10,7.8,5,6,6,4.2
"U44354",48,"Male","Business Owner","iOS",4.4,5.2,1,8,9,56,3,9.1
"U44355",49,"Other","Professional","Android",11.3,3.1,2,4.9,5,41,5,10.9
"U44356",37,"Other","Professional","Android",3,0.6,9,4.8,7,45,5,4
"U44357",18,"Male","Business Owner","Android",11.9,6.2,5,5.2,3,48,4,2.9
"U44358",38,"Male","Business Owner","Android",4.9,6.2,5,5.1,7,45,1,13.4
"U44359",34,"Female","Business Owner","iOS",1.9,8,1,7.2,8,57,3,5.1
"U44360",41,"Male","Business Owner","iOS",5.6,7.5,5,4.2,6,38,0,7
"U44361",50,"Male","Professional","iOS",5.7,1.5,6,6,10,50,0,5.1
"U44362",45,"Female","Freelancer","iOS",9.4,0.8,5,6.8,6,56,6,9.8
"U44363",45,"Female","Freelancer","Android",1.5,5.3,6,4.9,2,29,0,13.1
"U44364",25,"Female","Professional","Android",8.5,7.6,9,8.4,3,45,4,11.9
"U44365",51,"Male","Professional","Android",10.1,5.1,8,6.7,7,39,0,12.5
"U44366",27,"Female","Freelancer","iOS",11.3,7.4,5,7.4,5,57,3,11.5
"U44367",36,"Male","Business Owner","iOS",2.6,7.7,6,5.9,9,56,2,6.5
"U44368",52,"Male","Business Owner","iOS",11.2,1.3,3,8.5,4,21,3,11.2
"U44369",49,"Other","Professional","Android",6.3,6.3,8,5.2,2,46,2,9.9
"U44370",37,"Other","Freelancer","Android",9.1,5.7,6,4.8,5,24,6,13.6
"U44371",22,"Other","Student","iOS",3.4,3.6,7,5.6,4,11,6,3.6
"U44372",35,"Other","Student","Android",3.9,3.4,5,7.6,3,29,1,7.9
"U44373",28,"Other","Freelancer","Android",10.7,5.9,9,5.3,9,57,5,2.4
"U44374",49,"Other","Business Owner","iOS",7.4,4.8,9,6.9,6,20,2,5.5
"U44375",50,"Other","Freelancer","iOS",5.6,5.6,7,5.5,3,60,0,7
"U44376",41,"Male","Freelancer","Android",3.7,1.5,9,7.7,3,46,1,3.9
"U44377",32,"Female","Professional","iOS",7.3,4.8,4,6.2,10,36,5,11
"U44378",58,"Male","Freelancer","iOS",2.1,5.9,2,4.6,6,47,4,5.3
"U44379",22,"Male","Business Owner","Android",2.1,0.6,2,8.4,2,36,4,4.1
"U44380",34,"Male","Professional","Android",8.2,1,10,7.6,3,51,0,11
"U44381",24,"Other","Student","iOS",4.8,4.6,1,5.3,6,26,5,11.3
"U44382",56,"Male","Freelancer","Android",5.3,5.6,1,7.2,7,34,1,4.9
"U44383",50,"Female","Student","Android",4.3,4.7,3,8.6,2,8,5,4.1
"U44384",50,"Other","Business Owner","Android",11.2,7.3,8,4.8,1,18,6,3.7
"U44385",48,"Other","Freelancer","Android",8.6,3.2,7,7.5,5,32,2,6.3
"U44386",29,"Other","Business Owner","Android",8.7,4.4,8,5,6,50,5,10.4
"U44387",44,"Male","Business Owner","iOS",11.1,1.9,5,6,2,41,4,11.3
"U44388",31,"Male","Professional","iOS",11.6,1.7,9,7,9,6,4,6.3
"U44389",34,"Female","Freelancer","iOS",4.4,5.1,8,7.3,4,55,6,5.2
"U44390",54,"Male","Business Owner","iOS",6.2,7.2,2,5.6,5,18,1,10.5
"U44391",29,"Female","Business Owner","iOS",9.1,6,2,4.1,9,25,2,2.3
"U44392",23,"Male","Student","iOS",9.9,2.9,2,4.2,5,5,0,4.7
"U44393",58,"Female","Business Owner","iOS",5.5,3.3,8,6.7,2,13,0,7.7
"U44394",28,"Female","Student","iOS",8.7,4.1,6,5.4,8,11,3,3.7
"U44395",26,"Female","Professional","iOS",8.3,4.8,7,6.3,2,58,6,6.2
"U44396",31,"Female","Business Owner","Android",11.4,5.3,10,6.8,5,33,5,12.6
"U44397",32,"Female","Business Owner","Android",9.8,7.8,4,5.6,5,55,1,6.6
"U44398",54,"Other","Freelancer","Android",5,2.7,8,7.1,3,23,6,6.9
"U44399",55,"Female","Freelancer","iOS",7.1,3,2,8.2,2,48,3,8.7
"U44400",51,"Female","Business Owner","iOS",5.7,3.8,7,7.8,8,27,3,10.5
"U44401",28,"Other","Professional","iOS",10.4,5.1,4,8.4,6,49,1,7.5
"U44402",25,"Male","Student","iOS",3,6.9,7,7.9,6,44,5,7.1
"U44403",38,"Other","Freelancer","iOS",8.6,2.1,5,6.9,7,25,6,13.5
"U44404",54,"Female","Student","iOS",11.3,7.2,7,4.3,8,44,3,5.6
"U44405",19,"Male","Business Owner","iOS",9.9,4.5,6,6.2,8,16,4,10.1
"U44406",18,"Other","Freelancer","iOS",1.9,4.4,9,4.7,9,46,5,12.7
"U44407",47,"Male","Student","Android",9.4,5.5,3,7.7,3,50,3,12.3
"U44408",25,"Other","Student","Android",6.9,1.2,5,8.5,1,11,1,9
"U44409",31,"Male","Student","Android",4.9,7.2,4,4,1,12,4,10.6
"U44410",26,"Female","Freelancer","iOS",3.2,5.7,4,5.9,6,42,1,3.1
"U44411",60,"Female","Freelancer","Android",7,1.3,8,7.7,9,23,2,5.4
"U44412",18,"Other","Freelancer","Android",5.4,2.2,5,7.3,7,16,4,4.7
"U44413",36,"Female","Freelancer","Android",6.6,1,10,7.2,8,24,6,5
"U44414",35,"Other","Professional","iOS",1.7,5.3,4,5.7,8,49,6,11.9
"U44415",50,"Other","Student","iOS",9.6,1.5,6,5.3,4,28,3,10.3
"U44416",34,"Male","Business Owner","Android",2.3,4,4,6.6,10,44,6,8.8
"U44417",40,"Female","Professional","Android",11.5,1.5,3,6.8,1,32,6,8.7
"U44418",44,"Female","Student","iOS",1.8,0.8,7,5.3,5,39,5,4.5
"U44419",47,"Female","Professional","iOS",8.2,3.2,4,8.8,7,46,3,6.6
"U44420",48,"Other","Student","Android",9.7,2.1,1,6.2,3,9,3,5
"U44421",22,"Female","Student","iOS",8.9,4.1,2,4.6,6,32,6,8.1
"U44422",41,"Female","Freelancer","iOS",4.5,6.9,9,4.3,1,10,4,9.2
"U44423",60,"Other","Business Owner","Android",1.5,7.6,6,7.5,1,7,4,4.9
"U44424",35,"Male","Freelancer","iOS",1.7,2.1,7,4.8,2,5,0,7.1
"U44425",25,"Male","Business Owner","iOS",5.7,3.8,5,7.9,9,29,1,11.5
"U44426",47,"Female","Business Owner","Android",7.9,3.6,9,4.7,1,19,4,8.8
"U44427",59,"Other","Business Owner","Android",6.5,6,8,6.2,6,38,1,2.4
"U44428",42,"Male","Freelancer","iOS",1.5,4.8,2,5.2,9,11,3,11.9
"U44429",42,"Male","Business Owner","Android",7.7,4.5,4,5.5,4,53,1,11.8
"U44430",18,"Other","Student","Android",3.3,6.7,7,8.5,7,15,0,6.5
"U44431",36,"Male","Business Owner","iOS",7,5.1,2,7.5,7,24,6,12.6
"U44432",38,"Female","Business Owner","iOS",11.3,3.4,10,5.1,4,20,5,13.6
"U44433",44,"Other","Student","iOS",8.2,3.1,5,7.1,6,56,4,2.4
"U44434",53,"Female","Business Owner","Android",3,3.6,2,6.5,1,10,1,9
"U44435",55,"Female","Student","Android",9,4,3,5.9,2,55,2,2.5
"U44436",32,"Female","Freelancer","iOS",6,1.9,6,8.4,6,43,2,2.6
"U44437",54,"Other","Student","iOS",5.2,2.3,1,4.8,6,47,0,4.5
"U44438",23,"Female","Student","Android",6.7,3.8,5,5.1,10,38,5,3.9
"U44439",24,"Female","Student","Android",2.1,4.8,9,4.5,5,18,6,11
"U44440",43,"Other","Professional","iOS",3.1,3.2,7,6.7,8,46,4,12
"U44441",37,"Other","Professional","Android",7.6,3.7,9,4.6,6,36,5,8.2
"U44442",41,"Female","Professional","Android",9.9,0.7,4,5.6,1,51,6,7.9
"U44443",46,"Male","Freelancer","Android",11.9,6.5,1,8.8,4,53,1,12.7
"U44444",59,"Male","Business Owner","iOS",4.3,3.2,3,7.6,8,55,1,3.7
"U44445",43,"Female","Professional","Android",9.9,4.9,1,8.6,5,8,2,4.4
"U44446",49,"Male","Business Owner","iOS",9.9,0.8,3,4.1,5,51,3,9.8
"U44447",60,"Other","Business Owner","Android",9.1,1,6,7.5,4,35,4,12.3
"U44448",46,"Male","Business Owner","iOS",7.5,4.6,4,7.1,4,32,4,5.5
"U44449",43,"Other","Freelancer","iOS",1.2,1.6,1,5.8,1,31,1,2.2
"U44450",41,"Male","Freelancer","Android",1.1,7.4,10,4.6,10,46,4,11.4
"U44451",48,"Female","Freelancer","Android",8.3,7.1,1,4.1,6,51,4,7.7
"U44452",45,"Male","Business Owner","Android",11.4,3.1,10,5.2,9,31,2,12.5
"U44453",42,"Female","Business Owner","iOS",10.1,4.8,10,5.6,9,48,4,10.2
"U44454",43,"Male","Student","iOS",7.4,5.7,2,6.9,6,12,2,2.8
"U44455",34,"Other","Student","iOS",10,1.8,2,4,5,33,6,9.2
"U44456",48,"Female","Professional","Android",5.2,7.7,2,4.5,4,48,6,8.5
"U44457",43,"Male","Business Owner","iOS",2.4,2.8,5,6.8,9,10,5,11.4
"U44458",20,"Female","Professional","Android",3.7,5.5,6,7.9,8,36,6,4.5
"U44459",53,"Female","Professional","Android",4,0.6,7,6.9,10,35,5,8.4
"U44460",40,"Male","Freelancer","Android",8.5,5.5,9,5.3,8,60,5,3.1
"U44461",26,"Other","Student","iOS",1.2,4.7,5,6.4,2,40,0,6.6
"U44462",18,"Male","Freelancer","iOS",8.7,5.4,2,7.6,1,23,1,5.2
"U44463",50,"Female","Professional","Android",7.8,3.3,7,5.1,8,46,4,11.7
"U44464",60,"Male","Freelancer","Android",1.7,5.6,1,4,2,33,3,7
"U44465",39,"Male","Student","iOS",7.2,5.9,2,4.3,8,51,0,12.7
"U44466",59,"Other","Business Owner","Android",10.5,1.9,8,9,1,22,0,7.7
"U44467",26,"Female","Professional","iOS",9,1.5,3,7.9,2,24,2,4.9
"U44468",55,"Female","Freelancer","Android",6.2,5,1,6.3,2,46,4,3.3
"U44469",45,"Male","Professional","Android",8.6,3.4,3,5.3,3,18,4,13.5
"U44470",37,"Male","Freelancer","iOS",7,0.7,4,5.5,4,48,4,13.8
"U44471",39,"Female","Freelancer","iOS",1.2,4.8,7,8.3,7,14,0,11.4
"U44472",38,"Male","Business Owner","Android",11.2,2.8,4,4.9,6,46,4,8.4
"U44473",29,"Female","Business Owner","Android",9.9,5,4,4.5,7,31,3,7.2
"U44474",22,"Male","Freelancer","iOS",7.4,6.2,1,8.1,8,45,3,13.3
"U44475",49,"Other","Business Owner","iOS",11.8,7.3,10,4.2,10,41,6,7.7
"U44476",41,"Male","Professional","iOS",9,3.7,1,6.7,8,56,2,2.9
"U44477",21,"Female","Student","iOS",8.5,6.3,10,7.3,2,38,0,6.6
"U44478",36,"Other","Student","Android",9.2,6.8,3,5.5,6,42,5,5.5
"U44479",54,"Female","Professional","iOS",9.3,5.6,7,6.7,3,60,2,10.5
"U44480",57,"Female","Student","iOS",9.5,2.4,10,7.5,5,15,3,12.9
"U44481",52,"Male","Professional","iOS",8.6,3.5,2,7.7,2,31,5,9.1
"U44482",51,"Other","Freelancer","iOS",3.2,3.2,9,4.4,9,33,0,11.7
"U44483",49,"Other","Freelancer","iOS",5.6,4.9,3,4.8,3,34,1,9.4
"U44484",51,"Other","Freelancer","Android",2.2,6.1,6,8.4,4,49,0,12.7
"U44485",26,"Female","Business Owner","Android",3.2,4.9,7,7.5,3,13,5,9.7
"U44486",55,"Female","Freelancer","iOS",10.7,2.6,5,5.5,7,33,2,10.7
"U44487",53,"Female","Business Owner","Android",8.6,3.8,6,4,2,13,4,11.2
"U44488",50,"Female","Freelancer","Android",11,6.2,3,5.1,4,51,4,13.3
"U44489",49,"Male","Student","iOS",7.7,0.7,7,5,9,15,2,8.8
"U44490",27,"Other","Professional","Android",4,7.6,7,5.5,7,26,6,11.1
"U44491",47,"Other","Professional","Android",4.9,7.6,2,7.7,1,47,4,2.7
"U44492",41,"Other","Freelancer","Android",9.8,5.8,10,9,9,53,0,8.7
"U44493",37,"Female","Student","Android",8.1,4.9,1,8.2,2,52,6,4.9
"U44494",35,"Male","Professional","iOS",2,7,6,4.2,9,55,6,11.9
"U44495",27,"Female","Student","iOS",9.3,2,2,6.9,6,47,3,11.4
"U44496",28,"Female","Professional","iOS",1.1,0.6,7,8.1,2,11,3,9.2
"U44497",18,"Other","Business Owner","iOS",3.9,5.9,2,6.1,5,36,1,5.5
"U44498",45,"Female","Professional","Android",9.2,3.6,8,5.2,5,38,6,13.3
"U44499",22,"Female","Freelancer","Android",10.7,3.3,8,7.9,9,20,5,6.1
"U44500",53,"Male","Freelancer","iOS",2.7,3.9,8,4.2,7,45,1,2.4
"U44501",41,"Other","Student","Android",2.8,7.4,5,5.6,2,16,2,7.8
"U44502",20,"Other","Student","iOS",9.6,7.6,1,5.8,6,43,6,6.5
"U44503",44,"Other","Freelancer","iOS",1.8,4.9,8,6.6,1,33,2,7.8
"U44504",56,"Female","Freelancer","iOS",7.4,7.8,2,7.8,5,20,4,12.2
"U44505",28,"Other","Professional","Android",5.2,1.3,2,8.2,1,37,0,5.3
"U44506",56,"Other","Freelancer","iOS",3.9,8,6,8.6,9,12,2,12.7
"U44507",52,"Other","Professional","Android",1.3,6.9,10,8.4,5,33,4,11.2
"U44508",47,"Other","Business Owner","iOS",4,2.5,2,5.4,1,48,4,11.6
"U44509",32,"Other","Professional","iOS",2,7.4,4,4.7,9,59,1,9.6
"U44510",59,"Male","Business Owner","Android",8.8,5.6,10,6,1,11,4,12.9
"U44511",51,"Other","Freelancer","iOS",4.1,4,7,5.6,9,55,6,11.2
"U44512",45,"Male","Student","iOS",11.6,6.3,3,4.6,2,18,6,7.1
"U44513",35,"Male","Professional","iOS",6.4,5.6,6,6.2,9,37,2,11.5
"U44514",20,"Female","Professional","iOS",4.7,5.2,9,6.1,1,12,4,5
"U44515",21,"Other","Freelancer","iOS",1.4,3.8,1,7.6,4,52,2,4.7
"U44516",42,"Male","Freelancer","Android",9.6,7.7,6,4.6,4,49,2,4.6
"U44517",48,"Other","Business Owner","iOS",5.3,2.2,2,8.5,9,34,2,5.6
"U44518",26,"Male","Freelancer","iOS",9.5,1.1,7,8.5,5,9,1,6.6
"U44519",37,"Male","Student","Android",10.2,4.2,9,8.9,6,53,0,13.9
"U44520",44,"Female","Business Owner","Android",2.2,2.9,3,5.2,8,13,5,10.6
"U44521",45,"Other","Professional","iOS",3,2.6,2,8.2,4,14,4,5.8
"U44522",30,"Male","Student","Android",9.5,6,2,8.8,3,34,0,9.6
"U44523",55,"Female","Student","Android",11.9,4.4,8,7.9,6,21,5,4.5
"U44524",20,"Other","Professional","Android",4.5,0.8,8,5.2,4,13,1,4.2
"U44525",33,"Other","Business Owner","Android",8.1,5.1,1,4.3,3,27,6,12.5
"U44526",28,"Other","Freelancer","iOS",8,2,10,5.8,7,53,3,7.2
"U44527",23,"Other","Professional","iOS",7.7,6.6,7,5.3,8,29,6,5.8
"U44528",34,"Other","Professional","iOS",11.9,3,7,8.5,5,11,4,2.7
"U44529",33,"Female","Professional","Android",7.8,1,4,6.2,6,8,5,13.1
"U44530",21,"Other","Professional","iOS",6.6,4.3,3,7.7,7,52,5,5.3
"U44531",30,"Female","Freelancer","Android",10.3,4.9,8,6.4,10,6,1,12.9
"U44532",23,"Other","Freelancer","Android",7.7,7.7,7,6,6,20,3,8.5
"U44533",52,"Female","Professional","Android",5.4,2.4,9,4.6,1,50,0,4.1
"U44534",30,"Male","Professional","iOS",4.3,5.5,3,4.5,9,6,2,5.7
"U44535",54,"Female","Student","iOS",3.8,7.4,9,8.7,5,52,5,6.9
"U44536",33,"Female","Student","iOS",1.3,7.2,8,7,10,39,3,11.2
"U44537",33,"Male","Student","Android",11.1,0.8,1,5.7,9,45,1,13.6
"U44538",19,"Male","Professional","iOS",8.7,6.8,9,7.4,10,48,4,6.1
"U44539",23,"Male","Professional","Android",9.9,1.4,1,4.9,9,28,5,8.9
"U44540",24,"Female","Business Owner","Android",7.5,1.6,8,8.7,8,17,3,7.1
"U44541",25,"Female","Student","Android",4.2,4.5,6,6.5,1,19,6,4.8
"U44542",50,"Female","Professional","Android",5.7,5.3,7,7.3,3,16,4,7.1
"U44543",34,"Other","Freelancer","Android",10.4,4.7,1,4.5,6,44,2,3.3
"U44544",60,"Female","Student","Android",9,5.3,9,8.2,9,34,1,6.2
"U44545",19,"Female","Business Owner","Android",11.2,6.8,6,6.6,8,43,3,5
"U44546",43,"Male","Professional","Android",8.7,6.3,2,5.6,9,29,3,10.6
"U44547",40,"Male","Student","Android",5.2,5,1,8.4,8,35,5,5.7
"U44548",34,"Female","Professional","Android",10.5,1.9,3,8.5,6,21,2,4.8
"U44549",50,"Male","Student","Android",11.4,1,6,7.6,6,24,6,5.4
"U44550",52,"Male","Business Owner","iOS",4.3,4.5,2,7.7,10,55,1,12.9
"U44551",38,"Female","Professional","iOS",3.2,6.8,2,7.3,5,51,3,9.3
"U44552",39,"Female","Student","Android",5.6,7.2,3,8.2,10,27,0,12.3
"U44553",51,"Female","Freelancer","Android",2.3,5.9,9,8.2,7,58,6,2.7
"U44554",49,"Other","Professional","iOS",6.7,7.2,2,7.7,7,27,2,10.9
"U44555",38,"Male","Student","iOS",3.3,1.8,6,7,4,27,3,9.9
"U44556",41,"Other","Freelancer","iOS",1.1,2.4,2,6.9,2,34,6,9.5
"U44557",26,"Other","Freelancer","iOS",1.8,2,4,8.5,3,43,5,11.9
"U44558",36,"Male","Student","iOS",4.8,1.3,6,7.4,7,9,5,4.9
"U44559",40,"Other","Student","iOS",4.4,1.9,8,4.2,7,26,6,6.2
"U44560",27,"Other","Freelancer","iOS",1.1,2.3,5,7,9,36,4,11.3
"U44561",54,"Other","Professional","iOS",3.1,3.8,3,5.9,2,11,6,6
"U44562",43,"Male","Freelancer","iOS",8.2,6.1,5,4.2,9,56,5,9.3
"U44563",24,"Female","Business Owner","iOS",2.5,1.9,5,6.1,7,19,2,13.5
"U44564",39,"Female","Student","iOS",8.2,2,2,5.6,4,35,3,14
"U44565",22,"Other","Student","Android",3.9,7.4,5,7,10,29,0,8.7
"U44566",35,"Male","Business Owner","Android",5.8,3.1,7,4.6,5,48,0,2.5
"U44567",30,"Female","Professional","iOS",6.3,0.8,8,6.4,9,26,4,4.7
"U44568",44,"Female","Professional","Android",3.2,2.5,5,5.1,2,22,6,5.8
"U44569",56,"Other","Student","Android",3.9,0.7,9,5,7,30,0,2.2
"U44570",47,"Female","Freelancer","iOS",4.2,8,9,5.2,1,41,5,7.1
"U44571",34,"Female","Business Owner","iOS",1.2,2.5,10,8.1,8,34,1,9.3
"U44572",40,"Other","Freelancer","Android",5.4,1.8,4,4.4,6,36,6,5.1
"U44573",47,"Male","Professional","iOS",4,7.2,9,8.4,8,21,3,12.1
"U44574",51,"Other","Business Owner","Android",5.8,2.2,8,5.2,10,49,2,6.8
"U44575",31,"Male","Student","iOS",8.6,6.9,2,5.1,10,20,3,3.1
"U44576",38,"Male","Student","iOS",9.1,4.6,1,8.3,3,38,5,13
"U44577",22,"Female","Freelancer","iOS",1.3,2.4,7,6.6,2,41,2,10.7
"U44578",46,"Male","Freelancer","iOS",9,7.9,4,5.5,9,5,0,13.5
"U44579",54,"Male","Business Owner","Android",3.3,3.2,6,4.3,1,25,6,4.5
"U44580",52,"Other","Professional","iOS",4.5,0.7,6,8.7,4,30,5,3.6
"U44581",30,"Female","Student","Android",2.1,0.6,3,4.4,6,39,2,9.9
"U44582",59,"Other","Student","iOS",7.8,6.3,5,4.6,9,8,6,12.2
"U44583",50,"Other","Professional","iOS",11.8,0.6,5,6.2,4,48,1,12.1
"U44584",47,"Male","Freelancer","Android",5.7,1.1,6,8.3,2,48,4,9
"U44585",23,"Other","Business Owner","iOS",5.4,2.5,2,5.3,1,40,1,8.6
"U44586",60,"Male","Student","Android",1.6,7.9,4,6.1,8,54,4,12.3
"U44587",33,"Male","Professional","iOS",2.8,6,2,5.4,4,44,2,11.1
"U44588",39,"Other","Student","iOS",3,3,1,6.1,10,48,3,13.2
"U44589",40,"Female","Freelancer","Android",10.1,6.5,9,8.1,7,27,3,6
"U44590",43,"Male","Freelancer","iOS",3.2,0.7,10,5,1,31,6,11.5
"U44591",45,"Other","Professional","iOS",8.7,0.7,9,5.8,8,19,3,7.9
"U44592",57,"Other","Student","Android",8.3,8,2,4.1,9,29,2,11.4
"U44593",45,"Other","Freelancer","Android",11.3,3.7,2,8.6,3,53,4,11.3
"U44594",33,"Male","Freelancer","Android",8.7,7.8,7,7.5,3,38,6,7.6
"U44595",60,"Female","Freelancer","Android",8.1,2.5,3,6.3,10,59,4,11.5
"U44596",31,"Other","Student","Android",9,2.9,8,5.1,7,8,4,7.9
"U44597",52,"Male","Freelancer","Android",1.8,7.8,3,6.8,6,33,4,4.3
"U44598",54,"Male","Student","Android",6,3.2,2,8.3,8,23,2,2.5
"U44599",40,"Female","Professional","Android",4.4,6.6,7,8.3,6,20,4,2.4
"U44600",52,"Other","Student","iOS",9.3,5.5,3,8.7,10,19,2,8.3
"U44601",45,"Other","Freelancer","Android",10.1,5.2,7,8.9,1,16,2,5.1
"U44602",60,"Male","Business Owner","iOS",4.3,3.3,4,8.5,9,40,5,12.2
"U44603",34,"Male","Student","iOS",7.9,1.6,7,7.3,3,27,4,4.2
"U44604",22,"Other","Student","iOS",1.6,3,1,6.7,3,39,4,3.4
"U44605",47,"Other","Professional","iOS",1.7,3,2,7.7,3,54,4,4.4
"U44606",59,"Other","Student","iOS",7,5.1,4,6.7,8,49,4,10.6
"U44607",52,"Other","Professional","Android",7.6,3.8,8,7,3,39,6,3.4
"U44608",27,"Female","Freelancer","iOS",11.5,2.3,9,7.6,6,23,6,2.8
"U44609",38,"Other","Freelancer","Android",4.3,3.6,9,7.1,4,11,2,12.9
"U44610",42,"Other","Student","iOS",3.9,1.2,3,5.3,1,25,6,10.9
"U44611",20,"Female","Student","iOS",9.7,2.9,2,4.5,3,31,0,2.6
"U44612",25,"Male","Student","Android",10,2.5,10,6.2,7,14,0,5.9
"U44613",56,"Male","Professional","Android",11,4.4,4,4.4,3,37,2,3.5
"U44614",57,"Other","Freelancer","iOS",5.6,2.2,10,7.5,8,15,3,7.8
"U44615",55,"Male","Freelancer","Android",2.1,7.4,8,5.1,3,37,3,6.9
"U44616",25,"Female","Student","Android",2,2.6,9,8.4,10,10,1,5.4
"U44617",45,"Male","Student","iOS",9.9,7.4,8,4.5,10,17,3,9.9
"U44618",26,"Other","Professional","iOS",4,5.7,7,6.5,10,34,1,5
"U44619",34,"Male","Student","iOS",7.1,3.9,2,4.1,7,39,6,11.5
"U44620",45,"Other","Professional","iOS",6.6,7.2,4,6.4,6,32,4,11.9
"U44621",56,"Other","Student","Android",8.8,6.7,4,5.7,3,5,3,8.2
"U44622",37,"Other","Business Owner","Android",10.1,1.9,8,5.8,9,40,6,4.9
"U44623",58,"Male","Student","iOS",9.2,3.8,5,7.4,2,11,2,13.4
"U44624",48,"Female","Business Owner","iOS",4.3,4.4,9,8.2,2,48,6,10.4
"U44625",44,"Female","Business Owner","iOS",10.2,5.4,1,7,2,32,1,8.5
"U44626",28,"Male","Student","iOS",11,2.8,7,6.7,3,45,6,12.6
"U44627",55,"Female","Professional","iOS",5.9,4.4,1,7.4,3,12,1,4.4
"U44628",30,"Other","Professional","Android",3.8,4,7,6.6,6,58,1,12.7
"U44629",43,"Male","Freelancer","iOS",4.2,6.5,1,5.6,5,23,3,13.3
"U44630",52,"Male","Freelancer","Android",2.8,0.9,3,5.7,10,33,2,5.3
"U44631",36,"Female","Professional","Android",1.7,7.8,5,7.7,2,8,0,3.6
"U44632",26,"Female","Business Owner","iOS",2.2,6.2,1,8.3,2,10,1,6.7
"U44633",45,"Male","Professional","Android",11.1,5.9,1,7.1,4,42,4,7.9
"U44634",51,"Male","Student","iOS",6.2,2.9,9,7.1,3,47,5,4.8
"U44635",41,"Female","Freelancer","Android",11.9,4.7,5,6.6,5,30,0,8.5
"U44636",25,"Male","Freelancer","Android",5.1,4.4,7,4.1,9,48,0,12.4
"U44637",49,"Female","Professional","Android",3.6,4.5,10,4.5,7,39,0,8
"U44638",55,"Female","Professional","Android",5.5,4.3,2,9,4,17,4,9.6
"U44639",47,"Other","Business Owner","iOS",6.5,3.7,5,5.8,4,55,1,10.7
"U44640",30,"Male","Business Owner","Android",4.2,6.5,6,4.8,4,33,2,7.2
"U44641",45,"Male","Professional","Android",9.5,1.7,1,7.1,4,20,6,10.2
"U44642",48,"Other","Professional","iOS",8.1,7.1,7,5.1,8,8,2,12.1
"U44643",54,"Male","Business Owner","Android",3,6.9,4,4.7,5,12,6,8.6
"U44644",56,"Female","Freelancer","iOS",6.4,2.2,7,4.7,6,26,5,4.2
"U44645",21,"Other","Student","iOS",2.1,1.2,4,6.4,8,23,5,4.5
"U44646",23,"Female","Professional","Android",11.7,1.9,7,6.1,8,14,5,10
"U44647",18,"Male","Freelancer","Android",9.5,2.1,7,6.9,3,53,3,7.4
"U44648",26,"Female","Business Owner","Android",1.8,6.6,5,4,10,30,4,7.6
"U44649",59,"Male","Freelancer","iOS",2.1,3.3,10,8.7,6,8,5,13
"U44650",49,"Male","Professional","iOS",2.6,0.6,6,4.5,9,14,4,10.9
"U44651",22,"Male","Student","Android",5.1,5,8,6.5,10,51,4,13.7
"U44652",56,"Male","Freelancer","iOS",1,5.5,5,5.8,5,48,0,6.3
"U44653",21,"Other","Professional","Android",3.9,2.4,6,8,5,20,1,11.2
"U44654",57,"Other","Freelancer","iOS",5,8,6,7.9,5,42,0,5.8
"U44655",38,"Female","Professional","Android",10.7,0.8,1,9,10,35,1,10.8
"U44656",26,"Female","Business Owner","Android",8,5.9,5,4.1,2,33,6,5.5
"U44657",18,"Other","Professional","iOS",4.6,3.9,10,5,8,51,3,4.8
"U44658",30,"Female","Student","Android",4.1,4,3,7.2,4,24,1,7.8
"U44659",52,"Male","Freelancer","iOS",5,2.5,5,5.1,1,53,4,6.3
"U44660",60,"Other","Business Owner","iOS",1.3,3,2,6.5,2,34,6,11.2
"U44661",47,"Male","Student","Android",10.9,1.2,8,4.2,1,46,0,8.5
"U44662",28,"Other","Student","Android",1.8,7.4,3,4.9,6,31,1,2.5
"U44663",24,"Other","Freelancer","iOS",11.7,0.5,6,5.2,3,52,4,2.4
"U44664",26,"Female","Freelancer","Android",4.6,6,9,4.5,1,46,0,12.5
"U44665",25,"Other","Professional","iOS",7.8,7.8,9,8,9,55,5,4
"U44666",41,"Other","Professional","Android",10.6,0.7,5,8.4,7,18,4,2.5
"U44667",58,"Male","Business Owner","Android",2.8,1.4,3,7.8,4,29,4,9
"U44668",22,"Male","Freelancer","iOS",2,7.4,5,4.3,9,7,2,4.3
"U44669",54,"Other","Business Owner","iOS",7.2,6.1,8,7.4,9,11,6,3.2
"U44670",20,"Female","Business Owner","iOS",11,6.3,5,7.7,5,23,1,4
"U44671",58,"Male","Business Owner","Android",11.6,6.2,10,7.9,9,11,1,12.7
"U44672",35,"Other","Student","Android",6,1.9,5,8.9,2,5,6,4.7
"U44673",40,"Other","Freelancer","Android",2.6,3.8,3,6.3,4,8,1,3.2
"U44674",42,"Female","Business Owner","Android",5.4,2.8,1,7.2,3,21,5,2.2
"U44675",28,"Male","Freelancer","Android",10.5,7.7,9,7.6,1,59,5,2.8
"U44676",37,"Male","Freelancer","Android",4.4,5.5,5,8.7,1,20,0,13.9
"U44677",35,"Male","Business Owner","iOS",11.4,2.3,3,6.5,4,16,2,6.4
"U44678",44,"Female","Professional","iOS",6.4,3,4,8.3,8,55,0,10.3
"U44679",29,"Female","Professional","Android",6.6,3,8,6.6,9,46,3,11.1
"U44680",27,"Other","Business Owner","iOS",1.6,6.9,9,8.4,6,16,1,10.4
"U44681",20,"Female","Business Owner","iOS",1.8,6,7,7,4,26,5,4.1
"U44682",24,"Male","Professional","iOS",6.7,6.4,4,6.7,8,36,3,5.5
"U44683",43,"Other","Freelancer","iOS",2.5,3.8,4,6.9,5,9,3,12.1
"U44684",39,"Male","Business Owner","iOS",10.3,0.5,3,6.4,8,35,1,5
"U44685",45,"Female","Professional","iOS",1.6,2.1,6,5.4,3,43,5,8.3
"U44686",44,"Other","Student","iOS",8.7,3.5,10,4.3,5,43,3,4.2
"U44687",31,"Male","Freelancer","iOS",5.9,7.1,3,7.4,4,18,2,2.3
"U44688",58,"Other","Freelancer","Android",10.6,2.3,6,6.2,8,25,1,7.9
"U44689",33,"Male","Freelancer","Android",9.7,3,5,5.1,9,9,4,5.9
"U44690",56,"Male","Student","iOS",7.6,7.3,1,6.9,2,52,5,11.2
"U44691",31,"Other","Freelancer","iOS",6.7,6.5,10,5,1,25,2,6.8
"U44692",40,"Male","Professional","Android",5.4,5.6,5,8.8,8,21,4,10.8
"U44693",20,"Male","Professional","Android",11.7,4.5,6,7,1,30,0,11.8
"U44694",51,"Other","Business Owner","iOS",10.3,4,4,7.4,1,32,6,11
"U44695",27,"Female","Student","Android",7.7,5.1,6,6,3,12,6,11.7
"U44696",36,"Male","Business Owner","iOS",11.7,5.9,7,5.8,2,26,2,4.7
"U44697",30,"Male","Student","Android",11,5.5,4,6.8,10,8,0,9.2
"U44698",26,"Male","Student","Android",7.9,6.3,8,7.3,9,29,1,4.4
"U44699",42,"Female","Student","iOS",1,0.5,8,5.9,9,43,3,2.8
"U44700",26,"Other","Professional","iOS",9.7,3.9,1,6.6,6,15,3,9.3
"U44701",38,"Other","Business Owner","Android",7.8,2.6,3,6.4,10,27,0,3.3
"U44702",33,"Other","Business Owner","iOS",4.9,1.9,7,7.1,4,45,5,7.8
"U44703",52,"Male","Professional","iOS",5.6,6,7,7.8,7,27,2,6.1
"U44704",23,"Male","Professional","Android",2.9,3.3,5,8,3,7,6,7.8
"U44705",35,"Other","Student","Android",5.7,1.6,7,4.9,9,32,3,10.5
"U44706",18,"Male","Professional","Android",4.6,1.9,6,8.4,9,59,3,13.7
"U44707",33,"Male","Freelancer","Android",2.2,1.7,1,5.1,4,22,0,3.8
"U44708",21,"Female","Student","iOS",3.8,0.6,10,8.4,6,42,2,2.3
"U44709",59,"Other","Freelancer","Android",10.3,2.6,10,5.9,1,11,3,8.5
"U44710",49,"Male","Freelancer","iOS",7.7,2.9,4,5.7,6,13,0,12.7
"U44711",38,"Male","Student","Android",11,6,7,4.1,9,35,4,11.6
"U44712",38,"Male","Student","Android",11.6,6.4,7,7.9,4,31,1,5.4
"U44713",56,"Male","Professional","Android",1.2,1.7,3,8,1,56,3,7.1
"U44714",51,"Female","Professional","Android",8.3,1.3,10,5.9,7,43,1,12.7
"U44715",36,"Female","Professional","iOS",7.2,5.1,6,8.8,6,41,0,8.3
"U44716",22,"Other","Business Owner","iOS",11.4,4.1,5,8.8,9,50,3,10.9
"U44717",35,"Other","Professional","Android",8.2,6.9,4,8.3,9,36,4,13.9
"U44718",28,"Male","Professional","Android",8.5,5.6,7,6.2,3,15,4,5.3
"U44719",21,"Female","Student","iOS",7.8,5.1,5,6.6,2,20,1,4.4
"U44720",27,"Other","Freelancer","Android",4.8,2.3,1,5.5,1,13,4,8.5
"U44721",36,"Other","Freelancer","iOS",2.9,4.2,7,8.1,8,44,3,13.3
"U44722",51,"Other","Freelancer","Android",7.6,3.7,3,5.5,1,22,4,9.4
"U44723",37,"Female","Freelancer","Android",7.6,4.4,5,4.7,7,13,2,8
"U44724",30,"Other","Student","iOS",5.7,3.9,5,5.2,1,34,0,6.2
"U44725",40,"Female","Business Owner","iOS",2.3,5.3,6,8.2,10,48,0,2.1
"U44726",21,"Female","Student","iOS",5,4.5,8,5.6,10,50,2,13.6
"U44727",49,"Female","Business Owner","iOS",1.2,0.7,10,7.9,6,19,1,9.1
"U44728",35,"Other","Business Owner","Android",7.6,6.9,6,6.3,1,49,1,11.8
"U44729",41,"Male","Professional","iOS",11.3,5.3,5,6.6,10,12,2,11.3
"U44730",18,"Male","Freelancer","Android",7.8,5.7,10,8.5,1,36,3,11.8
"U44731",56,"Other","Freelancer","iOS",10.6,1,3,6.8,2,31,6,9.5
"U44732",31,"Other","Student","iOS",2.1,4.8,6,6.5,3,15,6,5.6
"U44733",33,"Other","Business Owner","iOS",10.3,7.8,7,8.6,2,21,2,6.4
"U44734",29,"Other","Business Owner","iOS",11.9,2.7,6,5.4,1,24,5,6.1
"U44735",50,"Male","Business Owner","Android",3.5,4.8,4,4.7,8,22,4,6.8
"U44736",21,"Male","Professional","iOS",8.7,6.3,6,5.7,4,49,4,12.1
"U44737",55,"Male","Professional","iOS",10,5.6,1,7.4,10,29,4,12.9
"U44738",58,"Other","Freelancer","iOS",4.7,4.2,8,4.7,8,17,6,9.7
"U44739",54,"Female","Business Owner","Android",10.6,8,3,5.4,7,41,6,4.9
"U44740",56,"Other","Business Owner","Android",3.6,6.2,10,9,2,30,5,8.1
"U44741",47,"Other","Professional","iOS",1.1,6.9,9,8.9,10,31,3,4.4
"U44742",19,"Other","Business Owner","iOS",4.4,7.3,3,4.5,8,16,2,7.3
"U44743",26,"Male","Freelancer","iOS",1.6,6.4,5,6.4,5,56,2,10.5
"U44744",34,"Other","Freelancer","iOS",2.4,2.1,4,5.2,9,55,4,9
"U44745",35,"Other","Professional","iOS",9.5,5.3,4,4.6,6,21,4,3
"U44746",18,"Female","Professional","Android",11.4,0.8,1,4.2,2,40,6,7.3
"U44747",37,"Female","Freelancer","iOS",1.6,7.1,5,8.2,7,5,6,8.6
"U44748",30,"Female","Freelancer","iOS",5.7,4.9,8,4.7,2,13,1,10.7
"U44749",23,"Female","Business Owner","iOS",8.4,5.2,10,6.2,4,18,3,3.9
"U44750",19,"Other","Professional","iOS",2.9,4.7,3,6.7,2,13,0,7.5
"U44751",57,"Female","Professional","Android",10,7.7,4,4.6,9,28,0,5.8
"U44752",18,"Female","Business Owner","iOS",8.2,0.6,2,4,8,45,2,5.1
"U44753",47,"Male","Student","iOS",11.7,0.8,5,7.3,3,58,3,2.3
"U44754",48,"Male","Professional","Android",8.2,2.9,7,5.4,7,11,0,8.8
"U44755",24,"Female","Freelancer","Android",11.1,3.4,2,5.5,10,50,3,7.1
"U44756",60,"Other","Freelancer","iOS",5,2.5,4,8.4,5,8,1,6.7
"U44757",53,"Other","Student","iOS",3,3.7,7,8.5,6,10,3,12.5
"U44758",29,"Male","Business Owner","Android",6.5,7.3,4,9,1,32,6,2.5
"U44759",33,"Other","Professional","Android",1.5,7.3,9,6.6,8,39,5,12.1
"U44760",39,"Male","Professional","Android",1.9,7.5,5,7.7,2,13,3,9
"U44761",33,"Female","Business Owner","iOS",7.6,6.9,4,5.4,10,23,0,5.5
"U44762",26,"Other","Freelancer","Android",5.2,6.6,3,6.3,1,47,5,4.9
"U44763",49,"Female","Freelancer","Android",2.5,3.8,3,8.1,4,41,0,12.3
"U44764",48,"Other","Business Owner","Android",3.2,5.5,7,8.3,5,36,0,7.7
"U44765",58,"Female","Student","Android",10.4,1.9,4,5.4,1,17,3,8.3
"U44766",59,"Male","Freelancer","Android",5.3,5.1,8,8.5,4,52,6,11.6
"U44767",32,"Female","Professional","iOS",9.6,3.9,5,5.3,8,57,6,4.4
"U44768",49,"Male","Student","Android",11,2,4,4.6,10,8,6,3.4
"U44769",45,"Male","Freelancer","iOS",7.6,2.9,7,5.6,1,22,2,7.1
"U44770",40,"Other","Professional","iOS",3.2,3.9,3,7.5,10,25,4,7.6
"U44771",39,"Male","Professional","iOS",7.2,1.8,4,5.4,8,5,2,7.6
"U44772",34,"Other","Freelancer","iOS",4.7,5.5,5,5.1,2,41,3,5.5
"U44773",46,"Other","Student","iOS",4.9,5.2,6,7.7,6,49,6,2.3
"U44774",43,"Male","Business Owner","iOS",2.4,2.4,2,6.7,6,25,6,3.1
"U44775",22,"Male","Professional","Android",10.6,3.5,3,7.7,10,28,2,3.5
"U44776",46,"Male","Professional","Android",3,2.8,7,7.1,2,21,6,6.5
"U44777",26,"Other","Professional","iOS",3.4,7.5,9,4.3,5,17,0,11.9
"U44778",46,"Female","Professional","iOS",3.6,4.7,4,5.2,10,28,0,11.7
"U44779",40,"Male","Freelancer","iOS",7.5,3.1,5,8,10,58,3,6.4
"U44780",48,"Male","Student","iOS",4.3,2.9,2,4.8,5,8,1,8.7
"U44781",32,"Female","Freelancer","iOS",9.1,1.3,6,6.8,1,52,5,7.4
"U44782",39,"Male","Freelancer","Android",11.8,7.5,9,6.7,6,48,6,7.3
"U44783",38,"Female","Freelancer","Android",5.2,0.6,2,6.1,9,7,6,3.9
"U44784",37,"Other","Student","Android",8,6.4,7,6.2,7,56,4,7.8
"U44785",53,"Female","Student","Android",5,2.2,7,6,5,47,5,9.6
"U44786",24,"Male","Professional","Android",7.9,6.7,3,4.6,5,8,3,10.3
"U44787",36,"Female","Professional","Android",3.7,1.6,6,7.1,10,12,2,7.5
"U44788",47,"Male","Professional","iOS",11,4.8,10,8.3,8,50,2,2.2
"U44789",24,"Female","Student","Android",3.9,5.7,9,7.8,1,35,0,12.9
"U44790",29,"Male","Professional","Android",8.4,4.3,5,8.6,1,10,2,8.4
"U44791",42,"Male","Business Owner","iOS",10.5,5.7,1,8.1,3,45,1,4.4
"U44792",44,"Male","Professional","Android",9.7,7.4,1,8,2,55,5,5.1
"U44793",45,"Other","Freelancer","Android",6.1,5.7,6,8.4,9,11,4,9.8
"U44794",24,"Female","Business Owner","iOS",9.9,3.4,4,8.3,7,19,4,13.2
"U44795",39,"Male","Freelancer","Android",7.9,7.3,7,6.1,2,18,6,12.4
"U44796",33,"Male","Freelancer","iOS",11.3,0.7,3,8.1,2,45,2,5.3
"U44797",55,"Female","Business Owner","Android",5.2,1.4,9,8.1,5,29,1,2
"U44798",31,"Male","Student","Android",7.1,3.2,9,5.6,1,52,6,4.2
"U44799",54,"Other","Professional","Android",2.9,0.8,2,4.2,2,14,1,7.9
"U44800",26,"Other","Business Owner","iOS",7.8,2.5,2,6.9,4,56,5,12.6
"U44801",56,"Female","Freelancer","Android",1.5,1.2,6,9,6,47,3,10.5
"U44802",35,"Other","Professional","iOS",3.6,4.7,10,7.4,8,16,0,13.9
"U44803",29,"Female","Student","iOS",8.8,3.8,10,6.1,3,12,0,4.5
"U44804",47,"Female","Student","Android",11.3,7.2,9,6,2,5,2,2.6
"U44805",21,"Other","Freelancer","Android",8.7,6.4,9,8.4,8,13,4,2.5
"U44806",26,"Female","Student","Android",10.8,4.5,1,6.9,2,7,6,3
"U44807",22,"Other","Professional","iOS",6,7.3,4,8.5,5,58,3,5.5
"U44808",40,"Male","Professional","iOS",12,7.5,5,4.2,1,14,1,4
"U44809",21,"Female","Freelancer","Android",7,1.3,10,5,1,50,2,7.9
"U44810",59,"Male","Professional","iOS",10.8,3.2,8,4.3,3,19,4,13.1
"U44811",24,"Female","Student","Android",10,2,1,7.6,7,7,4,3.4
"U44812",31,"Male","Freelancer","iOS",1.6,4.1,1,5.4,9,40,2,6.6
"U44813",34,"Male","Professional","Android",4.9,2.7,1,6,5,57,0,4.3
"U44814",32,"Male","Freelancer","Android",3.6,4,3,4.3,4,53,4,9.3
"U44815",58,"Female","Business Owner","iOS",4.9,2.4,1,6.1,1,37,5,12.8
"U44816",33,"Other","Student","Android",1.6,4.3,7,6.3,8,6,5,10.1
"U44817",54,"Other","Freelancer","Android",7.9,3.3,5,8.8,6,43,6,10.9
"U44818",21,"Male","Business Owner","Android",6.4,1,3,6.6,3,55,1,11.6
"U44819",45,"Female","Professional","iOS",1.8,7.2,3,4.3,2,25,6,11
"U44820",28,"Male","Freelancer","iOS",6.8,3,5,8.7,1,11,2,2.5
"U44821",48,"Male","Freelancer","Android",4.2,5.9,9,7.4,2,32,2,3.7
"U44822",57,"Female","Professional","iOS",5.2,3.2,4,4.3,4,15,1,9.1
"U44823",52,"Male","Business Owner","iOS",9.8,3.4,2,8.2,9,7,6,2.8
"U44824",57,"Male","Professional","iOS",9.5,6.9,2,6.7,8,9,5,3.1
"U44825",59,"Male","Professional","iOS",9.8,2.1,10,6.2,4,43,6,12.2
"U44826",39,"Female","Student","Android",8.2,3.5,2,4.2,8,6,4,9.9
"U44827",50,"Other","Student","iOS",3.7,1.5,4,6.7,2,39,4,8.3
"U44828",29,"Other","Business Owner","Android",11.1,4.6,1,7.3,2,43,3,10.1
"U44829",36,"Male","Professional","iOS",7.7,7,5,5.2,9,22,1,2.8
"U44830",46,"Female","Student","Android",8.3,3.4,5,7.4,5,30,1,9.5
"U44831",48,"Male","Business Owner","iOS",8.1,5.5,10,6.1,9,44,0,5.9
"U44832",30,"Other","Student","Android",10.7,5.3,3,7.2,10,57,4,11.3
"U44833",31,"Other","Freelancer","Android",11.4,3.4,6,4.7,3,40,1,12
"U44834",54,"Female","Freelancer","Android",10.3,2.5,8,4.9,8,5,5,13.4
"U44835",22,"Male","Freelancer","iOS",2,5.8,7,7.1,4,40,5,7.4
"U44836",26,"Male","Business Owner","Android",1.7,4.1,8,6.8,5,45,4,8.1
"U44837",56,"Male","Business Owner","Android",7.1,4.3,7,6.1,9,49,2,6.2
"U44838",56,"Other","Professional","Android",2.4,2,4,8.1,8,18,0,13.5
"U44839",20,"Female","Business Owner","iOS",5.7,5.8,2,5.5,4,60,1,12.5
"U44840",32,"Other","Freelancer","Android",5.5,2.9,9,8.9,10,54,6,5.1
"U44841",46,"Male","Freelancer","iOS",4,5,2,5.1,9,19,2,13.3
"U44842",25,"Male","Business Owner","iOS",10.1,3.9,7,7.9,4,18,4,10.4
"U44843",56,"Other","Business Owner","Android",11.2,7.4,4,5,9,5,6,5.9
"U44844",25,"Other","Business Owner","iOS",11.7,0.9,6,6,3,13,2,5
"U44845",27,"Female","Freelancer","Android",10.4,3.2,4,4.8,3,29,3,3.9
"U44846",46,"Female","Business Owner","Android",4.7,6.4,5,4.2,5,21,5,13.4
"U44847",40,"Male","Freelancer","iOS",1.7,4.6,4,7,10,19,1,10.2
"U44848",56,"Male","Business Owner","Android",2.4,7.5,10,9,5,28,0,8.9
"U44849",33,"Male","Business Owner","Android",5.4,4.9,3,7.5,7,27,0,8.3
"U44850",54,"Male","Professional","Android",2.2,4.6,8,6.8,7,23,0,4.3
"U44851",41,"Other","Business Owner","Android",7.8,3.8,1,4.5,8,10,4,13.8
"U44852",38,"Male","Business Owner","iOS",2.8,7.6,5,5.1,6,13,5,8.1
"U44853",47,"Other","Student","Android",11.1,1,8,7.3,8,48,3,11.5
"U44854",60,"Other","Student","Android",9,6,2,6,8,11,4,9.8
"U44855",23,"Other","Freelancer","iOS",10.7,7.1,6,5.3,8,34,3,8.9
"U44856",36,"Female","Professional","iOS",4.5,2.5,1,4.8,7,55,5,8.6
"U44857",29,"Male","Professional","iOS",2.2,5.6,6,7.1,1,17,2,9.4
"U44858",23,"Other","Business Owner","iOS",2.7,4.7,6,5.4,10,42,3,13.1
"U44859",23,"Other","Freelancer","iOS",7,5,6,7,8,57,4,2.8
"U44860",44,"Female","Business Owner","iOS",3.1,5.3,5,7.8,1,51,1,10.4
"U44861",29,"Female","Professional","Android",11.4,4.2,9,4.8,10,12,0,11.1
"U44862",29,"Female","Business Owner","iOS",11.7,0.9,2,7.4,8,17,2,9.7
"U44863",20,"Female","Student","iOS",6.8,1.4,1,4.9,6,33,1,12.3
"U44864",43,"Other","Freelancer","iOS",5.1,2.3,8,8,9,32,6,10.5
"U44865",59,"Other","Student","Android",4.3,7.3,6,7.5,2,26,4,4.7
"U44866",38,"Female","Professional","Android",4.8,5,10,8.8,7,14,2,5.3
"U44867",56,"Other","Student","Android",6.6,5.4,3,4.8,9,35,2,2.6
"U44868",23,"Female","Professional","Android",1.2,4.3,3,8.9,1,21,2,10
"U44869",20,"Female","Student","Android",9.4,2.1,6,6.9,2,26,3,3.7
"U44870",18,"Other","Business Owner","Android",2.5,1.6,8,6.1,10,21,3,3.8
"U44871",35,"Female","Business Owner","iOS",4.2,7.3,2,4.4,2,5,2,10.5
"U44872",34,"Other","Freelancer","Android",10.4,1.5,8,4.7,10,39,5,7.7
"U44873",30,"Other","Freelancer","iOS",5,5.9,3,8.5,4,42,2,11.5
"U44874",43,"Other","Freelancer","Android",2,4.1,6,6.4,4,22,3,7.2
"U44875",34,"Other","Business Owner","iOS",3.3,3.6,8,6.4,8,26,1,11
"U44876",31,"Male","Freelancer","Android",2.7,1.7,10,7.1,8,5,1,13.7
"U44877",43,"Female","Business Owner","iOS",9.4,2.3,2,6.2,7,49,3,5.1
"U44878",35,"Male","Student","iOS",11.5,0.7,2,7.3,7,46,2,2.1
"U44879",36,"Male","Professional","iOS",4.9,5.3,6,4.4,2,22,1,5.7
"U44880",34,"Male","Business Owner","iOS",1.3,6.1,5,7,9,43,0,10.8
"U44881",31,"Male","Professional","Android",6.2,5.5,6,8.4,7,47,0,10.3
"U44882",28,"Male","Business Owner","Android",3.4,3.6,1,4.1,5,33,1,8.5
"U44883",54,"Other","Freelancer","iOS",9,5,8,8.7,7,31,5,8.3
"U44884",44,"Male","Business Owner","Android",4.7,5.6,5,8,9,29,4,6.2
"U44885",55,"Other","Freelancer","iOS",2.7,2.6,9,8.7,8,43,1,9
"U44886",23,"Female","Business Owner","iOS",9.6,0.8,1,7.7,2,44,0,2.7
"U44887",34,"Female","Student","Android",4.3,6,2,8.9,10,46,0,5.8
"U44888",27,"Male","Freelancer","iOS",5.6,5.3,10,7,6,46,6,9.2
"U44889",28,"Other","Student","iOS",6.3,5,4,6.2,7,54,5,3.2
"U44890",18,"Male","Freelancer","Android",7.9,2.7,1,4.8,3,24,1,5.5
"U44891",58,"Male","Business Owner","iOS",4.6,3.3,5,6.4,4,37,5,11.7
"U44892",21,"Male","Business Owner","iOS",4.9,5.4,8,6.8,1,47,0,3.5
"U44893",47,"Other","Student","iOS",10.9,1,7,8.6,3,13,3,6.1
"U44894",58,"Female","Freelancer","iOS",2.6,3.2,7,7.2,9,43,0,4.5
"U44895",27,"Other","Freelancer","iOS",3.5,3.6,6,8.5,6,22,2,11
"U44896",28,"Male","Freelancer","iOS",5.7,1,1,7.5,4,15,4,12
"U44897",46,"Male","Student","iOS",6.4,3.6,8,4.6,9,35,2,13.7
"U44898",43,"Male","Freelancer","Android",3.7,3.1,5,4.6,2,18,5,6.5
"U44899",50,"Male","Student","iOS",8.6,6,2,4.3,5,24,3,8.9
"U44900",33,"Male","Freelancer","Android",8.4,5,8,6.8,2,47,6,5
"U44901",38,"Male","Freelancer","Android",1.1,1.5,3,4.1,7,5,3,10.6
"U44902",28,"Male","Business Owner","iOS",8.5,4.2,2,7.2,8,49,0,9.6
"U44903",47,"Male","Student","iOS",4.6,0.9,4,6.1,1,54,3,2.2
"U44904",50,"Other","Student","iOS",5.9,5.4,7,8,9,44,0,8.9
"U44905",21,"Male","Professional","Android",3.1,0.5,4,6.9,3,34,1,5.8
"U44906",58,"Female","Business Owner","iOS",9.5,3.9,3,6.9,3,8,4,11.5
"U44907",50,"Other","Business Owner","iOS",10.4,3.6,6,5.9,4,9,2,4.1
"U44908",46,"Male","Business Owner","Android",5.9,2,5,4.1,4,44,3,12.7
"U44909",52,"Other","Business Owner","Android",8.7,6.6,1,6,2,38,0,6
"U44910",38,"Female","Professional","iOS",6.3,7.7,8,5.8,8,9,0,4.6
"U44911",60,"Female","Business Owner","Android",5,0.9,2,4.2,1,45,3,8.6
"U44912",48,"Male","Freelancer","iOS",7.2,5.3,3,7.6,10,14,1,10.9
"U44913",24,"Male","Freelancer","iOS",5.8,2.5,1,5.4,6,52,4,11
"U44914",21,"Male","Professional","iOS",10,5,9,6.9,10,37,2,3.2
"U44915",56,"Male","Professional","Android",4.1,5.3,8,4.9,7,30,0,5
"U44916",31,"Other","Professional","Android",7,5.5,3,8.4,9,39,0,3.5
"U44917",30,"Male","Business Owner","Android",5.5,7.8,7,8.3,4,55,6,4
"U44918",52,"Other","Student","Android",2.7,1.9,7,8.7,3,27,4,13.8
"U44919",41,"Male","Professional","Android",4.1,4.3,1,5.3,9,54,2,9.8
"U44920",31,"Other","Business Owner","Android",9.1,3.5,7,4,1,35,2,6.4
"U44921",20,"Female","Student","iOS",7.4,7.2,9,8,3,45,3,10.3
"U44922",18,"Other","Professional","iOS",1.5,7.8,3,6.6,6,42,2,9.2
"U44923",20,"Female","Freelancer","Android",3.3,2,4,6.3,10,30,1,3.3
"U44924",55,"Other","Professional","Android",6.8,0.7,7,5.5,4,45,3,13.2
"U44925",20,"Male","Business Owner","iOS",7.2,4.7,3,4.3,2,25,0,5.8
"U44926",21,"Male","Professional","iOS",6.8,7.9,6,8.6,10,11,3,11.6
"U44927",60,"Male","Freelancer","iOS",11.7,7.2,7,4.9,6,15,2,13.6
"U44928",45,"Male","Business Owner","iOS",6.9,5.1,3,7.3,2,36,6,3.1
"U44929",31,"Female","Freelancer","iOS",6.2,2.3,1,4.1,1,59,0,13.4
"U44930",58,"Female","Professional","iOS",9.2,2.8,7,5.4,9,41,3,8
"U44931",26,"Male","Student","Android",6.6,3.1,9,7.1,8,43,3,5.8
"U44932",39,"Male","Business Owner","iOS",10.6,4.2,9,8.9,3,53,3,13.8
"U44933",50,"Male","Professional","Android",5.1,7.2,10,4.5,4,18,0,9.4
"U44934",45,"Other","Business Owner","Android",4.9,6.8,7,7.3,9,49,5,6
"U44935",59,"Male","Student","iOS",3.7,5.6,6,6.7,6,15,3,13.9
"U44936",48,"Female","Business Owner","Android",6.5,1.6,7,8.7,2,45,2,8.7
"U44937",46,"Female","Freelancer","iOS",7.3,5.7,5,8.3,2,45,3,12.5
"U44938",39,"Female","Freelancer","iOS",10,3.8,8,5.5,7,39,0,9.6
"U44939",36,"Other","Professional","Android",11.7,5.6,10,7.9,1,35,1,2.7
"U44940",43,"Male","Freelancer","Android",8.8,7.4,10,7.1,4,41,0,4
"U44941",41,"Male","Student","Android",8.5,6.9,7,7.5,7,29,6,12.5
"U44942",53,"Other","Student","iOS",4,3,1,6.2,2,42,0,4
"U44943",44,"Female","Freelancer","iOS",3.4,6.5,8,7.7,4,28,0,9.9
"U44944",25,"Male","Freelancer","Android",9.3,1,3,6.5,7,43,3,8
"U44945",48,"Female","Professional","iOS",3.1,4.8,10,4.1,8,39,5,9.2
"U44946",28,"Other","Freelancer","iOS",1.6,6.6,5,4.6,9,58,4,7
"U44947",53,"Male","Student","iOS",6.7,7.6,6,8.7,6,30,4,5.8
"U44948",60,"Male","Business Owner","iOS",5.2,6.6,8,5.7,6,19,5,5.7
"U44949",37,"Other","Professional","iOS",9.7,5.6,6,4,7,37,4,7.7
"U44950",47,"Male","Student","iOS",8.1,5.7,3,5.8,7,41,1,10.7
"U44951",59,"Female","Student","Android",3.5,1.3,2,5.7,2,20,0,7.3
"U44952",19,"Male","Business Owner","iOS",11.4,4.1,2,8.1,3,59,5,4.4
"U44953",33,"Other","Business Owner","iOS",4.6,0.7,10,6.5,4,33,3,2.7
"U44954",36,"Female","Business Owner","iOS",3,7.1,4,6.1,7,53,2,5.7
"U44955",35,"Female","Freelancer","Android",2.4,7.5,7,5.3,6,37,6,13.1
"U44956",44,"Female","Freelancer","iOS",10.8,7.6,8,4.4,5,55,2,7.4
"U44957",58,"Male","Freelancer","Android",2.8,4.3,9,8.2,7,59,4,8.8
"U44958",31,"Female","Student","iOS",10.1,5.4,1,4.1,10,13,1,6.9
"U44959",32,"Male","Freelancer","Android",2.5,1.5,5,5.1,1,21,1,10.6
"U44960",29,"Male","Professional","Android",10.7,3.9,4,8.8,1,45,1,10.5
"U44961",36,"Female","Professional","Android",4.8,4.3,6,7,6,20,0,2.2
"U44962",42,"Male","Student","iOS",9.2,5.5,8,8.3,3,27,2,12.5
"U44963",40,"Female","Freelancer","Android",6,6.7,5,5.9,6,8,4,2
"U44964",59,"Other","Business Owner","iOS",1.4,3.5,8,8.1,7,53,4,5.2
"U44965",60,"Female","Freelancer","Android",5.1,7.5,8,4.1,10,31,0,9.7
"U44966",44,"Male","Freelancer","iOS",9.9,6.8,6,5.3,3,48,5,11.1
"U44967",51,"Female","Freelancer","Android",1.2,3.6,5,4.7,5,45,5,4.1
"U44968",36,"Female","Professional","iOS",10.4,0.6,6,7,9,17,0,8.2
"U44969",22,"Male","Student","iOS",2.8,6.2,9,7.4,9,57,0,5.6
"U44970",39,"Male","Professional","Android",3,3.8,2,7,8,49,5,7.2
"U44971",36,"Male","Student","iOS",9.9,3.6,6,4.4,3,25,4,12.9
"U44972",44,"Other","Student","iOS",3.9,4,4,6,3,28,5,13
"U44973",30,"Other","Freelancer","Android",3.5,3.9,1,7.3,10,20,3,8.3
"U44974",39,"Female","Student","Android",2.5,2,7,4.7,9,5,0,12.3
"U44975",25,"Female","Professional","iOS",9.8,7.6,1,4.5,6,18,2,12.5
"U44976",47,"Male","Freelancer","iOS",7.7,4.9,7,8.3,6,52,1,10.7
"U44977",38,"Other","Freelancer","Android",8.6,4.7,3,6.4,6,16,3,5.9
"U44978",49,"Male","Professional","Android",2.4,1.3,4,6.4,4,32,1,5.9
"U44979",31,"Female","Freelancer","iOS",2.8,5.2,6,5.1,7,29,6,10.1
"U44980",38,"Male","Professional","iOS",5.4,3.5,4,8.5,3,17,0,2.7
"U44981",22,"Female","Freelancer","Android",6.2,6.7,7,8.7,6,11,3,2.7
"U44982",50,"Other","Business Owner","Android",10.5,1.7,8,4.2,1,5,1,12.9
"U44983",41,"Male","Professional","Android",1.7,0.8,3,8.7,4,42,6,5.2
"U44984",24,"Other","Freelancer","iOS",5.8,1,7,7.7,4,60,4,3.9
"U44985",49,"Female","Professional","Android",4.4,5.9,9,7.8,4,16,3,9.3
"U44986",43,"Female","Business Owner","iOS",10,0.9,10,6.5,9,33,2,10.9
"U44987",54,"Female","Student","Android",8.9,3.3,10,4.2,6,39,0,2.4
"U44988",42,"Female","Student","iOS",5.2,6.4,7,5.1,1,34,6,8.8
"U44989",40,"Other","Student","Android",1.9,3.8,4,6,9,49,4,8.3
"U44990",54,"Other","Business Owner","iOS",8.6,4.1,3,7.3,2,7,1,9
"U44991",41,"Male","Student","Android",2.7,2.3,5,8.6,5,20,4,13.4
"U44992",55,"Male","Professional","iOS",4.1,8,10,5.8,9,18,6,13.8
"U44993",44,"Other","Freelancer","iOS",4.2,4.7,3,6.8,4,22,5,4.2
"U44994",38,"Male","Freelancer","iOS",2,6.6,4,5.8,5,32,1,4.2
"U44995",44,"Female","Business Owner","iOS",2.3,2.8,8,4.5,3,59,3,9.9
"U44996",18,"Male","Business Owner","Android",1.5,4.7,10,6.8,1,25,1,4
"U44997",20,"Male","Student","iOS",10.9,5.7,5,5.7,7,36,2,2.2
"U44998",58,"Male","Freelancer","iOS",4.6,5.4,8,7.8,2,58,3,11
"U44999",32,"Female","Student","Android",3.5,6.4,6,6.8,10,41,0,12.4
"U45000",32,"Female","Business Owner","Android",8.1,6.6,2,4.5,3,35,2,9
"U45001",46,"Female","Freelancer","Android",5.3,7,4,7.4,4,35,4,14
"U45002",38,"Other","Freelancer","Android",10.8,7,1,6.2,7,41,3,8.5
"U45003",27,"Female","Student","Android",6.8,0.7,10,7.1,6,30,3,5
"U45004",29,"Male","Freelancer","iOS",5,1.2,7,5.1,3,30,3,7.1
"U45005",54,"Female","Freelancer","Android",11.6,1,1,7.4,2,50,0,9.1
"U45006",43,"Male","Professional","iOS",1.5,4.9,7,4.2,9,56,5,11.1
"U45007",35,"Male","Freelancer","Android",4.2,3.5,8,7.3,1,56,3,13.5
"U45008",51,"Female","Freelancer","iOS",2.1,7.8,6,6.6,10,51,6,4
"U45009",34,"Male","Student","iOS",10.4,2.8,10,5,2,13,0,13.1
"U45010",58,"Male","Student","Android",4.6,1,6,8.5,3,38,4,14
"U45011",26,"Male","Professional","iOS",5.8,3.1,10,6.9,5,33,0,4.1
"U45012",23,"Other","Freelancer","Android",9.3,7.5,2,7.7,3,23,3,7.6
"U45013",18,"Other","Freelancer","Android",9.2,5,5,5.7,3,26,6,9.6
"U45014",54,"Other","Business Owner","iOS",8.3,6.6,10,5.4,8,52,2,6.6
"U45015",28,"Female","Professional","Android",2.2,3.8,8,8.6,1,47,2,8.9
"U45016",29,"Other","Freelancer","Android",4.7,7.2,9,8.6,4,52,4,8
"U45017",26,"Other","Freelancer","iOS",7,6.2,2,5.3,6,24,2,3.8
"U45018",38,"Female","Professional","iOS",7.8,1.4,5,4.2,1,11,4,11.1
"U45019",23,"Male","Professional","Android",4.3,3.9,10,8.9,2,50,2,13.9
"U45020",34,"Other","Business Owner","iOS",7.3,6,3,4.8,2,17,3,7.4
"U45021",39,"Female","Professional","iOS",2.3,7.6,3,8.8,6,21,6,4.4
"U45022",40,"Male","Business Owner","iOS",1,7.6,7,7.4,9,57,1,5.7
"U45023",48,"Other","Student","iOS",5.7,6.5,8,4.9,1,15,1,13
"U45024",55,"Male","Business Owner","Android",8,7.5,5,7.2,8,5,0,9.4
"U45025",58,"Other","Freelancer","iOS",6.3,2.7,5,6.3,2,32,4,7.7
"U45026",41,"Female","Business Owner","Android",1.3,2.2,6,6.4,2,9,3,5.1
"U45027",30,"Male","Freelancer","Android",10.1,0.9,7,6.2,5,32,6,13.2
"U45028",47,"Other","Business Owner","Android",11.6,4.4,10,4.4,6,16,1,6.9
"U45029",59,"Other","Professional","Android",7,7.1,10,4.5,7,44,2,10.9
"U45030",26,"Female","Student","iOS",6.9,4.8,4,6,8,7,6,8.8
"U45031",32,"Male","Business Owner","Android",6,0.7,3,7.1,9,50,6,5.5
"U45032",49,"Other","Business Owner","iOS",9.8,7.7,2,5.7,7,41,4,8.6
"U45033",43,"Female","Business Owner","iOS",5.4,4.8,2,8.3,10,47,5,9.8
"U45034",44,"Male","Business Owner","Android",9.5,5,10,8.3,10,22,1,8.9
"U45035",20,"Other","Professional","Android",7.1,3.7,4,4.6,7,29,4,11.8
"U45036",35,"Other","Business Owner","Android",10.4,5.5,8,5.1,9,47,5,5.1
"U45037",22,"Other","Student","iOS",7.6,1,10,7.7,10,53,2,3.3
"U45038",36,"Other","Professional","Android",7.5,2.3,7,4.1,3,56,4,13.4
"U45039",27,"Other","Professional","iOS",8.1,4.2,1,8.8,10,54,0,7.7
"U45040",45,"Female","Business Owner","iOS",4.8,5.8,5,7.5,1,21,2,12.9
"U45041",37,"Female","Student","Android",4.4,2.4,7,7.1,4,17,3,6.6
"U45042",31,"Other","Business Owner","iOS",4.8,7.2,3,7.7,8,36,5,7.4
"U45043",21,"Male","Business Owner","iOS",5.8,3.6,8,4.1,10,12,5,13.1
"U45044",29,"Other","Professional","iOS",2,7.7,2,7,5,45,4,5.9
"U45045",57,"Male","Professional","Android",7.6,6.6,6,5,9,24,2,2.7
"U45046",48,"Male","Professional","Android",11,3.8,1,4.7,1,19,5,10.4
"U45047",20,"Other","Student","Android",6.8,6.6,9,8.5,1,29,2,5.8
"U45048",52,"Other","Freelancer","iOS",8,5,7,7.7,3,36,4,4.6
"U45049",22,"Female","Freelancer","iOS",8.5,2.4,10,4.7,3,20,0,11.4
"U45050",32,"Male","Student","Android",2.6,2.8,7,8.7,10,16,4,5.9
"U45051",49,"Male","Professional","Android",8.9,3.6,2,8.9,1,17,4,8.7
"U45052",27,"Male","Professional","iOS",2.1,3.9,9,8.5,4,48,0,7.1
"U45053",29,"Male","Freelancer","iOS",5.9,7.7,4,4.4,9,37,4,9.4
"U45054",55,"Male","Freelancer","iOS",8.6,2.2,7,7.6,8,35,6,7
"U45055",53,"Female","Professional","Android",5.3,6,2,9,8,7,1,6.9
"U45056",27,"Other","Business Owner","Android",8.4,2.1,1,6,3,52,4,13.5
"U45057",25,"Male","Professional","Android",10.4,5.9,9,6.5,3,27,1,13
"U45058",19,"Female","Student","iOS",4.8,7.3,7,4.9,6,7,3,5.2
"U45059",57,"Female","Student","Android",9,0.6,1,6.4,6,32,0,6.7
"U45060",30,"Other","Professional","Android",1.1,0.7,1,8.6,6,20,5,13.5
"U45061",41,"Other","Professional","Android",5.4,2.9,3,5.2,3,57,5,11.8
"U45062",58,"Female","Freelancer","Android",1.8,3.2,6,7.4,2,60,3,9.7
"U45063",27,"Other","Student","iOS",2.7,3,9,5.8,10,16,6,2.9
"U45064",37,"Male","Professional","iOS",3.7,3.7,5,4.6,6,46,0,3.8
"U45065",60,"Female","Student","Android",3,6.2,5,5.2,5,40,4,6.2
"U45066",30,"Female","Business Owner","Android",11.9,3.2,5,8.8,3,41,5,2.7
"U45067",56,"Other","Freelancer","iOS",8.1,1.5,7,4.4,1,41,6,8.4
"U45068",27,"Female","Student","Android",6.9,5.1,6,6.3,8,43,5,5.2
"U45069",28,"Female","Freelancer","iOS",7.4,3.8,10,5.7,4,51,4,10.9
"U45070",56,"Other","Student","Android",11.7,2.7,3,5.7,9,30,1,10.8
"U45071",58,"Female","Business Owner","iOS",1.6,6.1,9,6.9,5,7,1,10.7
"U45072",41,"Male","Professional","iOS",8.3,7.8,7,4.8,7,51,0,10.1
"U45073",20,"Male","Student","iOS",4.6,6.3,6,4.6,4,29,2,3.3
"U45074",23,"Male","Student","iOS",4.7,4.4,3,6.9,9,28,2,13.1
"U45075",60,"Male","Business Owner","iOS",5,1.9,1,7.1,4,9,5,2.4
"U45076",37,"Other","Professional","Android",5.6,0.8,7,7.9,5,50,1,13
"U45077",54,"Female","Student","Android",10.7,7.2,9,6.8,8,44,0,12
"U45078",43,"Male","Freelancer","Android",10.5,4.4,6,4.6,6,32,1,5.2
"U45079",26,"Male","Business Owner","iOS",7.2,1.2,6,7.7,9,22,1,11.4
"U45080",53,"Other","Student","Android",9.7,6.6,5,5.7,7,34,0,7.2
"U45081",34,"Female","Freelancer","iOS",11.9,4.8,3,4.1,5,26,6,5.5
"U45082",19,"Other","Professional","iOS",10.5,2.8,6,6,6,22,1,5.4
"U45083",47,"Male","Business Owner","iOS",11.3,5.4,1,7.7,7,15,1,8.5
"U45084",45,"Other","Business Owner","iOS",10.9,1.3,5,8.8,4,25,6,8.1
"U45085",59,"Other","Student","Android",11,7,4,4.3,10,45,4,8.3
"U45086",60,"Other","Student","iOS",5.8,4.9,7,6.6,5,12,1,8.3
"U45087",55,"Other","Student","Android",6.6,4.6,1,8.2,2,55,4,8.9
"U45088",39,"Other","Student","Android",10.7,2.9,2,7.6,2,23,5,2.2
"U45089",30,"Other","Professional","Android",10.8,7.9,5,5.6,2,44,6,9.6
"U45090",56,"Female","Professional","iOS",6.7,5.4,2,7.1,10,9,1,5.2
"U45091",21,"Male","Business Owner","Android",2.2,5,7,6.8,3,49,2,9.8
"U45092",52,"Male","Professional","iOS",6.3,4.2,2,4.3,2,13,6,6
"U45093",47,"Other","Freelancer","iOS",3.4,4.7,3,5.3,4,27,1,7.2
"U45094",52,"Female","Business Owner","Android",2.3,4.4,3,4.6,5,23,5,6.2
"U45095",31,"Other","Student","iOS",11.5,6.8,7,4.9,6,40,5,7.6
"U45096",60,"Female","Professional","Android",11.9,1.2,1,8.6,4,24,6,5.1
"U45097",60,"Male","Student","iOS",4.9,3.8,1,4.9,5,41,4,5
"U45098",36,"Male","Student","Android",7.8,4,1,4.9,4,5,3,12.7
"U45099",49,"Other","Professional","iOS",4.6,2.4,7,6.3,2,24,1,5.3
"U45100",43,"Male","Student","iOS",9.5,6.2,5,8.3,5,58,4,5.9
"U45101",47,"Female","Professional","iOS",6.3,6.7,8,8.3,3,41,0,6.8
"U45102",57,"Other","Freelancer","iOS",4.2,1.8,1,4.1,3,26,2,13.7
"U45103",19,"Other","Business Owner","iOS",5.1,0.7,7,8.1,3,45,3,5.3
"U45104",21,"Other","Professional","Android",6,2.5,6,8.6,4,11,4,6.4
"U45105",46,"Male","Freelancer","iOS",8.2,2.5,6,8.2,9,21,2,6.8
"U45106",50,"Female","Business Owner","Android",11.5,7.7,5,4.3,9,51,5,3.4
"U45107",27,"Other","Professional","iOS",3.3,2.5,4,8.7,9,34,1,10.8
"U45108",37,"Male","Business Owner","Android",12,5.3,7,8.7,2,8,6,4.5
"U45109",37,"Male","Professional","Android",8,6.6,6,4.9,1,52,3,8.1
"U45110",43,"Female","Professional","Android",5.7,5.4,9,8,1,12,3,11
"U45111",45,"Other","Business Owner","iOS",10.2,2,6,5.9,6,58,3,2.8
"U45112",43,"Female","Student","iOS",9.4,6,2,5.5,10,14,1,4.7
"U45113",42,"Male","Student","Android",8.9,5.7,7,5,10,50,1,11.4
"U45114",56,"Other","Business Owner","iOS",2.6,0.6,5,7.6,10,40,5,10.1
"U45115",37,"Other","Student","iOS",8.8,3.1,8,4.6,10,25,3,13
"U45116",53,"Female","Student","iOS",8.4,2,10,8.3,7,30,5,9.4
"U45117",32,"Male","Business Owner","iOS",4.2,6.6,2,8.6,2,39,6,11.3
"U45118",45,"Male","Professional","iOS",8.7,1.1,1,6.8,7,26,1,12.6
"U45119",18,"Female","Student","iOS",6.1,1.8,1,7.8,8,31,3,9.1
"U45120",54,"Other","Student","iOS",8.5,4.5,9,7.7,1,27,2,12.3
"U45121",58,"Female","Student","iOS",10.3,6.3,1,7.1,4,7,6,3.6
"U45122",37,"Female","Freelancer","Android",3.6,6.7,3,8.9,2,22,2,2.3
"U45123",31,"Male","Business Owner","Android",9.9,5.1,4,5.6,4,60,3,10
"U45124",51,"Female","Business Owner","Android",3.7,6.5,4,4.5,5,29,4,12.6
"U45125",44,"Female","Freelancer","Android",4.2,8,1,6.6,7,5,1,6.5
"U45126",50,"Female","Professional","iOS",4.1,5.4,4,9,5,6,1,7.3
"U45127",28,"Female","Student","Android",1.3,2.9,2,6.1,4,15,3,7.2
"U45128",40,"Male","Freelancer","iOS",4.5,1.2,10,6.5,1,9,0,4.9
"U45129",19,"Female","Freelancer","Android",10.2,7.6,1,5.7,9,57,0,9.5
"U45130",51,"Other","Student","Android",9.7,7.2,9,4.3,1,51,3,4.3
"U45131",38,"Female","Student","iOS",8.6,0.7,1,6.8,6,8,6,11.2
"U45132",39,"Other","Freelancer","iOS",10.3,5.2,5,8.8,8,52,1,2.2
"U45133",55,"Female","Business Owner","iOS",7.4,6.5,5,4.5,3,10,1,6.8
"U45134",29,"Male","Professional","iOS",6.5,2.2,3,7.6,2,36,3,13.9
"U45135",39,"Male","Business Owner","iOS",7.3,2,8,7.7,7,55,2,2.6
"U45136",58,"Female","Freelancer","Android",2.1,1,4,7.3,7,15,4,8.6
"U45137",45,"Other","Student","Android",2.3,3.4,10,5,9,8,6,9.9
"U45138",28,"Female","Student","Android",7.9,4.1,8,4,8,40,2,8.7
"U45139",54,"Male","Student","Android",2.1,7.2,10,4.5,9,29,4,3.6
"U45140",48,"Female","Business Owner","Android",10.7,4.2,7,5.5,8,35,3,9
"U45141",29,"Male","Business Owner","iOS",1.3,6.8,5,6.5,3,59,0,6.6
"U45142",42,"Female","Business Owner","iOS",3.9,2,1,5.3,8,20,3,13
"U45143",42,"Female","Student","iOS",7.3,4,6,4.7,2,22,6,7.3
"U45144",54,"Other","Freelancer","Android",8.8,4.5,4,6.9,10,28,2,13.7
"U45145",27,"Other","Student","Android",4.5,0.6,1,5,7,57,5,11.5
"U45146",31,"Female","Professional","iOS",5,3.6,1,7,10,51,5,7.7
"U45147",27,"Female","Business Owner","Android",3.7,3.2,4,7.3,6,33,3,3.2
"U45148",38,"Other","Freelancer","Android",4.3,3,7,5.4,9,59,0,4.6
"U45149",46,"Other","Student","iOS",1.7,3.9,10,7.2,1,14,3,6
"U45150",28,"Male","Business Owner","Android",8.7,7.4,8,8.4,8,18,3,10.5
"U45151",49,"Female","Professional","iOS",12,3.5,1,8.4,8,51,2,11.5
"U45152",33,"Male","Freelancer","iOS",7.1,2.5,6,7.7,1,40,1,11.6
"U45153",58,"Female","Business Owner","Android",3.3,1.5,10,4.8,7,52,4,10.8
"U45154",37,"Other","Student","iOS",6.2,3,1,4,1,27,1,2.8
"U45155",44,"Other","Professional","iOS",4.4,7.3,7,4.7,5,7,3,4.7
"U45156",52,"Female","Business Owner","Android",11.4,6,5,5.6,4,13,4,13
"U45157",56,"Female","Business Owner","iOS",5.7,0.6,3,8.7,10,41,5,2.6
"U45158",28,"Female","Student","iOS",9.5,6.6,6,8,4,18,6,12.6
"U45159",48,"Male","Student","Android",9.8,3.8,7,7.1,4,15,6,9.3
"U45160",21,"Female","Professional","Android",9.6,3.5,6,7.9,8,53,4,9.9
"U45161",35,"Male","Student","Android",5.7,5.5,8,7.6,8,59,5,8.8
"U45162",47,"Female","Freelancer","iOS",4.3,2.7,2,7.6,3,10,3,3.7
"U45163",29,"Male","Freelancer","iOS",10.6,2,7,4.2,5,37,3,8.5
"U45164",30,"Female","Business Owner","iOS",3.5,1,4,8.3,1,26,6,4.8
"U45165",33,"Male","Business Owner","iOS",5.6,3.2,7,7.2,9,27,4,9.9
"U45166",34,"Female","Freelancer","Android",3.7,7,10,8.5,8,59,3,9.8
"U45167",58,"Other","Business Owner","iOS",7.7,1.5,5,7.5,3,8,1,11.5
"U45168",34,"Other","Business Owner","iOS",5,2.5,2,4.8,4,32,6,2
"U45169",45,"Female","Student","Android",8.4,3.2,2,7.8,2,23,2,5.1
"U45170",44,"Female","Student","iOS",1.3,7.3,7,7.8,2,47,4,13
"U45171",43,"Female","Freelancer","iOS",5.3,7.2,1,6.6,4,34,1,13.7
"U45172",24,"Other","Professional","Android",4.1,7.5,7,5.1,10,60,2,4.2
"U45173",20,"Other","Professional","iOS",4.7,6.6,7,7.2,1,42,5,5.5
"U45174",40,"Male","Freelancer","iOS",8.6,1.3,2,5.4,1,38,2,3.9
"U45175",24,"Female","Professional","Android",10.6,3.5,4,7.2,10,30,4,12.3
"U45176",37,"Other","Business Owner","iOS",6.9,1.6,10,4.3,4,47,6,4.2
"U45177",56,"Other","Professional","iOS",7.3,4.8,8,8.5,8,36,6,3.4
"U45178",42,"Female","Student","Android",3.8,7.9,3,5.9,10,60,3,13.5
"U45179",23,"Female","Freelancer","iOS",7.4,7.7,7,5,6,8,5,11.2
"U45180",52,"Male","Professional","iOS",5.1,7.2,4,8.5,9,53,3,6.1
"U45181",21,"Other","Professional","iOS",11.8,3.9,2,4.7,9,20,3,9.9
"U45182",42,"Other","Student","iOS",3.6,1.3,8,6,2,41,2,2.8
"U45183",50,"Male","Business Owner","Android",8,2.4,7,6.8,9,7,5,7.2
"U45184",43,"Other","Professional","iOS",2.8,7,9,7.7,4,46,6,4
"U45185",28,"Male","Student","Android",8.6,1.3,3,8.9,5,42,4,13.6
"U45186",50,"Female","Freelancer","iOS",2.3,5.2,2,5.1,4,26,2,9.1
"U45187",53,"Male","Freelancer","iOS",1.2,3.7,1,4.1,8,44,4,6.8
"U45188",42,"Male","Business Owner","iOS",11.1,3.1,8,7.4,7,49,5,3.9
"U45189",51,"Other","Business Owner","iOS",7,5,2,5.5,1,47,5,13.3
"U45190",51,"Other","Professional","iOS",11,3.6,3,8.3,8,20,5,6.3
"U45191",48,"Female","Student","Android",5.9,6.3,2,4.3,2,11,0,7.2
"U45192",57,"Other","Professional","iOS",5.7,5.8,1,4.4,9,21,2,3
"U45193",28,"Male","Professional","Android",8.5,2.7,7,6.1,2,53,4,8
"U45194",35,"Male","Professional","iOS",8.3,1.1,2,9,4,55,5,8
"U45195",34,"Other","Professional","Android",6.3,2.8,9,7,3,24,6,9.6
"U45196",56,"Female","Business Owner","iOS",11.6,4.3,3,8.6,6,57,4,2.1
"U45197",34,"Male","Professional","Android",5.7,3.6,10,8.4,7,13,0,5.7
"U45198",19,"Male","Student","Android",10,4.5,5,4.2,10,23,3,9.1
"U45199",33,"Male","Business Owner","Android",1.5,1.7,7,7.1,8,52,2,8.3
"U45200",59,"Female","Freelancer","iOS",10.8,3.2,8,7.5,4,34,6,4.9
"U45201",57,"Female","Business Owner","iOS",5.3,2.9,1,7,2,50,6,12.8
"U45202",41,"Other","Professional","iOS",10.1,1.2,1,5.9,2,6,4,9.8
"U45203",23,"Male","Professional","Android",8.9,4.2,8,5,8,43,5,3.4
"U45204",51,"Male","Professional","iOS",10,1.9,6,6.2,3,7,4,12.5
"U45205",45,"Male","Professional","iOS",8,3,5,7.7,6,46,1,13.7
"U45206",57,"Male","Freelancer","iOS",11.8,2.7,5,8.1,4,9,0,2.8
"U45207",38,"Female","Student","iOS",3.5,5.7,9,5,6,35,5,2.1
"U45208",44,"Other","Student","iOS",2.3,5.6,9,5.7,8,36,0,7.8
"U45209",23,"Other","Freelancer","Android",2.5,4.8,8,7.8,7,58,1,12.1
"U45210",32,"Female","Business Owner","iOS",6.3,7.2,3,6,8,12,1,2.9
"U45211",60,"Other","Professional","Android",11,7.9,7,4.6,8,29,6,9
"U45212",37,"Other","Freelancer","iOS",6.4,4,6,4.5,8,55,4,9.9
"U45213",35,"Other","Freelancer","Android",5.5,6.8,2,6.9,10,18,5,11.7
"U45214",21,"Other","Business Owner","iOS",7,1.6,10,7.3,7,25,4,7.4
"U45215",53,"Male","Freelancer","iOS",7.8,5.1,9,7.4,9,18,0,10
"U45216",52,"Male","Business Owner","iOS",2.5,3.2,9,4.5,1,38,1,13.9
"U45217",32,"Other","Business Owner","iOS",5.5,7,7,7.6,8,23,0,8.2
"U45218",59,"Other","Student","iOS",8.1,6.4,7,4.6,4,43,2,3.2
"U45219",33,"Male","Freelancer","iOS",11.7,7.4,7,4,5,35,3,5.1
"U45220",24,"Female","Student","Android",11.2,5.9,9,4.5,3,46,2,9.2
"U45221",52,"Other","Professional","iOS",2.1,5.7,10,4.5,1,17,4,2.7
"U45222",33,"Female","Student","Android",7.8,2.6,6,6.4,6,40,6,4.2
"U45223",52,"Other","Freelancer","iOS",7.2,6.3,5,5.1,10,53,2,4
"U45224",19,"Other","Business Owner","iOS",9.4,5.7,1,6.3,3,45,2,9.7
"U45225",25,"Other","Professional","iOS",4,6.1,6,4.5,2,10,0,4.6
"U45226",43,"Female","Professional","Android",7.5,6.5,3,5.8,7,5,6,12.6
"U45227",55,"Female","Freelancer","Android",10.1,1.1,7,6.1,9,45,5,10.8
"U45228",30,"Other","Freelancer","iOS",5,4.9,9,5.9,1,25,0,10.7
"U45229",35,"Female","Professional","iOS",10.6,2,7,6.2,5,5,1,5.3
"U45230",48,"Female","Business Owner","iOS",10,5.8,1,8.5,6,56,5,9
"U45231",44,"Male","Freelancer","iOS",8.8,0.5,3,5.5,6,51,4,12.9
"U45232",55,"Other","Student","iOS",1.5,3.3,7,8.8,10,50,5,3
"U45233",22,"Male","Freelancer","Android",2.9,7.4,5,5.6,8,49,0,13.7
"U45234",26,"Male","Business Owner","iOS",10,4.3,4,4.5,3,48,3,3.7
"U45235",59,"Female","Business Owner","Android",7.8,7.8,5,8.5,8,9,0,10.9
"U45236",31,"Other","Business Owner","iOS",11.2,7.1,6,6.7,3,35,0,11.7
"U45237",49,"Male","Business Owner","Android",3.7,2.1,3,8.1,5,50,2,12
"U45238",49,"Male","Business Owner","Android",4.8,1.7,3,8.4,1,10,4,9.6
"U45239",56,"Other","Freelancer","iOS",9.8,0.8,6,6,4,44,2,12.3
"U45240",33,"Female","Freelancer","Android",6,1,5,7.7,4,14,0,3.6
"U45241",58,"Male","Student","iOS",6.6,4.2,9,4.9,5,28,2,11.7
"U45242",57,"Female","Business Owner","Android",9.6,6.5,4,5.7,7,13,4,5.2
"U45243",53,"Other","Professional","iOS",11.3,5.4,5,4.1,9,10,2,5.8
"U45244",18,"Male","Freelancer","Android",3.5,4,10,7.8,4,14,2,3.6
"U45245",23,"Male","Business Owner","iOS",8.9,4.8,6,6.7,5,52,4,5.2
"U45246",28,"Other","Student","Android",5,1.7,2,5.2,1,10,4,11.4
"U45247",28,"Male","Freelancer","iOS",5.2,2,4,7.5,8,28,6,12.6
"U45248",19,"Other","Business Owner","Android",2,4.7,4,6.7,5,38,4,13.2
"U45249",22,"Male","Freelancer","iOS",4.2,3.7,1,5.8,8,5,1,11.6
"U45250",42,"Female","Business Owner","iOS",10.6,5.5,7,7.5,9,42,6,13.8
"U45251",31,"Other","Student","iOS",7.6,6.1,8,6.4,4,30,4,3.2
"U45252",24,"Male","Professional","Android",8.1,1.1,8,4.4,8,6,2,8.5
"U45253",50,"Other","Freelancer","Android",6.3,4.8,5,4.5,8,50,4,3.9
"U45254",41,"Other","Professional","iOS",8.4,3,4,6.6,9,31,2,9.5
"U45255",29,"Female","Freelancer","iOS",5.9,0.9,6,4.2,8,32,5,12.7
"U45256",19,"Male","Freelancer","Android",6.5,3.6,1,6.1,6,15,3,10.9
"U45257",18,"Other","Freelancer","iOS",9.4,0.5,4,7.5,9,32,3,12.9
"U45258",58,"Male","Professional","iOS",9,7.6,3,7.8,4,50,5,11.3
"U45259",27,"Other","Student","Android",2.7,4.5,8,6.9,3,29,5,6.4
"U45260",33,"Female","Student","Android",10.7,4.1,10,7.1,6,12,3,13.8
"U45261",55,"Female","Freelancer","iOS",5.3,5.2,1,6.8,5,13,6,10.6
"U45262",24,"Female","Professional","iOS",7.8,7.8,2,4.1,9,54,5,10.6
"U45263",41,"Other","Freelancer","iOS",6.2,7,7,4.1,10,45,4,13.5
"U45264",27,"Male","Business Owner","iOS",5.4,6.8,3,5,7,9,3,6.9
"U45265",31,"Male","Student","iOS",11.8,4.4,7,5.4,3,8,5,12.5
"U45266",22,"Other","Professional","iOS",9.7,2.5,3,7.4,9,29,5,10.3
"U45267",30,"Other","Student","Android",3,2.7,1,5.9,1,56,2,4.4
"U45268",33,"Female","Student","Android",9.1,7.9,10,6.9,7,60,1,10.6
"U45269",43,"Female","Business Owner","iOS",9.3,5.9,7,6.9,7,23,4,4.3
"U45270",58,"Female","Professional","iOS",6.6,1.3,6,8.4,6,47,1,10.1
"U45271",31,"Female","Professional","Android",4,4,7,4.7,1,9,4,4.8
"U45272",22,"Other","Student","Android",2.5,3,7,5.2,3,12,6,9
"U45273",36,"Female","Business Owner","iOS",3.9,1.3,8,4.5,3,53,3,9.8
"U45274",18,"Female","Freelancer","iOS",10.3,1.8,10,4.5,8,10,2,9.1
"U45275",55,"Other","Freelancer","Android",6,5.1,3,4.3,9,35,0,7.9
"U45276",53,"Female","Freelancer","Android",4.6,4.6,9,4.2,1,10,6,6.7
"U45277",29,"Other","Freelancer","iOS",8,7,3,5.8,7,47,6,9.4
"U45278",23,"Female","Professional","iOS",11.5,2.5,4,6.2,6,12,4,8
"U45279",28,"Other","Student","iOS",11.4,3.4,7,6.8,5,15,1,8.3
"U45280",49,"Other","Freelancer","iOS",4.8,5.6,2,5.3,2,25,2,10.6
"U45281",20,"Female","Professional","iOS",4.7,5.1,10,7.8,2,39,6,13
"U45282",29,"Male","Freelancer","Android",4.9,6.9,8,6.6,1,12,5,4.7
"U45283",33,"Female","Freelancer","Android",6.6,1.1,5,7.6,10,32,4,5.7
"U45284",25,"Other","Professional","iOS",1.7,6.2,7,8.4,4,59,2,7.9
"U45285",53,"Female","Freelancer","iOS",5.5,7.2,6,4.3,6,37,6,11.5
"U45286",56,"Other","Freelancer","iOS",10.8,3.1,10,8.5,10,13,0,3.7
"U45287",45,"Other","Professional","iOS",10.1,3.7,9,8.9,3,9,6,2.3
"U45288",48,"Other","Freelancer","Android",1.7,5,3,4.1,5,59,4,7.7
"U45289",29,"Female","Business Owner","iOS",8.7,3.1,6,4.6,9,33,5,3.1
"U45290",20,"Female","Professional","iOS",9.9,3.6,5,4.5,2,58,0,6.6
"U45291",25,"Other","Student","Android",7,2.7,5,5.7,10,31,1,3.4
"U45292",29,"Other","Freelancer","iOS",2.8,7.8,8,8.5,3,17,0,8.6
"U45293",57,"Female","Freelancer","Android",8.5,1.1,10,5.9,10,28,0,9.7
"U45294",40,"Male","Business Owner","iOS",9.6,5.8,6,6.1,8,6,4,5.4
"U45295",56,"Male","Student","iOS",10.4,4.6,8,5.1,4,47,3,11.5
"U45296",19,"Other","Student","iOS",6.4,4.5,2,4.8,8,38,5,10.8
"U45297",33,"Other","Professional","Android",2.8,2.6,9,6.6,5,48,4,8.7
"U45298",24,"Female","Business Owner","Android",4.6,6.8,6,8.9,1,18,2,4.6
"U45299",60,"Other","Business Owner","iOS",3,6.4,7,7.1,10,39,0,10.1
"U45300",47,"Male","Business Owner","iOS",2.5,3.4,10,9,10,38,4,13.2
"U45301",49,"Female","Professional","Android",2.9,2.4,1,6.3,10,46,2,7.2
"U45302",58,"Other","Freelancer","iOS",2.5,1.7,3,8.6,6,25,6,12.8
"U45303",38,"Other","Business Owner","Android",11.3,3.9,4,7.6,7,54,0,13.1
"U45304",43,"Male","Business Owner","iOS",5.5,1.9,3,7.3,6,48,5,6.9
"U45305",54,"Other","Student","iOS",8.9,4.9,4,8.4,7,27,6,10
"U45306",18,"Other","Freelancer","Android",2.2,2.3,7,4.3,9,38,6,3.4
"U45307",18,"Female","Student","iOS",11.2,5.6,8,4.1,10,19,4,4.6
"U45308",18,"Male","Freelancer","iOS",11.7,2.5,7,5.3,9,10,6,5.4
"U45309",24,"Female","Professional","iOS",7.4,4.5,8,8.9,3,29,5,5.6
"U45310",59,"Male","Freelancer","Android",9.9,1.1,6,7.4,3,5,5,7.1
"U45311",55,"Male","Freelancer","iOS",7.6,5.1,5,5.6,3,53,5,10
"U45312",58,"Female","Freelancer","Android",6.9,5,2,7.2,3,5,4,10.7
"U45313",23,"Other","Business Owner","Android",9,0.5,9,8.8,9,31,2,3.8
"U45314",47,"Other","Professional","iOS",7.5,1.3,9,6.8,1,56,6,11.1
"U45315",42,"Female","Professional","Android",8.9,3,3,5.3,4,22,5,4.1
"U45316",39,"Female","Business Owner","Android",4.2,7.4,10,5.7,5,46,0,12.1
"U45317",31,"Female","Professional","iOS",8.9,1.4,7,6.6,2,40,4,12
"U45318",29,"Male","Student","Android",2.2,2,10,8.4,9,10,6,12.2
"U45319",36,"Other","Business Owner","Android",5.1,5,8,4.4,2,43,0,12.5
"U45320",37,"Female","Freelancer","iOS",2,1.4,7,7.2,5,10,4,9.2
"U45321",51,"Female","Freelancer","iOS",4.4,8,3,5.7,6,21,6,8.2
"U45322",33,"Other","Student","iOS",2.4,7.5,3,4.1,8,8,0,9.6
"U45323",34,"Male","Professional","Android",7.4,1.5,10,6.7,8,25,2,13.5
"U45324",31,"Male","Professional","Android",10.3,1.8,5,7,7,60,2,10.9
"U45325",50,"Female","Freelancer","iOS",2.6,2.9,4,7.8,5,41,2,9.8
"U45326",48,"Other","Freelancer","iOS",9.7,7.1,2,8.6,4,54,3,10.4
"U45327",25,"Other","Freelancer","Android",1.7,1.4,9,7.3,6,59,0,4.2
"U45328",41,"Male","Business Owner","iOS",3,2.6,4,6.3,4,12,1,13.9
"U45329",22,"Male","Student","iOS",5,4.7,2,8.6,2,12,0,3.6
"U45330",38,"Female","Business Owner","iOS",4.3,5.8,1,7,10,36,1,13.3
"U45331",36,"Male","Professional","Android",10.2,6.6,3,4.8,10,45,1,9.7
"U45332",49,"Female","Freelancer","Android",8.4,1.4,2,7.4,5,49,6,2.4
"U45333",37,"Other","Business Owner","iOS",11.5,0.5,7,8.3,4,14,1,9.9
"U45334",45,"Other","Professional","Android",3.7,7.8,4,4,8,39,0,10.5
"U45335",57,"Other","Student","Android",5.6,2.8,6,6.9,2,20,1,11.4
"U45336",25,"Male","Professional","Android",4.2,3.5,5,4.8,4,34,3,5.4
"U45337",25,"Female","Student","Android",10,4.5,1,7.8,10,5,6,2.4
"U45338",47,"Female","Student","Android",6.5,2.8,5,5.8,6,7,0,3.9
"U45339",58,"Male","Freelancer","iOS",11.7,2.3,10,5.6,9,60,0,8.6
"U45340",21,"Female","Professional","Android",3.6,2.4,1,9,10,53,6,3.3
"U45341",53,"Other","Student","iOS",1.6,4.5,3,6.9,2,34,0,8.1
"U45342",46,"Female","Business Owner","iOS",5.9,6.6,10,4.5,6,24,6,9.6
"U45343",18,"Male","Professional","iOS",3.1,7.3,7,5.8,7,38,2,8.7
"U45344",26,"Male","Student","Android",9.6,3.6,8,4.9,3,37,4,10.4
"U45345",48,"Other","Freelancer","iOS",9.4,4.8,9,5.8,5,30,1,8.6
"U45346",27,"Other","Professional","iOS",2.3,2.6,7,8,9,40,5,5
"U45347",52,"Male","Business Owner","iOS",9.2,6.9,9,7,6,56,4,3.4
"U45348",29,"Other","Freelancer","Android",8.5,4.7,2,7.8,10,45,0,13.7
"U45349",20,"Other","Student","iOS",11.4,1.1,7,4.2,4,49,6,12.1
"U45350",34,"Male","Professional","Android",3.3,7.3,2,8.1,8,41,3,5.1
"U45351",21,"Other","Freelancer","iOS",5.7,5.6,8,8.1,8,17,1,5.3
"U45352",20,"Male","Student","iOS",3.4,3.7,1,5.9,7,24,4,11.6
"U45353",57,"Female","Freelancer","Android",1.1,3.4,2,8.8,2,22,5,11.1
"U45354",33,"Female","Business Owner","iOS",7.8,1.1,5,8.9,9,57,3,11.4
"U45355",60,"Other","Professional","iOS",8.2,0.5,8,4,2,45,0,12
"U45356",51,"Other","Freelancer","iOS",3.5,7.1,9,4.3,7,34,6,4.1
"U45357",18,"Female","Professional","Android",3,4.2,7,7,9,5,2,10.2
"U45358",52,"Other","Business Owner","iOS",10.8,1.1,4,7.6,9,25,0,2.6
"U45359",30,"Other","Business Owner","Android",3.1,0.7,5,5.4,6,44,3,2.6
"U45360",36,"Female","Freelancer","Android",1.3,1.5,1,8,10,7,4,8.4
"U45361",58,"Male","Freelancer","iOS",6.3,5.5,3,6.6,5,30,2,2.2
"U45362",54,"Other","Student","iOS",1.8,2.4,4,8.6,6,40,3,12.7
"U45363",59,"Female","Business Owner","iOS",1.2,5.7,1,8,5,40,3,8.9
"U45364",25,"Male","Professional","Android",10.5,1.1,10,5.7,7,40,2,7.9
"U45365",29,"Other","Business Owner","iOS",7.4,6.1,8,8.7,9,52,6,9
"U45366",31,"Male","Freelancer","iOS",6.2,6.6,10,6.8,1,11,0,3.6
"U45367",28,"Male","Freelancer","iOS",2.2,2.1,2,4.2,7,18,1,3.1
"U45368",25,"Female","Business Owner","iOS",10.8,3,8,6.6,4,60,4,3.6
"U45369",42,"Female","Business Owner","Android",6.2,1.3,9,7.9,8,54,2,9.5
"U45370",60,"Other","Student","iOS",8.4,3,9,8.8,1,14,2,8.4
"U45371",18,"Other","Professional","iOS",5.8,5.6,8,6.5,7,28,4,2.1
"U45372",19,"Male","Professional","Android",3.6,4.9,1,6.3,2,47,1,9.1
"U45373",41,"Other","Student","Android",11.2,7.9,9,6.2,6,22,0,13.2
"U45374",56,"Male","Freelancer","iOS",8,1.9,1,7.5,4,6,6,8.9
"U45375",31,"Male","Freelancer","iOS",1.6,1.8,1,6.6,9,51,6,3.2
"U45376",29,"Other","Business Owner","iOS",11.4,5.7,3,6.9,10,15,0,10.2
"U45377",34,"Male","Business Owner","Android",8.2,5.6,9,7.4,10,17,1,4.3
"U45378",22,"Female","Freelancer","Android",11.3,6.6,10,8.7,6,25,4,6.2
"U45379",52,"Other","Professional","iOS",1.8,1.8,5,5.9,7,30,4,9.3
"U45380",32,"Other","Professional","Android",6.9,4.1,10,4.7,6,51,0,12.3
"U45381",26,"Male","Student","Android",5.9,1.6,6,6.6,8,13,0,8.7
"U45382",40,"Female","Student","Android",11.5,4.1,1,6.4,5,57,6,4.4
"U45383",29,"Male","Student","iOS",4.3,2.7,9,8.7,4,5,4,12.2
"U45384",46,"Male","Professional","iOS",8.7,5.8,3,5.7,8,7,1,9.1
"U45385",42,"Female","Professional","iOS",2.9,5,6,5.8,7,38,5,5.5
"U45386",28,"Other","Freelancer","iOS",7.4,4.1,5,6.4,7,8,0,6.8
"U45387",41,"Male","Professional","iOS",10.5,2.4,1,8.6,2,43,6,4.7
"U45388",27,"Female","Professional","iOS",8.4,6.6,3,7.6,8,53,0,11.3
"U45389",59,"Female","Student","Android",8.1,5.5,4,5.3,5,48,3,11.9
"U45390",20,"Female","Student","Android",1.6,4,5,6.6,4,39,4,3.1
"U45391",28,"Other","Professional","iOS",4.2,2.4,9,4.6,10,26,0,11.7
"U45392",23,"Other","Student","Android",4.1,2.1,5,7.6,4,29,0,5.8
"U45393",32,"Male","Professional","iOS",4.2,0.9,1,6.8,8,37,5,12.6
"U45394",25,"Female","Student","Android",4.9,5.5,10,6,6,8,5,4.5
"U45395",24,"Male","Freelancer","Android",2.7,6.5,7,4.5,5,42,0,8.8
"U45396",45,"Female","Professional","Android",8.2,2.5,9,4.4,7,45,2,7.8
"U45397",47,"Male","Business Owner","Android",8.3,7.3,2,6.7,1,55,1,13.5
"U45398",54,"Other","Freelancer","iOS",6.2,3.4,6,6.3,4,33,0,14
"U45399",40,"Male","Student","iOS",8.2,5.4,8,4.7,7,60,3,8.1
"U45400",36,"Female","Student","iOS",5,4.7,9,5.1,10,54,1,9.6
"U45401",28,"Male","Freelancer","iOS",11.5,3.6,9,5.9,4,43,3,8.5
"U45402",51,"Male","Freelancer","Android",11.1,2.4,10,8.1,8,6,4,6.8
"U45403",31,"Other","Student","Android",5.3,1.9,9,5.9,9,11,1,12.7
"U45404",28,"Other","Professional","iOS",1.7,5.6,8,5.6,8,53,1,9.9
"U45405",42,"Female","Student","iOS",6.8,5.9,3,5.5,7,17,5,3.9
"U45406",49,"Other","Student","iOS",5.1,6,9,7.8,4,45,3,10.8
"U45407",19,"Other","Student","Android",6.6,3.7,10,8.5,6,52,5,9
"U45408",24,"Other","Freelancer","Android",11.6,7.6,5,8.3,3,32,0,6.3
"U45409",23,"Male","Student","Android",11.6,7.2,4,5.3,10,11,6,2.6
"U45410",43,"Male","Business Owner","Android",4.4,1.3,7,5.1,6,18,1,11.1
"U45411",46,"Female","Business Owner","iOS",6.2,7.9,9,5.7,10,28,0,6.5
"U45412",50,"Male","Student","Android",8.6,3.8,5,4.8,8,8,6,6.6
"U45413",25,"Male","Freelancer","Android",7.3,6.2,2,4.6,3,32,2,12.3
"U45414",25,"Male","Freelancer","iOS",11.1,3.8,9,4.6,4,16,4,7.3
"U45415",45,"Female","Freelancer","iOS",2.9,7.4,5,4.2,6,31,0,6.3
"U45416",47,"Other","Student","Android",1.8,0.8,1,8.4,6,22,0,5.4
"U45417",52,"Male","Business Owner","Android",9,1.2,8,7.1,8,27,1,6.1
"U45418",44,"Female","Student","iOS",10.4,5.8,10,6.3,6,53,2,6.5
"U45419",26,"Other","Freelancer","iOS",6.9,0.8,7,6.3,3,11,0,4.5
"U45420",56,"Female","Business Owner","Android",11.9,5.7,9,6.9,3,16,3,3
"U45421",18,"Other","Professional","Android",11.2,6.7,10,5.6,8,34,4,9.1
"U45422",29,"Other","Business Owner","iOS",4.9,2.3,9,5.2,10,29,2,12.3
"U45423",38,"Male","Student","Android",11,2.8,6,8,4,5,1,4.3
"U45424",24,"Other","Professional","Android",9.3,1.6,9,6.2,8,14,6,6
"U45425",39,"Other","Professional","Android",9.7,3,1,8.4,3,49,5,10.3
"U45426",30,"Male","Student","Android",8.8,1.4,8,7.5,6,23,1,11.5
"U45427",50,"Female","Student","iOS",5.9,7.9,10,6.6,9,44,2,6
"U45428",43,"Other","Student","iOS",5.4,5.7,7,5.6,1,51,6,13.6
"U45429",34,"Female","Professional","iOS",4,2.7,8,4.3,8,44,2,8.4
"U45430",28,"Male","Business Owner","Android",7.8,7.9,9,7.3,5,46,0,13.7
"U45431",45,"Other","Professional","iOS",8.6,5.2,4,8.7,6,59,5,8.1
"U45432",46,"Male","Business Owner","Android",10.6,3.6,7,5.2,1,50,6,4.4
"U45433",32,"Female","Student","Android",10.1,2.5,5,7.8,10,50,3,13.5
"U45434",19,"Male","Student","Android",9.5,1.4,6,6.9,4,13,1,7.4
"U45435",28,"Female","Freelancer","Android",11,1.4,6,4.8,9,44,3,5.6
"U45436",28,"Male","Professional","Android",11,0.8,6,6.7,3,52,1,9.7
"U45437",20,"Female","Freelancer","iOS",7.7,1.4,8,5.8,5,30,3,9.7
"U45438",57,"Male","Student","Android",2.8,4.9,2,8.2,6,9,1,3.8
"U45439",54,"Female","Business Owner","iOS",11.9,2,2,5,1,5,4,10.9
"U45440",37,"Female","Business Owner","iOS",9.2,0.9,8,4.1,8,15,6,7.1
"U45441",23,"Other","Business Owner","Android",6.6,4.8,6,8.1,9,5,3,6.4
"U45442",48,"Other","Freelancer","Android",11.9,6,3,4.4,5,36,0,9
"U45443",39,"Other","Freelancer","Android",5.3,1.7,9,8.6,6,52,5,2.4
"U45444",31,"Male","Professional","iOS",4.5,6.5,7,7.9,7,34,2,3.5
"U45445",59,"Female","Business Owner","iOS",4.8,4,6,6.6,9,58,4,4.8
"U45446",19,"Other","Professional","iOS",4.9,3.6,5,7.8,10,54,4,3.2
"U45447",36,"Female","Professional","Android",1,3.1,3,5.9,7,31,1,4.8
"U45448",18,"Female","Professional","Android",2.8,5.4,1,8.6,6,26,3,10.2
"U45449",41,"Female","Professional","Android",6.1,7.2,2,7.1,5,15,4,10.9
"U45450",30,"Male","Business Owner","Android",7.1,6.9,10,7.2,9,27,0,3
"U45451",22,"Male","Student","Android",2.1,2.8,1,4.9,6,24,4,13.5
"U45452",56,"Female","Freelancer","iOS",1.8,2.6,10,4.2,3,9,5,11.7
"U45453",51,"Other","Business Owner","Android",8.7,5.2,7,8.1,9,16,0,6.8
"U45454",35,"Male","Business Owner","iOS",11.7,1.9,2,5.6,4,50,1,3.5
"U45455",22,"Female","Professional","Android",2.4,8,6,8.3,9,59,6,11.5
"U45456",21,"Other","Business Owner","iOS",11.7,6.8,5,8.8,6,10,4,5.7
"U45457",60,"Male","Business Owner","Android",9.7,2.5,3,4.8,5,24,3,9.5
"U45458",39,"Male","Student","Android",2.3,5.6,4,6.2,8,51,6,9.2
"U45459",19,"Male","Freelancer","iOS",8.4,5.7,7,5.5,2,6,6,12.1
"U45460",46,"Female","Student","Android",5.6,7.3,5,4.5,4,15,3,10.4
"U45461",38,"Male","Professional","Android",7.3,3.2,8,8.1,8,8,6,2.6
"U45462",38,"Male","Professional","Android",10.6,5.3,8,4.2,10,26,1,6.6
"U45463",18,"Male","Freelancer","iOS",7.8,2.3,9,6.3,7,52,0,8.1
"U45464",51,"Female","Business Owner","Android",9.8,5,10,7.5,2,47,0,3.5
"U45465",34,"Male","Business Owner","Android",1.8,4.8,9,8.9,6,46,4,5.2
"U45466",50,"Female","Professional","iOS",6.4,3.3,10,7.6,3,58,3,10
"U45467",38,"Other","Professional","iOS",1.6,5.2,6,4.4,2,46,2,5.3
"U45468",28,"Female","Professional","iOS",10.2,5.2,6,4.2,4,53,2,12.2
"U45469",53,"Other","Freelancer","iOS",4.2,1.6,5,4.5,3,7,6,13.7
"U45470",36,"Other","Student","iOS",9.7,7.6,4,4.5,7,14,2,11.7
"U45471",44,"Male","Business Owner","Android",1.7,5.6,1,5.4,8,31,1,12.9
"U45472",49,"Other","Freelancer","iOS",10.4,7.5,2,6.7,7,20,3,9.5
"U45473",46,"Other","Professional","iOS",1.1,4.8,9,8.9,1,47,6,11.6
"U45474",21,"Male","Student","iOS",1.4,2.9,4,4.1,7,39,3,4.8
"U45475",32,"Other","Freelancer","Android",8.6,1.4,8,8.3,8,45,1,9.3
"U45476",49,"Male","Professional","iOS",11.6,2.7,2,4.1,6,36,5,10.4
"U45477",50,"Female","Student","iOS",9.8,5.1,4,6.8,9,17,6,2.7
"U45478",34,"Male","Business Owner","Android",5.5,1.5,7,7.4,3,13,3,7
"U45479",45,"Male","Business Owner","iOS",6.4,5.1,5,5.1,8,11,5,7.2
"U45480",46,"Female","Professional","Android",5.3,7.1,7,7.7,1,56,1,7.6
"U45481",57,"Male","Freelancer","Android",8.5,2.5,4,7.9,1,15,4,10.7
"U45482",49,"Female","Professional","iOS",11.2,0.7,4,5.6,8,6,2,7.3
"U45483",21,"Female","Professional","Android",1.9,7.9,7,5.9,8,52,0,3.5
"U45484",18,"Other","Professional","iOS",3.8,5.4,10,8.2,7,27,2,3.1
"U45485",53,"Female","Student","iOS",2,7.4,10,6.7,5,58,5,8.5
"U45486",59,"Male","Business Owner","Android",10.5,7.6,9,6.7,10,34,6,6.2
"U45487",32,"Other","Student","Android",6.9,7.5,7,5,9,53,5,3.7
"U45488",19,"Male","Professional","iOS",11.9,3.5,9,7.5,6,54,2,4.2
"U45489",59,"Male","Freelancer","Android",10.6,6.1,8,6.9,9,22,4,12.6
"U45490",46,"Male","Freelancer","iOS",11.9,1.4,3,7.3,4,32,6,9.7
"U45491",43,"Female","Business Owner","iOS",10.2,2.5,10,4,6,56,5,9.7
"U45492",35,"Male","Student","Android",4.5,4.2,2,4.6,3,8,4,3.5
"U45493",60,"Female","Professional","iOS",9.5,5.1,2,6.5,1,42,4,2
"U45494",36,"Male","Student","iOS",3,2.2,8,4.6,3,38,3,2.7
"U45495",20,"Male","Student","iOS",10.7,7.6,7,6.8,6,21,3,3.7
"U45496",39,"Other","Business Owner","Android",2.9,3.4,8,5.6,8,58,1,11.5
"U45497",50,"Other","Professional","iOS",8.1,5.1,4,6.6,1,45,6,5.4
"U45498",32,"Other","Freelancer","iOS",5.8,3.7,4,7.5,5,24,3,3.8
"U45499",38,"Female","Professional","Android",7.4,6.5,3,8.5,3,18,5,3.6
"U45500",38,"Male","Student","Android",3.6,7.1,7,8.9,6,56,6,4.4
"U45501",18,"Male","Professional","Android",10.5,3.7,6,5.6,1,59,1,12.6
"U45502",23,"Female","Professional","iOS",2.3,4.6,8,8.4,7,12,4,7.6
"U45503",49,"Male","Freelancer","iOS",10,1.5,6,6.7,10,9,6,5.8
"U45504",28,"Other","Student","iOS",4,4,6,4.2,7,10,1,12.7
"U45505",46,"Other","Business Owner","iOS",11.1,1.1,5,4.6,1,35,0,3.7
"U45506",28,"Female","Professional","Android",2.5,7.4,9,7.2,2,21,3,2.3
"U45507",47,"Male","Freelancer","Android",7.6,2,3,5.9,6,42,6,10.3
"U45508",59,"Male","Business Owner","iOS",6.1,5.2,5,4.9,10,7,1,2.5
"U45509",56,"Female","Professional","Android",10.6,3.1,7,6.8,5,47,1,12.7
"U45510",46,"Male","Student","Android",11,2.2,5,7.3,6,13,5,10.2
"U45511",33,"Male","Professional","iOS",10.1,6.7,3,5.8,4,13,2,6.7
"U45512",26,"Male","Business Owner","iOS",9.3,4.4,7,8.5,1,31,6,10.5
"U45513",53,"Other","Student","iOS",10.5,6.1,8,5.4,4,42,1,8
"U45514",29,"Other","Business Owner","Android",11.8,0.8,1,7.7,9,46,4,11
"U45515",54,"Female","Professional","iOS",10.6,1.5,10,6.4,5,32,6,6.7
"U45516",19,"Male","Professional","iOS",2.7,4.3,7,8,7,50,4,11
"U45517",25,"Female","Business Owner","Android",4.8,1.9,7,5.8,5,50,6,11.4
"U45518",53,"Other","Business Owner","iOS",9,7.7,6,7.6,1,29,6,12.5
"U45519",33,"Female","Freelancer","iOS",8.3,3.6,6,4.6,9,59,1,11.5
"U45520",26,"Other","Business Owner","Android",4.1,5.4,7,5.7,6,37,2,7.6
"U45521",18,"Male","Business Owner","Android",3.5,5.2,1,9,6,30,4,6.1
"U45522",41,"Female","Professional","iOS",7.5,6.3,3,5.7,2,53,3,9.3
"U45523",24,"Other","Professional","Android",9.1,5.1,2,4.5,9,48,2,4.7
"U45524",23,"Female","Freelancer","Android",5,1.9,9,7.7,3,44,4,3.9
"U45525",28,"Other","Student","Android",3.1,0.7,4,7.4,6,26,2,10.8
"U45526",22,"Male","Freelancer","Android",2.4,5,4,5.2,3,56,2,9.3
"U45527",30,"Female","Business Owner","iOS",1.8,7.7,6,4.9,6,54,0,8.4
"U45528",34,"Female","Business Owner","Android",5,1.3,8,7,3,8,4,10
"U45529",19,"Male","Freelancer","Android",2.7,6,9,8.5,7,24,0,8.5
"U45530",45,"Female","Business Owner","Android",8.4,2.4,9,8.3,5,57,2,6
"U45531",30,"Other","Business Owner","Android",2.2,3.4,5,8.3,9,46,0,2.5
"U45532",42,"Other","Freelancer","Android",2.2,4.5,8,6.9,8,54,6,12.6
"U45533",52,"Female","Business Owner","iOS",2.9,4.2,2,8.5,9,14,1,10
"U45534",19,"Female","Student","iOS",2,2.7,1,6.4,6,12,5,2.5
"U45535",22,"Other","Student","iOS",1.4,2.2,9,5.9,9,17,2,6.3
"U45536",57,"Female","Business Owner","Android",6.5,5.5,6,9,3,10,3,13.1
"U45537",56,"Other","Student","iOS",5,6.5,9,6,2,12,3,9.4
"U45538",20,"Other","Business Owner","Android",3.7,3.5,10,8.5,5,49,2,10.2
"U45539",41,"Female","Professional","iOS",2.2,3.6,9,7.9,6,50,1,6.8
"U45540",19,"Other","Student","Android",10.8,7.2,5,7.2,4,24,5,6.9
"U45541",29,"Male","Professional","Android",6.5,7.4,5,5.1,4,36,6,11.3
"U45542",37,"Female","Business Owner","iOS",10.9,7.4,3,5.7,2,51,6,8.5
"U45543",20,"Female","Student","iOS",2,5.1,6,4.9,3,46,0,11.5
"U45544",43,"Female","Freelancer","Android",10,3.4,9,8.9,3,34,2,4.7
"U45545",38,"Other","Business Owner","Android",7.3,3.5,4,6.4,6,40,1,10.1
"U45546",22,"Female","Student","Android",11.7,4.8,4,4.4,3,41,4,11.1
"U45547",22,"Male","Student","Android",11.6,4.5,9,4.7,4,38,0,13.9
"U45548",48,"Other","Student","iOS",8.6,7.7,9,8.8,4,32,4,10.3
"U45549",58,"Female","Professional","Android",11.9,6.7,5,8.6,4,39,4,12.4
"U45550",35,"Male","Student","iOS",3.2,6.5,9,5.3,10,57,6,7.7
"U45551",48,"Other","Business Owner","Android",10.1,1.6,3,8.4,8,45,6,8.6
"U45552",22,"Female","Freelancer","iOS",6.3,4.8,7,5.1,9,18,3,2.7
"U45553",23,"Male","Freelancer","iOS",1.4,0.9,3,6.1,10,35,5,3.3
"U45554",47,"Female","Business Owner","Android",4.5,7.5,1,6.4,8,19,2,6.7
"U45555",21,"Other","Freelancer","Android",6.9,4.2,5,6.5,9,43,6,4.5
"U45556",60,"Other","Freelancer","iOS",9.8,4.8,6,4.2,5,8,3,9.5
"U45557",43,"Other","Student","iOS",6.8,5.4,9,4.3,6,21,0,8.2
"U45558",35,"Female","Freelancer","Android",7.7,1.7,10,5.8,8,48,6,5
"U45559",52,"Female","Student","Android",8.1,7.4,9,6.4,2,10,6,3.3
"U45560",40,"Other","Professional","iOS",1.7,0.6,2,6.1,1,44,4,6.5
"U45561",46,"Male","Professional","Android",9.2,1.8,5,4.7,6,46,2,3.9
"U45562",54,"Other","Student","Android",2.7,1.4,9,8,10,39,6,12.5
"U45563",45,"Other","Professional","iOS",5.5,4.8,5,6.1,8,57,6,2.5
"U45564",50,"Male","Professional","iOS",5.5,3.6,9,7.9,10,33,6,9.1
"U45565",53,"Other","Freelancer","iOS",3.5,5.3,5,7.4,9,36,4,4.5
"U45566",43,"Female","Professional","iOS",3.2,7,7,8.1,8,50,3,13.7
"U45567",30,"Male","Freelancer","iOS",8.8,6.8,2,7,7,59,6,3.8
"U45568",58,"Male","Student","Android",9.6,7.9,1,4.8,9,17,6,11.7
"U45569",60,"Other","Student","Android",3.6,0.8,4,8,10,11,3,7.5
"U45570",23,"Male","Freelancer","Android",1.6,3.6,9,4.4,7,19,6,4
"U45571",28,"Other","Freelancer","iOS",10,7.7,9,4.1,3,24,1,9.7
"U45572",34,"Female","Freelancer","Android",8,8,3,4.7,3,12,6,13.4
"U45573",21,"Male","Student","Android",9,0.8,1,5,4,60,0,8.4
"U45574",46,"Female","Professional","iOS",6.7,1.5,8,4.6,4,43,6,11.4
"U45575",60,"Female","Professional","iOS",8.9,1.5,2,4.5,3,12,1,8.7
"U45576",56,"Male","Freelancer","iOS",1.8,1.8,6,5.2,4,56,4,11
"U45577",19,"Male","Professional","Android",5.8,2.8,4,6.5,8,42,4,6.1
"U45578",37,"Male","Freelancer","Android",11,3.7,4,8.6,2,5,2,12
"U45579",58,"Male","Freelancer","Android",4.5,4.8,7,6.8,6,36,1,9.8
"U45580",37,"Male","Freelancer","iOS",10.7,5.8,2,5.5,4,51,5,6.8
"U45581",52,"Male","Business Owner","Android",3.7,7.5,1,4.8,10,42,4,13.5
"U45582",23,"Other","Freelancer","Android",11.1,3.3,8,7.8,3,18,4,13.1
"U45583",33,"Male","Student","iOS",5.8,3.3,1,5.3,6,52,6,13.2
"U45584",52,"Other","Student","Android",8,6.1,8,8.8,6,18,6,5.5
"U45585",60,"Female","Student","Android",10.5,7.8,5,7.6,9,52,4,5.9
"U45586",51,"Other","Freelancer","iOS",1.2,1.2,9,7.5,10,27,2,7.7
"U45587",25,"Male","Student","Android",3.4,6.5,7,6.7,2,20,1,2.8
"U45588",54,"Female","Freelancer","iOS",5.6,3.5,9,4.6,2,10,1,3.9
"U45589",21,"Other","Business Owner","Android",9.6,2.1,1,4.3,8,57,1,7.6
"U45590",25,"Female","Student","iOS",5.8,2,3,8.3,2,17,6,13.3
"U45591",24,"Female","Freelancer","Android",10.3,6.5,9,4.2,7,27,2,7.3
"U45592",35,"Female","Business Owner","Android",7.1,4.9,8,8.8,10,47,4,11.3
"U45593",39,"Female","Student","Android",4.6,0.5,10,7.1,8,37,4,13.3
"U45594",44,"Other","Student","Android",5.5,6.8,6,6.1,9,9,1,6.5
"U45595",49,"Male","Student","Android",2.1,2.7,10,7.8,3,59,0,9.8
"U45596",43,"Other","Professional","iOS",6.9,7.2,10,7.8,2,41,6,9
"U45597",47,"Other","Student","Android",6.9,7.5,3,5,2,40,5,6.8
"U45598",46,"Other","Professional","Android",1.8,7.2,3,7.3,4,43,3,10
"U45599",44,"Other","Student","Android",7.7,4.4,3,5.6,10,35,1,7
"U45600",22,"Male","Professional","iOS",2.6,4,7,8.8,4,11,1,4.2
"U45601",55,"Female","Business Owner","Android",3.1,0.8,4,5.2,2,51,4,8.8
"U45602",39,"Other","Business Owner","Android",9.6,5.4,6,6.6,4,38,4,2.6
"U45603",26,"Female","Professional","Android",2,6.8,8,8.9,4,15,5,6.2
"U45604",35,"Other","Professional","Android",10.5,4.1,7,5.8,9,22,2,9
"U45605",54,"Other","Professional","iOS",10.8,6.8,9,4.4,7,21,1,10.8
"U45606",43,"Male","Professional","Android",4.9,3.5,8,5.3,4,45,1,5.1
"U45607",19,"Male","Student","Android",1.8,6.3,6,8.4,4,34,4,3.1
"U45608",24,"Male","Professional","iOS",10,4.2,3,7.5,7,52,2,11.7
"U45609",48,"Male","Freelancer","iOS",11.9,1.9,8,4,3,45,6,2.7
"U45610",20,"Other","Business Owner","iOS",10.5,4.7,9,4.2,7,5,4,9.1
"U45611",54,"Male","Professional","iOS",2.5,0.7,7,5.6,1,34,3,5.5
"U45612",27,"Male","Professional","iOS",2.7,0.8,5,6.7,4,58,5,9
"U45613",24,"Female","Freelancer","Android",5.5,3.9,3,8.5,5,22,2,2.8
"U45614",46,"Other","Business Owner","iOS",2.5,6,3,6.7,4,28,0,10
"U45615",45,"Other","Business Owner","Android",5.6,4.6,2,6.8,8,28,2,13.6
"U45616",37,"Male","Freelancer","Android",11.9,7.8,6,8.5,8,10,5,4.4
"U45617",39,"Female","Business Owner","Android",5,6,6,6.3,1,14,6,10.5
"U45618",22,"Male","Freelancer","Android",3.1,5.7,9,5.1,5,9,0,4
"U45619",48,"Other","Professional","Android",7,4.6,8,6.5,1,47,4,13.3
"U45620",47,"Female","Student","iOS",3.8,7.3,2,8.6,9,13,6,13.6
"U45621",20,"Other","Freelancer","iOS",2.5,6.7,10,8.3,2,53,2,3.8
"U45622",26,"Male","Student","Android",1.7,5.3,1,6.6,6,47,2,12.2
"U45623",27,"Male","Student","iOS",7.8,4.7,10,6.9,6,23,4,2.2
"U45624",60,"Other","Freelancer","Android",11.4,2.6,5,7.1,5,28,0,8.6
"U45625",31,"Female","Student","Android",11.5,3.7,7,8.9,6,47,2,5.7
"U45626",53,"Female","Freelancer","Android",7.5,5.3,5,7.8,8,27,1,6.1
"U45627",18,"Female","Business Owner","iOS",5,7.9,9,4.4,7,15,5,11.2
"U45628",34,"Male","Business Owner","Android",7.5,2.5,5,8.3,8,25,3,3.8
"U45629",40,"Female","Student","Android",9.3,7.2,5,6.1,1,53,6,11
"U45630",32,"Female","Student","iOS",10.4,2.6,7,8,2,28,2,13.7
"U45631",37,"Female","Student","Android",2.5,0.6,5,5.4,5,59,5,12.4
"U45632",46,"Male","Student","iOS",1.1,2.8,7,4.9,3,53,6,13.2
"U45633",50,"Other","Student","Android",9.3,7.8,7,6.9,7,12,5,7.3
"U45634",28,"Male","Business Owner","Android",3.6,6.5,6,7.8,1,22,4,9.8
"U45635",46,"Male","Student","Android",2.8,1.5,2,8.7,10,8,6,7.1
"U45636",47,"Other","Professional","iOS",6.6,7.1,7,6.1,3,55,1,6.8
"U45637",60,"Female","Freelancer","Android",8.3,3.1,1,7.6,7,12,2,9.8
"U45638",26,"Female","Student","iOS",6,4.7,10,5.6,7,34,2,4.5
"U45639",38,"Female","Freelancer","Android",11.6,0.7,2,6.7,6,5,0,7.3
"U45640",30,"Female","Professional","iOS",1,5.6,5,8,3,36,6,12.8
"U45641",27,"Other","Business Owner","iOS",3.5,4.3,6,5.2,9,38,5,3.7
"U45642",21,"Other","Business Owner","Android",1.7,3.9,1,5.3,10,12,5,8.1
"U45643",57,"Male","Freelancer","iOS",9.5,1.9,3,4.7,5,15,2,3.8
"U45644",40,"Female","Student","iOS",5.8,3.5,10,8.6,9,21,6,10.3
"U45645",58,"Male","Freelancer","Android",2.6,3.9,10,7.3,2,21,3,9.2
"U45646",55,"Female","Professional","Android",6.8,5.1,3,5.4,3,8,5,11.5
"U45647",59,"Other","Student","Android",10.9,2.9,2,5.2,1,24,1,8.7
"U45648",29,"Other","Freelancer","iOS",1.4,3.5,8,7.1,8,46,5,10.4
"U45649",52,"Male","Freelancer","iOS",6.3,3.3,5,8.7,10,24,2,4.5
"U45650",35,"Female","Business Owner","iOS",9.3,3.2,7,6.8,8,33,2,10
"U45651",51,"Male","Business Owner","iOS",8.6,0.9,3,7.4,9,8,6,12.2
"U45652",54,"Male","Professional","iOS",2,4.5,5,5,5,50,6,10.1
"U45653",53,"Female","Business Owner","iOS",4.1,7.8,4,7.1,6,50,1,11.8
"U45654",48,"Female","Business Owner","Android",6.1,5.4,5,7.3,5,21,1,3
"U45655",33,"Male","Student","iOS",3.8,3.5,10,6.4,7,42,2,9.3
"U45656",41,"Other","Student","Android",1.9,3.5,3,7.4,10,40,3,5.9
"U45657",50,"Female","Professional","iOS",5.9,1.3,9,7.8,7,23,6,13.9
"U45658",49,"Male","Professional","Android",11.9,5.3,3,6.7,4,54,5,5
"U45659",29,"Female","Student","Android",1.3,3.3,5,4.3,3,24,1,5.4
"U45660",47,"Female","Business Owner","Android",10.3,7,10,7.2,5,17,5,3.6
"U45661",28,"Female","Freelancer","iOS",8.7,6.2,10,9,2,37,5,10.6
"U45662",57,"Male","Professional","Android",4.8,2.7,3,4.7,5,17,2,13.6
"U45663",56,"Other","Professional","Android",6,0.8,10,7.2,1,28,2,3.9
"U45664",30,"Other","Business Owner","iOS",11.5,0.7,3,5.2,7,16,3,11.7
"U45665",31,"Other","Professional","Android",1.7,7.5,4,5.9,6,24,6,3.4
"U45666",58,"Female","Freelancer","iOS",11.2,4.7,2,4.9,4,35,6,13.1
"U45667",39,"Male","Professional","Android",10.8,2.3,3,9,6,49,5,4.5
"U45668",48,"Female","Freelancer","iOS",6.1,7.3,5,5.8,2,30,5,7.8
"U45669",58,"Female","Business Owner","Android",4.5,3.8,9,7.6,4,41,5,12.2
"U45670",19,"Female","Professional","iOS",3.5,6.3,1,6.9,10,8,6,3.4
"U45671",28,"Female","Freelancer","iOS",11.5,3,4,8.6,7,30,0,2.2
"U45672",34,"Female","Professional","iOS",6.7,7.5,8,8.3,9,38,1,4
"U45673",19,"Male","Business Owner","iOS",2.5,0.9,8,6.8,7,16,6,5.7
"U45674",57,"Male","Business Owner","Android",1.5,2.6,5,8.3,6,28,0,3.3
"U45675",33,"Other","Freelancer","iOS",11.8,2.2,3,6.7,1,16,5,8.8
"U45676",54,"Other","Business Owner","Android",7.3,3.9,2,7.7,10,59,3,9.5
"U45677",50,"Male","Business Owner","iOS",10.7,1.2,1,5.7,5,33,6,5.4
"U45678",43,"Female","Freelancer","iOS",9.3,7.3,6,6.9,6,48,0,3.5
"U45679",60,"Other","Freelancer","Android",5.6,1.3,7,8.9,5,49,6,5.8
"U45680",45,"Other","Business Owner","iOS",7.8,1.9,8,5.2,5,42,6,8.1
"U45681",30,"Male","Business Owner","iOS",1.6,2.4,10,6.3,4,33,0,2.9
"U45682",56,"Other","Student","Android",6.5,3.3,8,4.4,1,58,6,12.3
"U45683",51,"Male","Freelancer","iOS",3,7.7,7,5,2,13,4,8.8
"U45684",37,"Other","Business Owner","Android",8.8,1.7,4,8.3,3,59,5,10.2
"U45685",42,"Female","Student","iOS",4.6,1.4,8,4.6,1,26,0,11.9
"U45686",36,"Female","Business Owner","iOS",4.5,7.5,1,5.1,8,39,0,8.5
"U45687",52,"Male","Student","Android",4.6,6.1,2,4.3,2,45,1,12.4
"U45688",36,"Female","Freelancer","iOS",6.4,2.7,10,8.5,8,11,2,8.9
"U45689",35,"Male","Freelancer","iOS",9.9,4.3,9,4.1,4,30,0,6.3
"U45690",26,"Female","Freelancer","iOS",7.6,0.9,6,4.8,1,11,0,8.2
"U45691",47,"Male","Professional","Android",11.1,1.7,3,6.7,3,14,5,5.4
"U45692",33,"Male","Freelancer","Android",11.8,4.9,3,8.1,9,47,4,9.9
"U45693",55,"Other","Student","Android",10.7,5.5,7,7.5,5,49,3,8.5
"U45694",53,"Male","Student","iOS",6.2,4.3,3,6.8,4,17,5,7
"U45695",32,"Female","Freelancer","iOS",10.6,1.7,1,8.5,7,45,4,10.6
"U45696",38,"Male","Business Owner","iOS",2.1,3.4,5,7.9,3,17,5,11
"U45697",43,"Female","Student","Android",11.2,1.2,6,5.8,8,8,1,8.1
"U45698",40,"Female","Business Owner","Android",7.5,5,4,6.9,9,10,5,13.3
"U45699",26,"Other","Professional","iOS",11,1,5,5.8,3,29,6,9.5
"U45700",33,"Other","Business Owner","iOS",4.2,6.4,1,4.3,4,47,0,13.3
"U45701",56,"Other","Freelancer","iOS",4.6,6.6,6,8.5,6,37,1,3
"U45702",22,"Other","Professional","Android",5.8,1.1,2,7.7,4,15,1,7.3
"U45703",53,"Male","Student","Android",2.9,7.1,7,9,9,11,0,11.4
"U45704",53,"Female","Freelancer","Android",8.1,5.1,7,7.5,2,17,0,7.3
"U45705",44,"Male","Professional","Android",2,3.5,6,4.2,6,30,0,6.7
"U45706",60,"Other","Freelancer","Android",11.9,7.9,2,7.2,3,31,3,13.9
"U45707",47,"Other","Freelancer","iOS",1.2,5.1,9,8.2,2,44,6,9.6
"U45708",43,"Male","Freelancer","iOS",11.5,4.2,7,4.5,4,34,3,12
"U45709",28,"Male","Professional","Android",3.8,4.7,4,5.6,5,8,6,5.4
"U45710",27,"Male","Student","Android",11.9,5.8,1,7,6,16,1,13.4
"U45711",48,"Female","Freelancer","Android",8.6,1.1,1,5.9,6,14,5,3.2
"U45712",33,"Male","Business Owner","Android",10.3,3.4,4,8,6,57,1,2.1
"U45713",39,"Male","Business Owner","iOS",2.2,1.3,9,5.5,1,25,2,5.1
"U45714",32,"Male","Business Owner","iOS",9.2,2.5,9,6.7,9,52,6,4.5
"U45715",33,"Female","Professional","iOS",10.9,7,1,7.5,2,27,6,7.9
"U45716",37,"Other","Business Owner","Android",5.9,3.7,5,7.6,10,56,0,11.7
"U45717",18,"Other","Professional","Android",2.4,4.6,6,7.6,9,45,2,4
"U45718",42,"Other","Professional","iOS",2.5,6.9,7,8.7,1,14,6,7.6
"U45719",58,"Female","Business Owner","Android",10,7.7,9,8,6,9,3,13.8
"U45720",28,"Male","Student","Android",1.8,0.7,2,5.1,1,19,5,7.9
"U45721",21,"Female","Business Owner","Android",2.1,3.8,3,8.1,2,16,4,5.8
"U45722",24,"Female","Student","iOS",11.7,4,9,6.4,10,46,4,4.8
"U45723",44,"Male","Student","iOS",8.5,5.5,5,5.9,8,5,3,6.2
"U45724",45,"Female","Professional","Android",6.8,1.4,5,6.3,1,10,5,5.6
"U45725",30,"Male","Freelancer","iOS",7.4,3.4,8,8.2,3,14,4,3.6
"U45726",33,"Other","Freelancer","Android",3.7,3.1,6,4.4,8,8,4,4.9
"U45727",35,"Female","Student","Android",8,5.3,2,8.5,10,38,1,5
"U45728",21,"Other","Business Owner","Android",2.6,6.5,7,4.4,6,35,5,7.3
"U45729",25,"Female","Professional","iOS",10.5,2.7,1,6.3,3,49,2,2.6
"U45730",34,"Other","Business Owner","Android",11.1,3.2,3,6.1,5,10,6,7.6
"U45731",26,"Female","Professional","Android",9.1,6.7,10,7.2,5,58,3,4.8
"U45732",23,"Male","Student","iOS",10.8,2.6,4,4.5,1,6,0,5.5
"U45733",41,"Other","Student","iOS",9.4,6.3,3,7.7,10,26,6,12.7
"U45734",43,"Female","Freelancer","Android",10.3,1.9,4,5.8,10,46,6,4.6
"U45735",30,"Other","Student","iOS",11.9,4,8,8.9,6,42,0,9.9
"U45736",34,"Male","Professional","iOS",8.2,1.5,5,8.9,10,54,1,6
"U45737",39,"Female","Freelancer","Android",4.3,7.3,1,7.6,5,22,4,6.5
"U45738",29,"Male","Student","iOS",4.4,5.5,1,4.9,10,34,2,12.1
"U45739",44,"Male","Student","iOS",3.6,0.5,9,6.9,1,16,3,3.9
"U45740",31,"Other","Freelancer","iOS",5,4.9,5,8.7,9,38,6,12.3
"U45741",43,"Male","Freelancer","Android",11.7,6.5,1,7.3,3,26,3,7.9
"U45742",28,"Male","Professional","iOS",4.1,2.1,2,8.8,8,21,3,12.3
"U45743",51,"Male","Business Owner","iOS",7.7,5.9,2,8,4,46,0,12.7
"U45744",53,"Other","Freelancer","Android",3.7,4.4,1,7.8,7,31,5,4.4
"U45745",44,"Male","Freelancer","Android",3.3,2.7,3,4.4,5,52,2,3.6
"U45746",29,"Male","Freelancer","Android",11.5,3.9,1,8.9,6,48,2,6.6
"U45747",31,"Male","Freelancer","Android",4.7,4,3,6,8,25,2,13.2
"U45748",30,"Other","Student","Android",8.1,5.9,10,5.8,7,55,5,11.3
"U45749",41,"Male","Business Owner","iOS",5.9,6.3,8,8.9,6,21,0,6.4
"U45750",47,"Male","Freelancer","iOS",9.8,2.6,8,4.7,3,54,1,11.6
"U45751",20,"Female","Professional","iOS",11.5,5.1,3,5.6,6,52,3,6.7
"U45752",36,"Other","Business Owner","Android",7.6,6,8,5.5,5,41,5,10
"U45753",35,"Other","Business Owner","iOS",8.7,3.9,4,6.4,8,39,4,3
"U45754",35,"Other","Professional","iOS",3.2,1.5,2,5.8,2,25,0,7.6
"U45755",41,"Other","Student","Android",5.5,4.6,4,4.2,5,51,1,3.6
"U45756",41,"Male","Freelancer","iOS",3.3,1,10,6.1,2,28,0,5.3
"U45757",25,"Male","Student","iOS",3,4.8,2,8.3,1,56,2,4.5
"U45758",59,"Other","Student","Android",7.3,2.3,4,5.7,2,8,3,7.5
"U45759",37,"Female","Business Owner","iOS",7.1,6.2,6,4.3,4,21,1,12.5
"U45760",31,"Other","Student","Android",2.3,2.7,6,6.1,9,17,4,12.7
"U45761",35,"Female","Freelancer","Android",6.4,3.9,6,8.5,9,33,6,4.4
"U45762",36,"Male","Professional","iOS",10.7,5.4,4,4.5,8,52,5,2.8
"U45763",27,"Other","Student","iOS",4.7,3.9,9,7.3,9,15,0,5.4
"U45764",23,"Other","Freelancer","iOS",8.1,7.7,1,8.7,5,42,1,5.5
"U45765",22,"Other","Freelancer","Android",10.2,1.7,5,5.9,6,14,4,9
"U45766",24,"Female","Freelancer","Android",3.6,3.6,5,6.7,2,44,4,12.7
"U45767",47,"Female","Freelancer","iOS",2.2,1,1,8,4,34,4,9.2
"U45768",39,"Other","Freelancer","Android",7.3,5.4,1,6.3,10,49,5,4.4
"U45769",34,"Male","Freelancer","iOS",4.1,0.9,5,5.7,3,16,6,3.3
"U45770",54,"Other","Student","Android",2.5,4.8,8,6.5,7,37,3,10.7
"U45771",34,"Other","Student","iOS",1.1,6.9,4,6.1,8,41,6,9.3
"U45772",36,"Other","Business Owner","Android",2.6,7.9,4,9,10,38,2,9
"U45773",54,"Male","Student","Android",9.3,7.2,3,6.6,5,14,0,13.4
"U45774",39,"Other","Professional","Android",5.4,4.9,1,6.4,10,55,3,10.9
"U45775",48,"Female","Freelancer","iOS",11.7,0.6,1,8.3,1,37,6,10.4
"U45776",59,"Female","Business Owner","iOS",8.5,3.2,10,6.2,8,29,6,14
"U45777",36,"Female","Professional","iOS",5.2,6.4,3,7.2,7,26,6,13.5
"U45778",28,"Other","Freelancer","iOS",4.5,3.7,4,4.1,3,55,4,8.1
"U45779",23,"Male","Business Owner","Android",8.1,7.4,1,6,5,15,1,6.1
"U45780",58,"Other","Student","iOS",5.7,7.2,5,7.4,1,13,0,9.1
"U45781",53,"Female","Professional","iOS",11.6,6.7,9,7.2,6,5,2,10.3
"U45782",52,"Other","Student","Android",10,1.2,3,7.2,4,56,6,7.2
"U45783",37,"Male","Professional","iOS",5.1,3.3,3,8.7,4,16,4,4
"U45784",29,"Male","Business Owner","iOS",3,6.3,5,7.8,8,50,6,8.9
"U45785",58,"Other","Business Owner","Android",2.9,5.6,1,5.8,6,11,6,5.3
"U45786",37,"Female","Professional","Android",5.4,0.6,1,7,1,12,5,9.2
"U45787",42,"Male","Business Owner","Android",11.7,3.3,3,6.5,4,16,1,13.1
"U45788",33,"Male","Business Owner","Android",6.5,7,8,6.6,10,51,1,6.5
"U45789",50,"Male","Student","Android",9.2,1.2,7,5.1,9,16,5,11.5
"U45790",25,"Other","Professional","iOS",9.8,4.6,3,7.2,9,35,0,13.3
"U45791",41,"Other","Business Owner","iOS",3.7,7.6,1,6.4,2,42,2,4.3
"U45792",22,"Male","Business Owner","Android",9.3,1.6,5,5.4,5,58,3,9.7
"U45793",28,"Male","Professional","iOS",4.8,6.5,4,5,2,11,5,9.6
"U45794",57,"Other","Freelancer","iOS",11.4,6,1,7.1,10,37,1,3.7
"U45795",25,"Male","Business Owner","Android",1.2,1.4,6,4.8,10,27,3,10.1
"U45796",25,"Other","Professional","Android",7.7,3.5,6,6.2,8,26,1,8.4
"U45797",44,"Other","Business Owner","Android",2,5.1,8,6.6,6,57,6,4.1
"U45798",35,"Other","Business Owner","iOS",11.8,5.8,10,6.6,1,45,4,11.3
"U45799",49,"Male","Freelancer","Android",11.2,3.5,8,8.8,3,5,4,8.6
"U45800",59,"Male","Professional","iOS",2.3,5.4,5,8.4,6,31,6,6.1
"U45801",57,"Male","Freelancer","iOS",2,6,3,4.6,9,56,1,3.6
"U45802",29,"Female","Student","Android",5.9,6.9,10,4.9,9,32,2,11.9
"U45803",34,"Male","Business Owner","Android",9.6,1.6,9,6.9,1,42,6,6.3
"U45804",60,"Female","Business Owner","iOS",8.7,7.7,10,5,3,57,2,3.6
"U45805",42,"Female","Student","Android",8.8,5.6,8,4.9,1,32,3,11.7
"U45806",36,"Female","Business Owner","iOS",5.5,1.1,7,7,10,31,5,9.2
"U45807",29,"Other","Business Owner","Android",5.1,3.3,7,5,2,45,0,8.4
"U45808",55,"Female","Business Owner","iOS",11,3.4,5,8.1,7,5,0,4.6
"U45809",56,"Male","Student","iOS",10.7,3.4,9,7.6,10,29,0,7.2
"U45810",50,"Female","Student","Android",3.3,1.7,9,8.1,10,40,4,9.8
"U45811",46,"Other","Freelancer","Android",3.7,0.8,5,8.2,9,11,3,6.2
"U45812",29,"Male","Freelancer","iOS",7.4,2.1,6,4.1,7,32,0,8.5
"U45813",34,"Female","Student","iOS",11.4,3.6,4,8.1,5,45,5,8.9
"U45814",46,"Other","Freelancer","Android",3.5,4.4,6,5.5,1,17,1,13.3
"U45815",31,"Male","Freelancer","iOS",12,5,9,7.2,7,7,4,4
"U45816",38,"Other","Professional","Android",7.1,5.2,10,7.7,3,10,4,4.7
"U45817",31,"Female","Business Owner","Android",1.3,8,2,7.1,5,34,6,12.1
"U45818",59,"Male","Freelancer","iOS",7.4,4.1,1,5.3,6,49,6,8.3
"U45819",57,"Other","Student","iOS",10.2,7.4,9,6.6,5,50,2,8.4
"U45820",57,"Male","Student","iOS",9.7,2.1,3,4.2,3,59,1,10.2
"U45821",51,"Other","Business Owner","Android",4.2,5.9,1,7.7,8,41,6,2.3
"U45822",49,"Other","Business Owner","Android",2.9,6.3,1,6.5,1,31,2,5.6
"U45823",41,"Other","Freelancer","iOS",11.1,7.4,6,8.9,10,19,2,4.5
"U45824",59,"Female","Professional","iOS",2.5,4.4,4,5.7,5,14,1,5.6
"U45825",54,"Male","Freelancer","Android",2.8,5.5,3,7.5,2,27,1,10.7
"U45826",25,"Male","Student","Android",5.8,8,10,4,9,14,1,13.2
"U45827",41,"Female","Professional","iOS",6.8,2.8,1,7.8,5,55,3,5
"U45828",33,"Other","Business Owner","Android",6.8,6.3,1,7,8,41,6,3.9
"U45829",18,"Female","Professional","iOS",9.4,6.9,4,7.9,4,20,4,2
"U45830",21,"Female","Freelancer","iOS",8.2,5.6,2,8,4,43,6,13.1
"U45831",47,"Female","Student","Android",8.1,6.3,10,7.5,6,51,3,5.7
"U45832",38,"Female","Professional","iOS",1.6,4.4,6,5.5,10,18,0,5.3
"U45833",25,"Female","Student","iOS",2.4,2.9,8,7.6,7,55,2,11.3
"U45834",34,"Female","Business Owner","Android",11.2,2.5,4,8.6,1,13,2,3
"U45835",41,"Other","Business Owner","Android",1.1,7.1,5,4.5,9,39,5,6.7
"U45836",59,"Female","Freelancer","Android",7.6,6.8,7,8.7,2,17,1,5.9
"U45837",22,"Other","Student","iOS",2.5,5,2,5.9,8,30,4,7.8
"U45838",51,"Other","Professional","iOS",6.7,4.1,7,7.3,5,58,1,7.8
"U45839",32,"Female","Freelancer","iOS",11.9,0.7,2,6.1,7,21,1,5.4
"U45840",35,"Male","Freelancer","iOS",8.8,6.5,1,4.8,8,20,1,2.2
"U45841",48,"Male","Student","Android",10.9,5.2,2,7.1,7,35,4,4.1
"U45842",54,"Male","Freelancer","Android",2.4,0.9,2,6.2,7,14,6,9.5
"U45843",29,"Other","Student","Android",9.4,3,4,7.8,4,58,6,10.3
"U45844",33,"Other","Freelancer","iOS",7.4,7.2,4,5.8,4,5,1,9.6
"U45845",21,"Female","Business Owner","iOS",2.7,5.1,4,6.5,8,6,1,8.7
"U45846",39,"Other","Student","iOS",5.5,4.5,6,8.1,3,42,0,12.7
"U45847",47,"Male","Student","iOS",4,5.4,9,8.1,7,27,2,4
"U45848",53,"Other","Freelancer","Android",8.5,3.8,8,5.8,9,22,0,12.3
"U45849",28,"Female","Professional","Android",5.6,2.6,1,7.1,1,34,3,5.6
"U45850",34,"Male","Freelancer","iOS",3.2,4.2,10,4.8,3,59,5,2.7
"U45851",38,"Male","Professional","iOS",6.8,4.2,4,5.9,6,37,5,10.1
"U45852",30,"Male","Freelancer","Android",1.3,0.6,1,8.5,2,45,6,12.8
"U45853",22,"Female","Freelancer","iOS",4.7,6.6,2,5.3,5,12,4,12.2
"U45854",19,"Other","Freelancer","Android",11.9,2.5,5,5.3,3,20,3,9.7
"U45855",50,"Female","Business Owner","iOS",9.7,5.7,7,7.9,8,46,4,8.6
"U45856",23,"Male","Business Owner","iOS",7.4,4.2,4,8.6,7,56,0,5.2
"U45857",26,"Male","Professional","iOS",9.2,5.9,8,7.5,4,20,1,4.8
"U45858",34,"Other","Professional","iOS",5.7,5.5,9,8,8,53,4,3.6
"U45859",43,"Female","Student","iOS",4.2,4.6,3,5.3,2,34,6,4.8
"U45860",37,"Female","Professional","Android",5.9,6,6,7.8,2,19,0,8.5
"U45861",33,"Other","Business Owner","Android",7.3,7.4,3,8.6,9,45,1,8
"U45862",48,"Other","Professional","Android",3.8,0.7,1,8.9,6,6,3,8
"U45863",52,"Other","Professional","Android",8,5.5,9,7.8,6,6,6,4.2
"U45864",58,"Female","Student","iOS",5.5,2.9,7,6.1,1,17,1,12.3
"U45865",42,"Female","Professional","Android",8.5,3.2,6,4.7,7,52,5,3.9
"U45866",28,"Female","Student","Android",3,6.5,3,6,4,58,3,12.3
"U45867",37,"Female","Professional","Android",3.2,3.6,5,6.2,7,30,0,10.2
"U45868",31,"Other","Professional","iOS",10.6,7.1,2,8.8,3,35,4,12.8
"U45869",21,"Other","Professional","Android",4.6,6.4,5,6.6,3,54,4,7.4
"U45870",58,"Male","Professional","iOS",6.4,3.3,7,8.7,10,48,3,11.1
"U45871",22,"Female","Business Owner","Android",7.2,7,8,6,8,11,0,13.8
"U45872",35,"Female","Student","iOS",5.8,5.9,8,8.3,10,34,1,13.8
"U45873",58,"Other","Freelancer","Android",4.2,4.4,4,4.6,7,9,2,3.4
"U45874",44,"Male","Professional","Android",6.8,7.1,6,8.1,9,42,4,2.4
"U45875",18,"Female","Business Owner","Android",2.8,5.4,6,5.1,7,27,2,9.7
"U45876",45,"Other","Business Owner","Android",7.4,5.2,7,7.7,5,11,1,13.4
"U45877",44,"Male","Freelancer","iOS",1.4,6.3,7,5.4,2,32,0,13.3
"U45878",55,"Other","Student","iOS",3.1,7.3,5,4.4,4,5,4,9.6
"U45879",42,"Other","Business Owner","Android",7.1,6,3,8.4,5,54,3,2.6
"U45880",25,"Other","Professional","iOS",6.9,2.1,8,8.9,7,60,6,13.8
"U45881",19,"Female","Student","Android",9.3,4.5,4,6.3,10,50,1,12.7
"U45882",42,"Female","Student","Android",3.3,6.8,3,5.4,7,30,2,12
"U45883",56,"Male","Professional","Android",11.5,5.7,4,6.8,2,20,5,4.4
"U45884",58,"Male","Business Owner","iOS",3.5,5.5,4,4.9,8,9,2,7.2
"U45885",44,"Male","Professional","iOS",8.7,0.8,6,8.2,4,53,1,12.3
"U45886",33,"Other","Freelancer","iOS",2.7,4,7,8,4,44,6,7.8
"U45887",46,"Male","Freelancer","Android",11.6,4.7,5,8.5,5,40,6,4.1
"U45888",37,"Other","Freelancer","iOS",10.4,2.8,8,7.9,10,24,4,9
"U45889",56,"Female","Freelancer","iOS",1.9,0.6,7,7.6,10,44,1,12.5
"U45890",24,"Other","Student","Android",10.5,4.8,3,6.8,3,57,5,12.4
"U45891",27,"Male","Professional","iOS",8.3,2,8,7.4,8,45,2,6.3
"U45892",22,"Female","Student","iOS",11.7,0.5,10,6.6,6,58,3,2.3
"U45893",51,"Male","Student","Android",5.4,4,2,6.4,4,52,1,4.5
"U45894",49,"Other","Student","iOS",4,7,8,4.1,2,16,1,10.9
"U45895",56,"Other","Business Owner","Android",3.6,5.6,3,7.9,10,31,1,11
"U45896",58,"Male","Student","iOS",2.5,6.9,9,9,4,14,6,6.4
"U45897",20,"Male","Business Owner","iOS",2.1,1.6,2,9,5,42,0,10.4
"U45898",42,"Female","Business Owner","iOS",6.8,5.9,1,5,2,42,6,2.9
"U45899",39,"Male","Business Owner","Android",2.4,2.7,10,4.2,9,8,1,7.4
"U45900",18,"Male","Freelancer","iOS",9.8,3.4,6,6.3,8,50,0,7.3
"U45901",45,"Female","Professional","iOS",8.5,1.6,1,6.2,6,22,3,5
"U45902",22,"Male","Business Owner","iOS",7.6,1,8,6.8,3,26,3,12.9
"U45903",35,"Male","Professional","Android",7.6,6.8,2,7.3,7,27,3,9.7
"U45904",46,"Female","Student","iOS",3.8,6.1,1,8.1,3,39,5,7.9
"U45905",23,"Other","Freelancer","iOS",5.2,7,1,5.4,1,34,6,11.2
"U45906",40,"Other","Freelancer","iOS",1.1,1.8,8,4.2,6,38,6,7.8
"U45907",55,"Male","Freelancer","iOS",11.3,6.3,10,6,1,57,1,2.1
"U45908",18,"Female","Business Owner","Android",7.8,6.1,7,5,6,31,0,9.7
"U45909",24,"Other","Freelancer","Android",9.6,7.4,3,8.9,2,10,3,7
"U45910",24,"Male","Business Owner","Android",5.6,2.6,1,9,7,52,2,7.7
"U45911",28,"Female","Freelancer","Android",5,1,10,8.7,6,33,3,5.8
"U45912",38,"Other","Freelancer","iOS",5.3,6,6,6.6,5,23,3,8.9
"U45913",18,"Other","Professional","iOS",2.7,7,7,8.6,9,5,1,11.4
"U45914",26,"Female","Professional","iOS",3,6.5,8,7.5,10,15,6,2.9
"U45915",30,"Other","Student","iOS",3.1,7.9,2,8.7,6,58,5,4.8
"U45916",23,"Other","Business Owner","iOS",2,7,2,7.5,7,37,4,9.4
"U45917",44,"Female","Student","iOS",8.6,5.4,2,7.1,9,8,4,3.4
"U45918",20,"Male","Freelancer","iOS",11.2,8,7,6.2,2,22,4,5.3
"U45919",18,"Female","Professional","iOS",4.3,4.8,9,5.5,6,48,2,13.4
"U45920",34,"Female","Professional","iOS",9.3,3.3,7,6.3,2,59,0,11
"U45921",21,"Female","Freelancer","Android",7.1,4.7,10,6.3,1,47,1,12.7
"U45922",29,"Male","Freelancer","Android",10.1,3.9,8,6.8,9,45,3,9.2
"U45923",48,"Female","Professional","iOS",6,0.8,9,6.6,6,39,4,7.3
"U45924",28,"Male","Business Owner","iOS",6,1.5,6,8.7,3,52,6,2.6
"U45925",53,"Other","Freelancer","iOS",5.9,4.9,9,4.6,1,48,2,4.5
"U45926",57,"Female","Student","iOS",1.2,0.9,1,5,5,29,5,9.7
"U45927",52,"Other","Freelancer","iOS",9,7.5,8,8.5,9,39,5,9.5
"U45928",44,"Female","Freelancer","iOS",5.5,1,1,4.8,4,11,3,8.9
"U45929",50,"Male","Professional","Android",4.8,3.9,5,6,3,26,4,2.8
"U45930",32,"Female","Freelancer","Android",7.7,1.4,3,5.6,10,15,0,12.5
"U45931",58,"Female","Student","iOS",4.4,3.8,9,5,6,58,2,10
"U45932",26,"Male","Freelancer","iOS",1.1,2,8,4.8,5,39,2,6.8
"U45933",25,"Male","Student","iOS",8.4,2.8,5,5,9,31,3,2.8
"U45934",29,"Other","Student","Android",10.4,1.5,2,8.2,8,34,1,6.5
"U45935",21,"Other","Student","Android",6.5,3.7,10,7.7,6,31,3,4
"U45936",53,"Male","Professional","iOS",10.5,6.3,4,8.3,9,23,0,3.4
"U45937",43,"Male","Professional","iOS",2.1,1.9,8,6.7,9,24,1,12.5
"U45938",23,"Female","Business Owner","iOS",9.7,1.1,9,8,3,29,6,7.6
"U45939",34,"Female","Professional","Android",1.4,6.7,9,8.2,8,45,0,13.9
"U45940",57,"Other","Professional","Android",4.6,1.4,9,5.4,1,25,4,8.1
"U45941",53,"Other","Freelancer","Android",6.6,4.5,4,5.3,6,39,0,11.2
"U45942",36,"Other","Student","iOS",4.7,3.4,3,6.6,10,37,3,12.8
"U45943",27,"Male","Professional","iOS",2.9,5.3,8,7.4,4,10,5,5.3
"U45944",41,"Other","Freelancer","Android",9,7,6,8.5,6,15,6,8.4
"U45945",20,"Female","Student","Android",3.7,4.5,1,7,6,28,0,2.2
"U45946",47,"Other","Business Owner","Android",8.8,5.1,4,6,6,60,5,11.7
"U45947",57,"Female","Professional","iOS",9.8,6.1,8,8,7,48,1,13.3
"U45948",43,"Other","Professional","Android",8.2,3.8,7,8.1,10,27,0,6.5
"U45949",42,"Other","Professional","iOS",11.1,7.3,6,4,1,26,5,13.8
"U45950",57,"Male","Freelancer","iOS",5.5,1.5,4,5.8,9,6,5,2.5
"U45951",56,"Other","Business Owner","iOS",1.8,4.3,6,5.8,6,39,1,8.4
"U45952",58,"Female","Freelancer","iOS",4.8,0.6,5,4.9,4,44,5,12.8
"U45953",46,"Male","Professional","iOS",2.9,5.2,7,5.1,7,28,3,4.8
"U45954",50,"Female","Freelancer","iOS",4.1,7,5,4.9,4,36,1,6.4
"U45955",34,"Other","Business Owner","Android",6.5,1.5,3,5.2,3,7,1,6.5
"U45956",28,"Other","Student","iOS",6.9,6.1,7,5.4,7,58,0,10.3
"U45957",20,"Female","Freelancer","Android",1.1,7.7,9,8.2,10,59,2,13.5
"U45958",21,"Other","Student","iOS",9.3,5.1,4,8.9,4,40,2,8.9
"U45959",59,"Male","Business Owner","Android",3.3,6.2,8,7,9,16,3,3.8
"U45960",22,"Other","Student","iOS",5.5,5,5,4.5,4,8,4,5.8
"U45961",36,"Female","Business Owner","Android",10.7,1.9,2,8.5,6,24,4,9
"U45962",23,"Male","Student","Android",3.9,0.9,4,8.1,1,46,4,9.1
"U45963",35,"Female","Freelancer","Android",6.7,2.2,6,7.7,1,60,6,8.8
"U45964",35,"Other","Professional","Android",1.9,7.7,5,9,1,39,2,10.9
"U45965",26,"Male","Business Owner","iOS",8.5,2.7,9,6.2,10,19,5,3.7
"U45966",34,"Female","Student","Android",2,6.6,4,8.9,1,41,3,8.6
"U45967",43,"Other","Freelancer","Android",5.1,1.1,6,4,5,55,4,3.8
"U45968",18,"Other","Professional","Android",2.7,1.9,10,5.5,6,47,0,3.1
"U45969",59,"Male","Professional","Android",11.4,0.6,1,4.8,3,8,1,10.9
"U45970",48,"Female","Student","iOS",10.2,5.4,4,6.2,1,5,4,3.5
"U45971",32,"Other","Freelancer","iOS",9.8,0.9,2,4.5,2,30,4,2.6
"U45972",49,"Other","Business Owner","Android",8.5,1.3,7,5.2,5,8,2,6.7
"U45973",28,"Other","Professional","Android",8.9,1.3,6,7.3,6,5,4,5.1
"U45974",33,"Other","Business Owner","iOS",6.6,7.3,6,6.6,4,28,4,9
"U45975",52,"Male","Professional","Android",10.5,5.9,2,5.3,9,29,4,13.2
"U45976",45,"Male","Business Owner","Android",2.1,3.6,4,7.7,9,29,3,13.6
"U45977",22,"Other","Freelancer","Android",3.1,4.4,2,5.4,3,14,4,2
"U45978",40,"Male","Freelancer","Android",10.6,3.3,1,8.7,3,19,5,8.8
"U45979",55,"Other","Freelancer","Android",11.9,5,8,4.6,2,18,5,7.3
"U45980",41,"Female","Professional","Android",3.7,5,5,4.5,3,37,1,4.2
"U45981",28,"Other","Professional","iOS",7,7.8,4,6.5,2,18,4,6
"U45982",51,"Other","Student","iOS",5.2,6.3,7,8.9,7,14,0,6.8
"U45983",38,"Other","Professional","Android",6.3,1.9,2,6.8,4,43,0,4.5
"U45984",56,"Other","Business Owner","iOS",4.9,6.4,3,4.3,3,45,6,8.4
"U45985",56,"Male","Freelancer","Android",2.9,6,3,6.9,4,53,5,11.7
"U45986",35,"Other","Student","Android",5,1.8,6,7.5,2,45,2,3.5
"U45987",47,"Other","Freelancer","iOS",11.3,7.5,6,7.3,10,46,4,12.6
"U45988",38,"Other","Freelancer","Android",11.1,5.8,6,5.7,8,34,3,7.8
"U45989",60,"Other","Freelancer","Android",7.9,3.7,5,5.8,4,41,6,7.9
"U45990",48,"Female","Business Owner","Android",2.7,7.2,3,6,9,12,5,9.3
"U45991",45,"Male","Freelancer","iOS",9.8,4.7,1,8.4,10,18,3,11.1
"U45992",31,"Other","Freelancer","iOS",11.6,7.9,9,5.6,2,50,2,11.7
"U45993",49,"Male","Professional","iOS",10,5.1,8,5.2,3,14,2,11.6
"U45994",56,"Female","Professional","iOS",1.7,6.2,1,6.4,3,9,0,3.5
"U45995",50,"Female","Freelancer","iOS",11.5,3.8,1,7.2,6,54,5,2.2
"U45996",28,"Female","Business Owner","Android",2.9,5.7,6,5.4,4,26,0,13.1
"U45997",55,"Female","Student","iOS",7.1,0.6,6,5.8,10,18,6,12.3
"U45998",32,"Other","Student","Android",11.1,6,7,6.1,7,55,1,13.2
"U45999",19,"Female","Business Owner","Android",7,2.9,10,7.2,4,53,2,8.8
"U46000",39,"Male","Business Owner","iOS",5.7,4.3,1,7.7,4,13,6,8.7
"U46001",38,"Female","Professional","Android",6.9,0.5,8,7.6,8,13,0,9.5
"U46002",49,"Other","Freelancer","iOS",10.1,5.2,10,4.2,3,41,2,4.1
"U46003",48,"Male","Business Owner","Android",11,4,9,6.4,8,17,3,9.2
"U46004",54,"Female","Freelancer","Android",4.4,6.9,2,5.1,1,27,3,8.4
"U46005",48,"Other","Student","Android",4.5,5.9,10,4.7,4,33,0,11.7
"U46006",60,"Female","Freelancer","Android",8.2,2.8,6,8,8,10,0,6.3
"U46007",56,"Other","Business Owner","iOS",1.7,3.7,4,6.1,4,20,4,7.8
"U46008",59,"Male","Freelancer","iOS",10.1,3.1,2,8.7,4,5,1,6.6
"U46009",52,"Male","Business Owner","Android",6,4.8,8,7.8,10,18,0,8.6
"U46010",31,"Male","Professional","Android",9.3,0.7,5,8.1,6,46,0,5
"U46011",42,"Other","Business Owner","iOS",8.9,5.7,9,5.5,4,34,3,9.4
"U46012",46,"Female","Student","iOS",1.8,7,6,5.7,9,44,6,4.5
"U46013",45,"Other","Professional","Android",6.4,7.4,2,4,1,59,5,11.1
"U46014",19,"Female","Professional","Android",9,0.8,2,6,6,39,2,8.4
"U46015",48,"Male","Student","Android",3.4,4.6,3,6.8,2,49,2,3.6
"U46016",37,"Other","Student","iOS",7.7,5.6,5,5.6,8,9,3,8.6
"U46017",58,"Other","Professional","Android",10.8,1.7,8,8.5,1,56,5,13.3
"U46018",24,"Male","Business Owner","iOS",7.2,3.8,7,6.4,8,37,4,2.2
"U46019",20,"Other","Student","Android",6,5.5,3,6.8,9,29,1,7.7
"U46020",41,"Other","Professional","Android",4.7,5.6,8,7.8,5,41,4,5.8
"U46021",55,"Other","Business Owner","Android",11.8,2.9,3,6.7,2,5,4,4.9
"U46022",31,"Other","Business Owner","Android",8.7,1.4,4,5.3,8,9,2,13.8
"U46023",56,"Male","Freelancer","iOS",11.7,2.2,7,8.2,9,20,6,12.4
"U46024",35,"Male","Business Owner","Android",1.2,5.5,8,7,4,45,4,8
"U46025",52,"Male","Student","iOS",8.4,3.6,8,6.5,5,58,6,4.9
"U46026",24,"Female","Student","iOS",6.1,7.6,3,6,3,21,4,11.7
"U46027",38,"Male","Professional","Android",6.3,1.7,9,6.3,2,24,0,10.3
"U46028",18,"Other","Business Owner","iOS",1.5,3.1,4,4.6,10,35,6,7.1
"U46029",35,"Female","Freelancer","Android",11.2,4,9,8.9,2,9,4,2.6
"U46030",32,"Other","Business Owner","Android",1.9,6,9,5.2,7,27,5,7.5
"U46031",54,"Female","Professional","Android",6.8,3.2,6,8.2,9,8,5,4.4
"U46032",21,"Male","Student","Android",6.4,5.1,8,5.2,3,8,6,9.1
"U46033",33,"Male","Freelancer","Android",4.8,3.6,9,8.9,8,52,1,10.3
"U46034",39,"Other","Professional","Android",10.8,5.2,8,4.6,3,14,6,9.7
"U46035",45,"Male","Professional","iOS",11.5,6,5,4.8,10,19,5,13.5
"U46036",19,"Male","Business Owner","iOS",7.6,1,8,5.5,8,49,6,10.9
"U46037",26,"Other","Student","Android",9.3,0.9,7,4.3,1,58,0,3.5
"U46038",51,"Female","Professional","iOS",8.2,6.9,7,5.7,8,47,5,10.1
"U46039",40,"Male","Student","iOS",1.9,4.2,3,6.7,9,54,4,4.5
"U46040",53,"Female","Business Owner","iOS",7,4.6,5,5.7,9,27,6,4.2
"U46041",58,"Other","Business Owner","iOS",1.7,1.9,7,6.7,2,46,3,7.9
"U46042",44,"Male","Student","Android",2.3,3.8,8,7.6,2,22,2,12.5
"U46043",57,"Male","Freelancer","Android",10.4,5,1,5.8,5,20,0,3.7
"U46044",58,"Male","Student","Android",4.6,6.5,4,4.5,8,11,5,9.9
"U46045",42,"Male","Professional","Android",6.8,3.1,2,6,5,14,1,4.9
"U46046",45,"Other","Freelancer","iOS",4.6,1.8,7,8.1,7,20,2,5.1
"U46047",18,"Other","Business Owner","Android",7.6,3.5,4,6.3,4,19,5,7.7
"U46048",57,"Female","Student","Android",2.6,4.8,2,8.8,1,5,0,12.7
"U46049",44,"Female","Business Owner","Android",3.6,6,10,6.5,10,9,5,9.8
"U46050",31,"Male","Business Owner","iOS",6.9,2.1,5,4.1,10,58,5,4.7
"U46051",40,"Other","Freelancer","iOS",3.6,5.5,5,7.9,3,50,6,7.1
"U46052",37,"Female","Professional","iOS",4,0.6,6,5,10,20,6,5.8
"U46053",47,"Female","Business Owner","iOS",6.7,4.3,3,7.1,8,60,5,8.7
"U46054",43,"Male","Professional","Android",2.6,4.7,5,4.5,7,25,1,7.9
"U46055",19,"Female","Student","iOS",1.8,6,10,7.7,6,12,2,6.2
"U46056",49,"Other","Student","Android",8.9,3.9,9,4.9,2,5,1,7.2
"U46057",38,"Male","Business Owner","Android",2.4,6.8,7,5.1,10,28,0,8.6
"U46058",23,"Male","Student","iOS",5.7,7,1,4.1,1,33,5,2.7
"U46059",28,"Female","Freelancer","iOS",11.5,3.4,7,6.3,6,30,3,2.3
"U46060",23,"Male","Business Owner","Android",6.4,1.3,8,8.7,7,9,2,13
"U46061",21,"Male","Student","Android",11.4,3.1,5,5.3,8,51,5,3.4
"U46062",23,"Male","Business Owner","iOS",3.4,4.6,8,6.9,8,28,4,12.6
"U46063",50,"Female","Student","iOS",4.7,7.4,10,8.7,1,37,6,7.3
"U46064",36,"Other","Business Owner","iOS",10.3,0.9,3,5.4,7,15,4,13.6
"U46065",26,"Female","Student","Android",11.2,4.8,4,6.9,7,34,4,12.6
"U46066",42,"Other","Business Owner","iOS",11,6.5,1,5.5,2,32,4,12.7
"U46067",28,"Other","Professional","Android",6.6,7.1,7,7,1,54,0,13.8
"U46068",60,"Other","Freelancer","Android",1.4,6.6,6,6.9,6,35,2,7.9
"U46069",26,"Female","Business Owner","Android",6.5,1.7,1,6.6,9,54,0,11.9
"U46070",42,"Female","Business Owner","iOS",1.5,4.9,4,6.8,3,35,3,5.7
"U46071",37,"Female","Professional","iOS",3.9,6.6,7,5,9,55,5,14
"U46072",59,"Male","Professional","iOS",5.6,0.7,6,7.2,2,26,6,10.3
"U46073",36,"Other","Freelancer","Android",10.5,0.6,6,6,7,57,3,4.3
"U46074",24,"Male","Freelancer","iOS",9.2,5.8,10,8.7,7,35,4,13.3
"U46075",51,"Other","Professional","iOS",2.8,0.6,8,6.2,1,56,2,11.3
"U46076",19,"Female","Freelancer","Android",11.9,1.1,9,8.2,9,18,6,11.4
"U46077",26,"Female","Student","Android",11,7.6,3,5.7,8,37,5,8.5
"U46078",35,"Male","Freelancer","iOS",10.1,1.2,3,5.8,7,14,2,8.7
"U46079",40,"Other","Student","Android",4.2,6.1,1,6.4,5,5,1,12.4
"U46080",55,"Female","Business Owner","Android",3.1,4.2,8,6,10,22,3,2.5
"U46081",36,"Male","Freelancer","Android",4,7.5,10,8,5,54,0,3.8
"U46082",21,"Other","Professional","iOS",1.5,1.3,5,5.4,5,44,0,7.2
"U46083",50,"Female","Freelancer","iOS",1.9,2.8,8,8.3,9,32,0,7.7
"U46084",40,"Female","Business Owner","iOS",2,7.5,4,4.3,3,34,4,2.6
"U46085",56,"Male","Business Owner","iOS",8.7,4.2,8,8.6,4,57,0,2.3
"U46086",58,"Male","Business Owner","Android",10.8,7.9,6,8.3,5,5,0,11.4
"U46087",32,"Other","Professional","Android",5.6,6,2,6.1,5,17,3,5.2
"U46088",38,"Female","Business Owner","Android",11,0.5,5,7.1,7,33,6,13.8
"U46089",43,"Male","Student","Android",9.3,7.6,3,5.9,8,44,2,13.9
"U46090",41,"Female","Freelancer","iOS",3.3,2.6,3,5.9,7,12,1,7.4
"U46091",33,"Other","Student","iOS",8.8,4,7,4.7,10,55,1,2
"U46092",39,"Other","Business Owner","Android",4.7,5,3,4.5,2,25,6,2.5
"U46093",28,"Male","Professional","Android",9.9,8,9,8.2,8,23,1,9.8
"U46094",35,"Female","Business Owner","iOS",6.7,3.7,1,4.9,1,60,0,8
"U46095",59,"Other","Business Owner","Android",2.4,4.8,3,5.1,7,16,1,8.4
"U46096",33,"Male","Student","Android",10.3,6.7,4,7.6,8,35,5,2.5
"U46097",48,"Female","Business Owner","Android",7.9,5.7,4,7.4,7,42,0,5
"U46098",47,"Male","Business Owner","iOS",7.8,4.5,5,7.4,2,24,6,13.4
"U46099",55,"Other","Freelancer","Android",5.4,2.3,9,7.1,5,31,2,7.2
"U46100",39,"Female","Professional","iOS",5.9,5.3,2,7.9,10,43,3,2.4
"U46101",20,"Other","Student","Android",8.8,3.3,3,8.8,2,39,4,10.3
"U46102",46,"Female","Student","iOS",6.2,7.1,9,6,5,11,2,13.6
"U46103",44,"Female","Freelancer","Android",7.6,7.6,7,6.8,5,47,2,2.7
"U46104",41,"Other","Freelancer","iOS",1.2,0.6,8,7.6,5,17,2,9.4
"U46105",38,"Male","Professional","Android",6.4,3.1,6,6.8,10,28,2,8
"U46106",47,"Female","Professional","iOS",3.8,3.2,8,5,4,20,2,2.2
"U46107",32,"Male","Professional","iOS",1.7,6.2,9,8.7,10,21,0,5.4
"U46108",49,"Male","Professional","Android",5.6,7.4,6,6.3,4,48,2,8.2
"U46109",34,"Female","Business Owner","iOS",6.6,1.6,3,7.5,2,27,3,3.2
"U46110",53,"Male","Business Owner","Android",1.2,4,4,8.4,10,11,0,11.7
"U46111",40,"Male","Freelancer","iOS",3.1,4.4,7,4,1,13,5,3.7
"U46112",27,"Female","Professional","Android",10.4,5.1,3,7.3,9,48,5,8.4
"U46113",39,"Other","Business Owner","iOS",6.1,6.6,6,7.7,5,57,0,6.9
"U46114",22,"Female","Business Owner","Android",10.5,4.3,4,4.1,7,41,0,12.5
"U46115",28,"Other","Student","iOS",11.2,5,3,8.7,9,47,0,3.1
"U46116",28,"Other","Freelancer","Android",2.3,2.9,5,5.2,4,42,2,6.4
"U46117",39,"Other","Professional","Android",9.3,3.6,9,5.4,4,40,0,9.4
"U46118",53,"Other","Business Owner","Android",2.3,7.6,1,8,4,22,5,5.9
"U46119",36,"Male","Professional","Android",6,3.7,3,6.4,5,40,6,4.9
"U46120",44,"Female","Student","iOS",1.1,5.8,4,6.2,5,29,6,10.9
"U46121",47,"Male","Business Owner","Android",9.7,7.2,8,5.8,8,27,0,12.7
"U46122",55,"Female","Business Owner","iOS",6.8,3.9,5,4.9,7,34,3,11.1
"U46123",58,"Male","Professional","iOS",4.8,1.3,7,7,6,29,3,4.5
"U46124",21,"Male","Student","Android",11.4,5.2,8,7.8,3,9,3,12.1
"U46125",23,"Male","Freelancer","Android",3.6,2.9,7,6.1,1,51,0,6.4
"U46126",60,"Female","Professional","iOS",2.4,5.7,9,6.1,2,11,4,9
"U46127",49,"Other","Professional","Android",7.2,5.2,2,6.9,3,33,3,5
"U46128",38,"Male","Student","iOS",11.9,2.4,8,5.1,8,53,6,3.6
"U46129",28,"Female","Business Owner","iOS",7,7.2,4,4.3,5,23,3,13.4
"U46130",28,"Female","Freelancer","iOS",11.6,1,9,4.7,10,50,6,11.4
"U46131",48,"Male","Professional","Android",1.8,4.6,3,8.3,2,53,4,10.1
"U46132",55,"Female","Business Owner","iOS",6.5,2.7,6,5.2,10,52,6,9.8
"U46133",58,"Female","Business Owner","Android",6.1,7.2,5,6.3,10,29,4,12.9
"U46134",29,"Other","Freelancer","iOS",8,2.6,1,4.6,1,32,2,8.7
"U46135",57,"Other","Business Owner","iOS",11.1,1.8,8,8.8,8,34,0,7
"U46136",35,"Male","Professional","Android",7.6,0.9,6,5.1,7,26,4,13.1
"U46137",54,"Male","Freelancer","Android",6.6,3,1,7.9,3,6,3,7.7
"U46138",45,"Other","Freelancer","iOS",5.5,5.2,8,7.6,5,18,6,11.2
"U46139",38,"Female","Business Owner","Android",2.3,0.9,8,8,10,28,5,5.5
"U46140",28,"Female","Business Owner","Android",11.3,5.1,10,5.6,2,30,5,10.6
"U46141",31,"Other","Freelancer","Android",6.2,2.5,2,6.8,5,41,3,4.1
"U46142",57,"Female","Student","iOS",8.8,0.9,6,7.3,4,14,5,2.9
"U46143",43,"Other","Freelancer","Android",7.2,1.3,9,4.9,3,51,4,7.7
"U46144",49,"Other","Freelancer","iOS",11.8,3.7,7,4.2,1,22,4,8.1
"U46145",34,"Male","Professional","Android",10.1,7,9,4.1,1,14,6,8.3
"U46146",55,"Female","Professional","iOS",6.4,8,8,8.1,8,55,3,10.9
"U46147",54,"Male","Professional","iOS",6.8,7.1,8,5.8,10,52,0,4.6
"U46148",57,"Other","Business Owner","Android",2.5,5.7,2,5.4,4,13,4,11.9
"U46149",21,"Male","Professional","iOS",5.3,7,8,4.5,3,39,4,13.1
"U46150",27,"Other","Freelancer","iOS",11.7,1.5,5,4.1,4,38,4,4.6
"U46151",21,"Female","Freelancer","Android",11.3,0.8,8,8.6,9,14,4,11.2
"U46152",32,"Female","Business Owner","Android",10,5,7,4.9,2,15,1,8.7
"U46153",60,"Male","Freelancer","iOS",4.3,7.3,3,5.3,2,55,0,7.9
"U46154",51,"Other","Freelancer","Android",11.6,4.1,6,6.1,3,38,6,5.4
"U46155",39,"Male","Professional","Android",6.3,6.5,4,6.3,1,43,4,8.9
"U46156",35,"Male","Student","iOS",6.9,7.4,7,8.1,6,44,0,8.3
"U46157",20,"Male","Professional","Android",10.8,3.9,3,4.8,8,12,4,8.7
"U46158",46,"Female","Business Owner","Android",7.2,4.3,8,6,9,52,6,4.8
"U46159",18,"Female","Student","Android",9.3,6,4,4.1,6,49,4,13.2
"U46160",21,"Other","Freelancer","Android",1.8,0.8,8,4.6,5,29,3,12.8
"U46161",53,"Female","Freelancer","iOS",1.8,1.3,6,5,7,9,3,4.2
"U46162",34,"Other","Student","iOS",8.2,5.9,7,5.7,5,46,5,3.3
"U46163",23,"Male","Freelancer","Android",11.1,4.1,7,8,6,35,4,11.2
"U46164",39,"Female","Student","Android",9.5,1.1,7,8.4,9,15,2,9.8
"U46165",54,"Female","Student","Android",11.3,0.6,9,8.6,9,38,3,4.8
"U46166",23,"Male","Professional","Android",1.8,8,6,6.7,2,30,1,8.3
"U46167",26,"Male","Business Owner","iOS",6.9,2.2,9,8.6,6,29,1,5.1
"U46168",36,"Male","Freelancer","Android",10.6,2.5,3,7.2,3,49,1,13.9
"U46169",27,"Male","Freelancer","iOS",1.8,1.5,4,4.2,2,27,2,3.1
"U46170",44,"Male","Professional","iOS",6.9,5,1,8.7,7,47,4,11.8
"U46171",54,"Male","Student","iOS",10.7,7.5,9,4.3,6,22,3,10.1
"U46172",38,"Male","Business Owner","iOS",5.2,3.2,3,4.7,7,24,2,3
"U46173",48,"Male","Freelancer","Android",10.2,1.2,6,4.7,7,42,2,11
"U46174",38,"Female","Business Owner","Android",7.3,2.8,5,6,7,54,3,5.9
"U46175",32,"Male","Student","Android",10.5,1.3,2,5.5,5,24,1,12.8
"U46176",52,"Other","Student","Android",1.6,7,7,8.2,6,32,5,13.3
"U46177",39,"Female","Freelancer","iOS",10.6,1.2,3,5.5,7,55,1,13.1
"U46178",22,"Female","Business Owner","Android",4,2.4,6,6,6,44,1,3.8
"U46179",30,"Male","Professional","Android",1.2,6.4,8,7.9,5,58,6,2.9
"U46180",56,"Female","Freelancer","Android",8.3,1.1,1,7.3,1,9,3,4.3
"U46181",48,"Other","Professional","Android",2.7,4.6,7,4.9,10,34,5,4.9
"U46182",42,"Male","Professional","iOS",11.6,1.3,5,6.5,7,48,2,11.1
"U46183",33,"Male","Business Owner","Android",10.7,5.7,6,6.8,1,19,0,6
"U46184",39,"Other","Business Owner","Android",11,3.7,10,5.1,1,45,6,13.9
"U46185",28,"Other","Business Owner","iOS",4.2,2.4,2,6.2,3,32,3,2.2
"U46186",57,"Female","Professional","Android",9.9,5.5,2,6.9,4,60,4,7.1
"U46187",36,"Male","Student","Android",8.4,6.8,4,6.5,9,32,4,7
"U46188",44,"Male","Professional","iOS",5.8,1.3,4,4.2,9,27,0,12.6
"U46189",22,"Female","Business Owner","Android",1.1,3.2,1,7.4,9,13,6,4
"U46190",37,"Female","Professional","iOS",7.5,5.5,1,7.8,5,23,1,10.6
"U46191",26,"Other","Professional","iOS",11,6.9,2,8.7,2,46,2,12.1
"U46192",45,"Female","Professional","Android",8.1,2.4,9,5.6,7,28,0,5.1
"U46193",28,"Other","Business Owner","iOS",11.9,2.3,7,5.9,5,9,6,2
"U46194",19,"Other","Student","Android",9.9,7.8,6,6.7,10,13,5,5.1
"U46195",35,"Female","Freelancer","iOS",4.2,1.1,3,5.5,5,13,1,4.7
"U46196",21,"Other","Business Owner","Android",10.3,2.6,8,4.8,4,36,2,5.6
"U46197",50,"Male","Business Owner","Android",1.9,4.2,4,4.1,4,26,1,10.5
"U46198",40,"Other","Professional","Android",4.2,7.9,6,7.2,9,44,5,11.9
"U46199",27,"Female","Business Owner","Android",11.8,2.7,8,6.8,7,21,3,9.5
"U46200",19,"Male","Business Owner","iOS",1.3,8,4,4,10,23,2,9.9
"U46201",43,"Other","Business Owner","Android",11.1,5.9,2,5.1,4,51,1,12.2
"U46202",33,"Other","Student","Android",8.1,5,8,4.9,7,54,4,2.9
"U46203",31,"Male","Freelancer","Android",9.6,3.7,1,7.9,5,13,0,6.9
"U46204",34,"Male","Student","iOS",8.6,1.5,9,7.2,9,59,5,8.6
"U46205",44,"Female","Student","iOS",7,7.6,4,6.9,9,39,2,3.5
"U46206",22,"Male","Student","iOS",5.2,3.9,10,7.1,9,37,0,2.4
"U46207",22,"Other","Professional","Android",9.1,4.7,2,6.5,1,26,4,11.9
"U46208",51,"Other","Freelancer","Android",2,2.5,9,4.9,7,31,6,6.8
"U46209",56,"Female","Business Owner","Android",3.3,7.9,5,7.2,1,40,4,7.4
"U46210",49,"Female","Student","Android",6.5,1.4,8,4.1,4,15,2,6.9
"U46211",51,"Other","Professional","iOS",11.2,6.6,10,8.6,6,56,3,13.5
"U46212",49,"Female","Professional","Android",8.8,5.9,10,5.1,3,11,5,3.5
"U46213",30,"Male","Freelancer","Android",6.2,1.6,4,8,10,33,1,11.9
"U46214",46,"Male","Freelancer","Android",5.7,6.7,4,6.1,6,22,4,8.5
"U46215",27,"Male","Freelancer","Android",1.3,7.1,4,5.2,7,6,4,6
"U46216",51,"Other","Student","Android",8.8,6.8,5,7.9,3,15,5,7.8
"U46217",29,"Other","Professional","Android",8.5,2.3,4,6.9,1,13,0,4
"U46218",59,"Other","Student","iOS",2.9,7.1,7,7.7,3,31,3,11.9
"U46219",42,"Male","Business Owner","iOS",9.6,6.6,4,5.7,7,8,0,5.8
"U46220",40,"Other","Student","Android",1.4,0.6,8,4.9,4,56,2,12.8
"U46221",56,"Female","Business Owner","Android",5.9,3.7,8,5.6,2,30,0,10.9
"U46222",30,"Female","Business Owner","Android",8.3,6.4,3,6.2,8,48,6,3.4
"U46223",60,"Female","Professional","Android",7.8,2.2,5,4.7,6,30,3,9.2
"U46224",31,"Female","Business Owner","iOS",4.9,1.2,3,6.1,6,48,0,9.3
"U46225",50,"Other","Student","iOS",5.3,5.3,9,6.5,7,19,5,2.5
"U46226",20,"Male","Business Owner","iOS",11.5,4.6,3,5.6,2,33,6,13
"U46227",36,"Other","Freelancer","Android",2.7,4.1,4,8.1,4,12,6,13.4
"U46228",24,"Other","Freelancer","Android",8.9,4.3,5,8.8,4,48,1,13.5
"U46229",57,"Male","Freelancer","iOS",8,1.6,4,6.7,8,20,0,11.6
"U46230",22,"Male","Business Owner","Android",5.8,4.1,3,8.5,10,25,0,11.5
"U46231",48,"Male","Business Owner","iOS",9.6,5.3,8,8.6,7,21,0,4.1
"U46232",23,"Male","Business Owner","iOS",2,2.3,9,4.9,10,6,2,6.6
"U46233",42,"Female","Business Owner","iOS",7.8,1.6,4,6.4,6,28,1,3.2
"U46234",21,"Male","Student","Android",9.3,5.6,9,4.3,3,48,5,8.3
"U46235",33,"Female","Professional","Android",5.6,3.4,10,6.1,5,54,1,2.5
"U46236",30,"Male","Professional","Android",3.6,4.3,6,8.4,7,44,4,8.6
"U46237",32,"Other","Student","Android",4.3,2.5,2,7.1,8,21,2,7.6
"U46238",21,"Female","Professional","iOS",10.2,5,8,4.5,3,8,5,9
"U46239",50,"Male","Student","iOS",10,6.8,3,7.7,8,43,6,9.2
"U46240",41,"Male","Business Owner","Android",5.9,6.9,5,8.8,8,47,5,13.5
"U46241",36,"Other","Student","iOS",10.6,3.7,1,6.4,6,34,3,10.5
"U46242",36,"Male","Professional","iOS",2.2,7.9,4,6.6,7,29,2,4.7
"U46243",23,"Female","Freelancer","iOS",7.6,4.1,3,8.7,7,41,2,6.4
"U46244",51,"Female","Professional","iOS",10.7,4.8,9,6.8,4,32,4,8
"U46245",59,"Other","Freelancer","iOS",3.3,3,6,4.4,5,28,4,5.8
"U46246",37,"Other","Freelancer","iOS",6.9,5.5,9,8.1,10,5,6,5.2
"U46247",33,"Other","Freelancer","iOS",10.1,6.4,1,5,6,6,3,4.4
"U46248",44,"Female","Business Owner","iOS",3.7,5.3,4,7.6,7,8,2,4.5
"U46249",59,"Other","Business Owner","Android",1.9,0.6,8,4.3,3,46,0,12.7
"U46250",45,"Female","Professional","iOS",7.4,2.2,1,5.7,8,38,6,10.4
"U46251",21,"Male","Business Owner","iOS",7.2,5.6,2,4.5,7,44,4,4.7
"U46252",60,"Female","Student","iOS",8.2,7.6,5,6.4,2,23,2,4
"U46253",29,"Female","Professional","Android",3.5,7.5,9,6,7,48,3,9.8
"U46254",19,"Other","Freelancer","iOS",2.3,3.5,8,6.8,7,40,4,7.3
"U46255",58,"Other","Business Owner","Android",10.8,4.8,8,5,4,23,2,2.3
"U46256",56,"Male","Student","iOS",7,5,2,8.9,9,59,1,3.9
"U46257",30,"Male","Student","iOS",2,7,7,5.4,4,32,6,7.2
"U46258",23,"Female","Business Owner","Android",3.2,1.6,7,5.4,1,50,0,5.8
"U46259",32,"Male","Professional","Android",11.3,0.6,2,5.4,7,23,3,11.5
"U46260",48,"Male","Student","iOS",2.3,3,5,6.6,3,26,5,4.8
"U46261",53,"Female","Student","Android",10.4,1.4,7,8.6,1,19,4,9.1
"U46262",52,"Male","Student","iOS",7.6,4.7,6,4.4,2,37,5,12
"U46263",21,"Male","Freelancer","iOS",11.8,1,1,5.7,10,17,6,2.2
"U46264",28,"Female","Business Owner","Android",5.5,5.2,1,5.4,6,16,2,4.5
"U46265",22,"Female","Business Owner","iOS",11.4,6.6,6,5.9,10,10,4,13.6
"U46266",20,"Female","Professional","Android",11.6,1.9,10,8.6,2,8,1,13.9
"U46267",55,"Other","Business Owner","iOS",10.7,5.3,8,5.4,5,14,0,6.9
"U46268",33,"Male","Student","Android",3.1,1.5,6,7.1,4,48,2,5.4
"U46269",44,"Female","Business Owner","iOS",10,2,1,4.7,4,39,0,2.8
"U46270",49,"Other","Freelancer","Android",4.1,4.8,10,6.8,6,59,5,12.7
"U46271",44,"Female","Student","Android",4.9,6.6,10,9,4,23,5,11
"U46272",49,"Other","Freelancer","iOS",11,3.6,2,8.9,7,18,2,8
"U46273",47,"Other","Freelancer","iOS",10.5,4.7,8,7.5,2,12,1,9.6
"U46274",47,"Other","Student","Android",4.5,1.4,9,4.5,7,5,3,5.1
"U46275",47,"Male","Business Owner","iOS",6.6,1.2,3,7.7,1,56,6,13.4
"U46276",33,"Other","Student","iOS",1.7,2,5,9,1,57,0,9.6
"U46277",44,"Male","Business Owner","Android",8.1,7.2,1,7.5,9,40,2,5.5
"U46278",39,"Male","Freelancer","iOS",11.2,6.6,6,7.2,4,23,5,8.6
"U46279",47,"Other","Student","Android",7.8,7.5,2,8.2,3,46,4,4.9
"U46280",42,"Male","Student","iOS",7.6,6,4,5.2,1,20,4,4.8
"U46281",37,"Female","Professional","Android",2.3,7.5,9,8,5,18,6,10.1
"U46282",40,"Male","Professional","Android",4.9,7.2,6,4.1,2,26,3,5.7
"U46283",40,"Other","Business Owner","iOS",3.4,2.8,4,5.4,9,27,0,9.2
"U46284",37,"Female","Student","iOS",11.7,1.3,3,6.9,2,31,3,11.9
"U46285",39,"Other","Student","iOS",1.9,2.9,5,8.5,7,32,4,4.6
"U46286",57,"Female","Freelancer","Android",10.4,7.5,6,5.7,8,53,6,13.3
"U46287",21,"Female","Student","iOS",1.3,5.1,2,7.6,10,37,2,5.5
"U46288",31,"Male","Student","iOS",5,7.3,2,8.9,2,43,3,5.8
"U46289",34,"Female","Freelancer","Android",7,4.8,8,6,7,10,4,6.1
"U46290",50,"Other","Business Owner","Android",4,0.9,7,6.4,6,16,5,6.1
"U46291",25,"Other","Business Owner","Android",2.2,6.1,5,8.5,5,37,1,10.6
"U46292",57,"Male","Freelancer","Android",10.8,5.1,10,8.3,4,14,0,8.7
"U46293",39,"Female","Professional","Android",9.9,1.7,8,5.8,1,50,1,8.5
"U46294",34,"Female","Professional","Android",9.4,1.9,1,8,1,31,3,7.7
"U46295",30,"Male","Student","Android",10.6,7.9,9,8.7,2,7,2,7.6
"U46296",40,"Other","Professional","iOS",4.1,5.2,4,6.9,7,50,0,11.6
"U46297",25,"Female","Business Owner","iOS",9.9,2.9,6,6.9,9,9,5,5.4
"U46298",24,"Female","Freelancer","iOS",6.3,2.1,1,8.2,2,17,6,5
"U46299",21,"Other","Professional","Android",7.9,2.1,3,4.7,8,17,2,12.3
"U46300",26,"Female","Professional","Android",10,1.9,10,7.6,6,44,6,9.1
"U46301",42,"Female","Business Owner","iOS",1.4,2.3,2,6.6,10,7,1,12.1
"U46302",57,"Male","Business Owner","Android",2.8,7.4,5,4.8,5,50,1,6.4
"U46303",31,"Female","Student","Android",5.7,2,5,4.3,9,47,0,9
"U46304",54,"Male","Student","iOS",4.8,4.9,5,8.1,1,7,3,7.1
"U46305",38,"Other","Student","Android",10.5,1,9,5.5,3,60,4,3.1
"U46306",41,"Other","Business Owner","Android",1.2,6.8,8,8,7,59,4,11.5
"U46307",31,"Male","Business Owner","iOS",8.4,4.1,10,6,9,11,3,9
"U46308",33,"Male","Freelancer","Android",7.9,5.5,9,7.8,3,19,5,6.2
"U46309",21,"Other","Business Owner","iOS",6.2,7.3,4,8.5,5,20,2,10.4
"U46310",52,"Male","Professional","Android",7.8,7.8,8,6.4,7,49,5,4.3
"U46311",57,"Male","Student","iOS",1.1,5.4,4,4.6,10,43,4,9
"U46312",26,"Other","Professional","iOS",10.5,0.6,2,7.2,1,50,3,9.8
"U46313",30,"Female","Student","iOS",6.8,6.3,5,8.3,5,5,5,3.1
"U46314",33,"Other","Freelancer","iOS",2.1,1.5,6,4.5,9,39,2,13
"U46315",30,"Other","Business Owner","iOS",6,0.5,5,5.4,7,46,3,13.4
"U46316",59,"Male","Professional","iOS",7.1,4.5,9,6.5,9,55,1,10.1
"U46317",23,"Male","Business Owner","iOS",2.3,4.4,6,6.7,4,14,6,5.1
"U46318",31,"Male","Student","Android",5.7,1,7,5,9,58,3,10.8
"U46319",41,"Other","Student","Android",6.2,4.8,1,4.2,9,13,0,9.9
"U46320",22,"Other","Freelancer","Android",4.4,6.2,1,6.8,1,59,2,3.2
"U46321",37,"Other","Business Owner","Android",6.2,6.6,10,7.2,3,45,6,4.1
"U46322",59,"Other","Student","Android",1.7,2.1,6,4.5,8,34,0,13.9
"U46323",51,"Female","Student","iOS",3.2,3.7,4,8.8,10,54,0,8.6
"U46324",38,"Male","Professional","iOS",2.9,2.3,8,4.4,10,9,0,5.3
"U46325",39,"Male","Business Owner","Android",9.5,6.7,5,4.1,3,35,4,4.9
"U46326",19,"Female","Student","iOS",2.2,5.7,2,7.7,7,42,2,5.1
"U46327",47,"Male","Freelancer","Android",8.8,6.8,1,8.1,1,36,2,13.3
"U46328",19,"Other","Business Owner","Android",10.2,5.5,6,9,3,20,6,8.3
"U46329",27,"Female","Freelancer","Android",4.4,5.2,5,7.1,10,50,2,9.1
"U46330",42,"Other","Professional","iOS",3.1,5.1,7,8.9,7,21,3,5.4
"U46331",34,"Female","Business Owner","Android",11.4,4.4,7,7.8,9,6,3,8.8
"U46332",19,"Female","Professional","Android",10.4,6.6,10,7.9,10,47,5,7.6
"U46333",45,"Female","Business Owner","iOS",2.9,1.6,4,7.3,4,32,2,3.9
"U46334",26,"Male","Freelancer","iOS",7.8,7.4,10,4.6,8,6,3,12.8
"U46335",45,"Female","Business Owner","iOS",6.7,7.3,8,6.5,5,49,0,6.6
"U46336",18,"Other","Freelancer","Android",3.7,5.4,5,4.9,6,9,2,7.1
"U46337",42,"Female","Student","Android",10.7,6.4,3,7.2,5,60,3,8
"U46338",46,"Male","Business Owner","iOS",3.9,4.2,4,8.2,1,22,6,7.6
"U46339",36,"Male","Student","Android",1.1,3.1,7,5.8,5,20,1,4.4
"U46340",24,"Female","Business Owner","iOS",5,5.6,7,4.9,5,23,4,4.9
"U46341",38,"Male","Business Owner","Android",11,2.4,2,4.9,7,42,5,11.3
"U46342",58,"Male","Freelancer","iOS",1.7,7.8,6,6.3,5,21,1,12.2
"U46343",25,"Female","Freelancer","iOS",4.9,7.9,3,6.2,4,21,1,11.9
"U46344",37,"Male","Professional","iOS",1.1,1.4,1,4.9,10,25,0,8.7
"U46345",37,"Other","Professional","Android",5.8,6.2,9,4.4,2,28,1,9.3
"U46346",50,"Other","Freelancer","iOS",10.9,4.5,1,8.9,2,14,6,6.8
"U46347",48,"Female","Business Owner","iOS",4.2,1.4,8,8.8,10,15,5,12.9
"U46348",45,"Other","Professional","Android",9.5,4,4,5,3,42,5,2
"U46349",28,"Female","Student","Android",5.2,3.4,4,4,8,37,2,8.8
"U46350",24,"Other","Student","iOS",6.1,3.6,6,7.5,8,6,2,5.4
"U46351",44,"Female","Freelancer","iOS",4.9,6.4,5,4.8,5,19,4,9.4
"U46352",36,"Male","Business Owner","iOS",3.7,1.1,3,7.6,2,26,6,7.8
"U46353",53,"Male","Freelancer","iOS",6.6,4.8,1,7,8,25,5,7.8
"U46354",33,"Female","Student","Android",9.3,7.4,2,7.2,2,37,1,7.8
"U46355",34,"Other","Student","Android",2.3,5.6,1,5.1,3,55,0,5.9
"U46356",60,"Male","Professional","Android",5.2,1.5,3,8.3,7,16,4,11.8
"U46357",26,"Male","Business Owner","Android",11.7,2.1,6,6.8,3,56,1,5.9
"U46358",47,"Other","Professional","iOS",8.7,7.3,4,4.7,4,35,4,8
"U46359",55,"Female","Business Owner","iOS",9.3,0.5,8,8.3,3,32,6,4.4
"U46360",47,"Other","Business Owner","Android",7.3,1.4,4,5.2,6,45,1,4.1
"U46361",33,"Female","Student","iOS",5.9,4.5,9,4.6,5,6,2,13.7
"U46362",21,"Male","Student","Android",11.4,2.8,10,4.4,6,44,1,7.5
"U46363",29,"Other","Professional","iOS",3.5,4.3,8,4.8,8,12,6,7.6
"U46364",55,"Male","Business Owner","iOS",3.8,4.5,3,8.4,5,6,6,4.1
"U46365",36,"Other","Business Owner","iOS",1.6,1.6,7,8.8,9,21,4,8.3
"U46366",21,"Other","Student","iOS",10.2,4,7,8.6,1,15,6,3.1
"U46367",45,"Male","Business Owner","iOS",1.5,1,9,8.5,7,47,0,9.7
"U46368",54,"Other","Freelancer","Android",8.7,5.4,7,5.7,4,13,5,12.9
"U46369",38,"Male","Freelancer","Android",8.8,5.8,10,7.2,10,29,3,13.3
"U46370",48,"Other","Business Owner","iOS",2.6,6.1,1,6.4,7,19,0,2.4
"U46371",28,"Other","Professional","Android",2.2,1.8,3,7.3,3,16,0,13.4
"U46372",40,"Female","Freelancer","Android",3.4,2.8,2,4.5,7,60,4,7.3
"U46373",28,"Female","Freelancer","Android",2.9,6.5,2,7.4,3,53,2,8.2
"U46374",60,"Female","Student","Android",6.2,7.9,4,7.8,9,33,0,4.6
"U46375",20,"Female","Professional","iOS",9.2,2.1,7,7.3,9,59,1,8.6
"U46376",28,"Other","Freelancer","iOS",9.9,5.7,7,7.7,6,30,1,7.3
"U46377",32,"Female","Professional","Android",6.3,6.5,10,8.7,2,41,1,9.7
"U46378",41,"Other","Freelancer","Android",6.3,8,8,4.7,8,19,1,8.7
"U46379",50,"Male","Business Owner","Android",4.4,2.4,5,6.8,7,53,2,4.9
"U46380",57,"Female","Business Owner","Android",5.6,4.7,6,6.7,2,32,5,4
"U46381",31,"Male","Freelancer","iOS",3.7,1.6,9,7.3,9,24,5,7.5
"U46382",47,"Male","Professional","Android",8.7,6.9,9,4.5,3,39,2,10.1
"U46383",47,"Other","Business Owner","Android",1.7,3.6,7,4.1,9,29,0,9.6
"U46384",25,"Other","Student","iOS",8,6,10,6.7,1,49,0,8.2
"U46385",28,"Female","Business Owner","iOS",3.8,1.4,4,6.5,9,40,6,6
"U46386",41,"Male","Student","iOS",6.1,7.1,5,4.7,1,53,3,3.7
"U46387",52,"Other","Professional","iOS",7.8,6.9,6,7.2,10,38,2,11.5
"U46388",29,"Female","Professional","Android",7.7,6.1,2,6.1,8,30,1,13.5
"U46389",52,"Other","Business Owner","iOS",10.2,5.4,10,6.2,10,25,5,8.7
"U46390",34,"Female","Business Owner","Android",7.3,4.9,10,5.6,7,11,3,9.1
"U46391",51,"Other","Freelancer","Android",6,3.7,1,8.7,7,58,0,2.6
"U46392",53,"Other","Business Owner","iOS",2.3,3.2,6,5.2,9,35,3,6.9
"U46393",56,"Female","Business Owner","Android",5.7,2.7,3,6.4,2,18,2,3.2
"U46394",23,"Male","Professional","Android",10.3,5,10,5.9,5,35,1,3.5
"U46395",55,"Female","Student","iOS",7.5,7.6,2,4.9,5,8,6,2.2
"U46396",60,"Male","Freelancer","Android",3.5,4.2,1,4.2,9,44,0,2.3
"U46397",55,"Female","Business Owner","Android",3.1,4.9,5,5.4,8,43,3,8.8
"U46398",37,"Male","Business Owner","Android",2.8,1.6,10,5.7,3,45,3,5.5
"U46399",56,"Other","Student","iOS",11.9,4.9,3,6.2,4,20,2,2.3
"U46400",40,"Male","Freelancer","Android",6.4,1.2,7,4.9,4,8,6,10.9
"U46401",23,"Male","Freelancer","iOS",6.6,3.2,8,5.2,6,14,6,5
"U46402",42,"Other","Student","Android",11.7,6.2,3,6.2,10,7,1,2
"U46403",39,"Other","Business Owner","iOS",4.8,1.2,5,9,6,47,2,2.6
"U46404",57,"Other","Freelancer","Android",6.1,6.8,1,6.3,1,49,0,9.5
"U46405",55,"Male","Business Owner","iOS",8.8,4.7,7,6.1,10,35,2,8
"U46406",22,"Male","Business Owner","iOS",2.9,6.2,6,7.1,7,35,2,9.3
"U46407",55,"Male","Professional","iOS",4.4,5.6,2,8.7,2,16,5,9.5
"U46408",35,"Male","Business Owner","iOS",10.1,5.8,2,5.2,9,56,3,6.5
"U46409",38,"Female","Business Owner","iOS",1.3,7.1,7,6,5,52,3,11.8
"U46410",43,"Other","Freelancer","iOS",2.2,5.3,7,6.1,7,5,3,12.6
"U46411",60,"Male","Student","iOS",1.4,5.9,2,7.3,4,51,0,3.2
"U46412",36,"Male","Business Owner","Android",11.2,0.6,2,4.2,3,55,3,2.5
"U46413",37,"Male","Professional","iOS",2.9,5,7,5.5,4,48,6,10.9
"U46414",45,"Female","Student","Android",6.7,0.5,10,8.3,4,37,4,9.3
"U46415",34,"Male","Business Owner","iOS",2,0.6,6,6.7,8,38,5,4.9
"U46416",38,"Other","Professional","iOS",5,2,10,5.3,2,60,5,12.5
"U46417",27,"Female","Student","Android",8.6,1,10,5.8,3,8,0,5.9
"U46418",33,"Female","Student","iOS",5,5.5,1,5.1,6,31,2,7.3
"U46419",55,"Male","Professional","Android",4.4,4.6,10,8.4,4,29,6,9.1
"U46420",18,"Other","Business Owner","Android",8.2,5.9,6,7.8,9,44,2,7.1
"U46421",19,"Male","Student","iOS",8.8,6.1,2,4,9,48,1,2.3
"U46422",34,"Male","Professional","iOS",9,0.5,7,4.5,5,31,0,13.8
"U46423",22,"Female","Business Owner","Android",6.9,3.9,8,6.8,1,49,0,4.7
"U46424",41,"Other","Freelancer","iOS",9.5,5.4,4,7.4,1,14,6,12.4
"U46425",28,"Female","Freelancer","iOS",12,3.8,4,4.6,3,12,0,7
"U46426",37,"Other","Professional","Android",4.6,5.8,3,7.1,5,21,4,3.6
"U46427",27,"Female","Business Owner","Android",9.7,3,8,8,3,46,6,13.2
"U46428",51,"Female","Business Owner","Android",9.6,1.4,4,4.5,10,45,1,6.7
"U46429",42,"Female","Business Owner","iOS",8.5,5.6,1,8.8,4,29,1,5.1
"U46430",49,"Male","Professional","Android",10,5,9,6.6,2,28,2,7.6
"U46431",52,"Male","Business Owner","iOS",7.2,5.5,2,4.4,10,48,5,2.1
"U46432",41,"Male","Business Owner","iOS",6.4,3.9,4,7.5,2,42,5,6.1
"U46433",39,"Female","Business Owner","Android",6.4,6,7,8.1,7,49,2,9.2
"U46434",34,"Female","Professional","Android",8.6,2.5,3,7.1,4,9,3,9.7
"U46435",49,"Male","Professional","Android",4.1,3.2,8,6.2,10,38,1,13.2
"U46436",18,"Male","Business Owner","iOS",6.2,7.1,9,4.6,3,57,3,11
"U46437",22,"Male","Freelancer","Android",2,6.7,3,5.1,1,8,5,10.3
"U46438",50,"Other","Student","iOS",9.2,3.6,10,5.1,6,17,1,3.3
"U46439",55,"Male","Freelancer","Android",10.9,5.9,4,8.7,3,32,5,7.6
"U46440",48,"Male","Freelancer","iOS",3.3,3.6,7,4.5,6,51,6,3.6
"U46441",49,"Male","Business Owner","Android",1.9,1,4,7.6,10,27,4,5.6
"U46442",56,"Other","Business Owner","iOS",4.3,2.5,2,5.1,10,9,0,8.2
"U46443",40,"Female","Business Owner","iOS",2.6,6.7,1,7.8,4,15,6,12.8
"U46444",20,"Male","Professional","Android",11.6,4.3,9,5.8,9,9,3,6.3
"U46445",25,"Male","Freelancer","iOS",10.6,1.9,9,9,9,44,1,13.9
"U46446",37,"Female","Student","Android",10.2,2.8,10,7.6,9,40,5,6.6
"U46447",42,"Male","Professional","Android",9.6,5.5,2,4.2,2,11,6,8
"U46448",46,"Other","Student","Android",8.6,5.8,5,5.8,5,29,2,12.4
"U46449",20,"Male","Professional","Android",6.3,3.6,4,8,8,8,6,2.9
"U46450",57,"Female","Freelancer","Android",4.5,6.2,9,4.5,9,42,5,11.2
"U46451",32,"Female","Student","iOS",11.4,3.2,6,6.9,1,12,1,6.6
"U46452",45,"Male","Freelancer","iOS",11,6.6,9,6.2,4,16,2,5.1
"U46453",49,"Male","Freelancer","iOS",3,5.7,6,6.7,1,46,3,5.8
"U46454",27,"Male","Freelancer","Android",4.9,7.5,8,4.4,2,43,5,13.5
"U46455",59,"Other","Freelancer","Android",8.7,6.8,3,5.9,2,28,2,10.9
"U46456",39,"Other","Freelancer","Android",5.8,5.3,10,6,5,5,4,3.4
"U46457",20,"Other","Freelancer","iOS",7.9,7.3,8,4.5,9,34,2,2.5
"U46458",26,"Other","Freelancer","Android",5.4,3.4,7,4.5,10,34,2,11.1
"U46459",50,"Female","Business Owner","Android",8.1,5,2,4.9,4,19,6,6.1
"U46460",19,"Male","Student","Android",5.8,3.9,9,6.7,6,45,2,8.9
"U46461",21,"Other","Freelancer","iOS",5.9,1.9,5,8.6,5,43,1,5.8
"U46462",37,"Female","Student","iOS",7.5,2.6,6,7.1,10,10,3,6
"U46463",60,"Male","Professional","Android",4.2,6.2,4,8.2,2,46,1,4.7
"U46464",22,"Other","Business Owner","Android",1.9,4.4,4,7.3,9,20,0,6.5
"U46465",47,"Female","Freelancer","iOS",11.3,7.7,2,7.8,4,12,4,12.4
"U46466",48,"Female","Professional","iOS",7.3,1.9,10,6.4,5,45,2,2.4
"U46467",20,"Other","Business Owner","Android",3.4,1.5,6,8.6,5,19,4,4.5
"U46468",58,"Other","Professional","iOS",3.7,1.6,4,6.8,5,45,0,11.6
"U46469",49,"Female","Professional","iOS",7.5,3.5,4,7.8,2,20,5,11
"U46470",33,"Female","Student","Android",11.6,1.3,2,6.1,7,50,1,11.3
"U46471",35,"Male","Student","iOS",5.4,6.3,3,5.6,7,51,0,6.1
"U46472",45,"Female","Business Owner","Android",8.1,5.1,5,7.6,7,51,6,9
"U46473",20,"Male","Freelancer","Android",5.1,1.6,6,6.9,2,5,5,14
"U46474",33,"Male","Professional","iOS",7,6.3,5,6.8,6,23,3,13.2
"U46475",24,"Female","Freelancer","iOS",5.3,2.4,2,5.4,7,52,5,12.6
"U46476",44,"Female","Student","Android",7,6.1,6,8.6,7,23,1,6.9
"U46477",24,"Female","Professional","iOS",1.6,5.1,3,8.6,6,12,6,5.6
"U46478",32,"Male","Freelancer","Android",5.3,2.9,8,4.7,4,51,3,4.9
"U46479",60,"Male","Student","Android",3.8,7.4,9,5.8,4,55,2,3.8
"U46480",37,"Female","Freelancer","Android",3.4,7.8,1,4.1,6,18,3,11.8
"U46481",18,"Female","Business Owner","iOS",7.1,1.8,10,6.3,10,53,4,6.9
"U46482",49,"Female","Business Owner","iOS",4.2,5.3,6,4.1,1,43,5,9
"U46483",55,"Male","Professional","Android",2.9,2.3,1,5.6,7,49,5,5.7
"U46484",57,"Female","Freelancer","iOS",2.2,2.2,10,6.9,7,34,1,8.3
"U46485",26,"Female","Student","Android",3.4,4.2,9,7.8,6,6,0,6.7
"U46486",23,"Male","Student","iOS",9.6,6.9,1,4.5,8,43,2,8.3
"U46487",42,"Male","Professional","iOS",9.1,1.1,2,7.2,5,56,3,4.4
"U46488",35,"Female","Business Owner","Android",1.7,8,8,4.5,5,26,5,11.9
"U46489",40,"Other","Professional","iOS",10.8,3.1,3,7.9,9,14,3,9.8
"U46490",48,"Male","Student","iOS",1.3,2.2,1,7.4,9,22,2,5.7
"U46491",38,"Other","Freelancer","iOS",1.9,7,3,5.5,10,28,6,6.9
"U46492",29,"Female","Freelancer","Android",8.5,1.3,9,9,4,21,2,12.1
"U46493",49,"Female","Professional","iOS",9.6,3,9,7.8,8,16,3,11
"U46494",40,"Female","Student","Android",9.2,7.7,4,6.4,9,52,4,2.9
"U46495",36,"Other","Business Owner","iOS",3.9,0.9,10,4,4,47,2,7.2
"U46496",59,"Female","Professional","Android",11.3,6.4,6,8.3,6,29,2,8.6
"U46497",29,"Male","Freelancer","Android",11.8,7.4,9,5.6,8,32,1,11.5
"U46498",50,"Other","Professional","iOS",2.1,2,8,4.9,7,44,1,3.4
"U46499",60,"Other","Student","iOS",8.2,5.2,5,8.7,3,42,6,13.9
"U46500",30,"Other","Freelancer","Android",5.8,2.1,8,8.5,9,26,6,4.4
"U46501",26,"Male","Student","iOS",1.6,7.3,9,6,7,11,4,5
"U46502",53,"Female","Student","iOS",10.6,6.8,1,8.5,9,5,6,2.1
"U46503",43,"Female","Student","iOS",2.8,4,3,4.6,1,12,1,13.7
"U46504",49,"Female","Freelancer","Android",10.7,5.1,7,6.4,2,15,5,2.6
"U46505",50,"Other","Professional","iOS",4.8,3,10,7.6,3,20,3,12.3
"U46506",39,"Male","Professional","iOS",1.9,7,8,8.3,10,42,5,6
"U46507",23,"Female","Professional","iOS",10.1,6.5,5,6.8,5,23,1,12.5
"U46508",40,"Female","Business Owner","iOS",11.2,4.6,10,7.3,8,20,0,10.9
"U46509",21,"Female","Freelancer","Android",3.7,0.6,3,5.3,9,47,6,3.7
"U46510",45,"Other","Professional","Android",8.8,5.3,7,4.7,5,42,4,4.4
"U46511",43,"Female","Student","iOS",5.8,2.7,10,7,9,36,1,11.1
"U46512",51,"Other","Business Owner","Android",7.7,0.7,1,8.7,2,45,2,3.3
"U46513",50,"Other","Freelancer","Android",2.3,6.7,8,7.9,8,5,3,11.6
"U46514",22,"Male","Business Owner","Android",5,4.5,3,4.7,10,30,3,11.8
"U46515",40,"Other","Student","Android",10.3,1.2,6,5.3,9,58,5,3
"U46516",40,"Male","Freelancer","iOS",9.7,7.7,9,7.3,3,26,0,6
"U46517",47,"Female","Freelancer","Android",1.2,5.7,6,7.4,8,24,0,13.1
"U46518",25,"Male","Student","Android",7.6,4.9,4,8.6,4,7,3,13.8
"U46519",38,"Other","Professional","iOS",11.5,1.2,9,4.8,5,38,4,6.4
"U46520",41,"Other","Freelancer","Android",4.1,4.6,8,5.9,3,6,4,2.6
"U46521",44,"Other","Business Owner","Android",4.3,2.2,8,8.2,8,13,4,4.2
"U46522",44,"Other","Professional","iOS",5.2,5.3,10,6.2,1,46,2,3.6
"U46523",23,"Female","Student","Android",2.5,5.9,10,7.3,2,27,3,3.9
"U46524",44,"Female","Student","iOS",8.6,4.4,7,5.9,1,45,3,7.8
"U46525",44,"Female","Student","iOS",11,6.5,9,6.8,1,21,5,10.5
"U46526",53,"Male","Freelancer","iOS",8.4,6.9,10,5.5,9,14,4,13.6
"U46527",55,"Other","Professional","iOS",5.5,3.3,4,5.1,5,13,1,7.4
"U46528",37,"Male","Freelancer","iOS",2,6,10,5.3,7,37,0,6
"U46529",20,"Other","Student","Android",7.2,1.2,6,8.6,6,40,4,5.1
"U46530",54,"Female","Freelancer","iOS",4.1,1.5,4,5,7,27,5,11
"U46531",33,"Male","Professional","Android",9.6,0.6,10,4.5,5,39,1,3.1
"U46532",44,"Male","Professional","Android",2.7,4,7,4.5,1,60,6,6
"U46533",33,"Female","Freelancer","Android",2.7,4.7,6,7.3,1,13,3,8.4
"U46534",42,"Female","Freelancer","iOS",2.9,3.4,4,8.4,4,40,1,4.3
"U46535",34,"Other","Professional","iOS",2.6,2.6,1,4.7,4,14,0,9
"U46536",44,"Other","Freelancer","iOS",8,4.5,2,9,4,57,3,13.6
"U46537",58,"Other","Business Owner","Android",6.4,6.4,1,4.7,6,45,6,10.6
"U46538",18,"Male","Professional","Android",5.2,3.1,4,8.9,10,24,5,7
"U46539",39,"Male","Freelancer","Android",4,6.1,7,7.2,5,31,0,6.3
"U46540",54,"Female","Business Owner","iOS",9.5,3.7,8,7.1,6,38,4,6.1
"U46541",41,"Male","Professional","Android",10.9,5.7,4,7.7,5,17,2,6.9
"U46542",38,"Other","Business Owner","Android",9.7,2.6,9,4.9,8,56,4,8.7
"U46543",25,"Male","Business Owner","Android",8.9,7.2,10,4.4,7,8,1,12.6
"U46544",44,"Male","Student","iOS",10.4,5.1,9,4.7,6,27,2,5
"U46545",25,"Male","Student","iOS",6.2,6.8,5,6.5,7,9,1,3.2
"U46546",22,"Male","Student","iOS",5.9,1.9,2,4.4,5,44,4,3.6
"U46547",32,"Male","Freelancer","iOS",10.8,5.8,1,8.7,3,52,6,10.7
"U46548",31,"Female","Student","iOS",3.2,4.3,10,5.4,7,7,5,9.6
"U46549",55,"Female","Freelancer","Android",3.6,1.3,4,8.4,3,40,0,13.3
"U46550",39,"Female","Professional","iOS",10.5,4.2,4,7.5,6,10,0,10
"U46551",44,"Female","Student","iOS",4.5,6.7,1,4.1,3,31,2,11.7
"U46552",30,"Female","Professional","Android",2.7,1.7,2,6.5,8,45,0,9.5
"U46553",29,"Female","Student","iOS",8.8,1,3,8.3,9,48,3,12.1
"U46554",26,"Male","Freelancer","iOS",4.5,3.4,5,7.4,7,24,4,3.4
"U46555",34,"Male","Professional","iOS",7.9,7.2,3,8.3,10,36,1,4.5
"U46556",41,"Female","Freelancer","iOS",11.3,7.7,4,8,6,16,2,6.2
"U46557",22,"Male","Professional","Android",2.9,5.3,6,8.9,3,50,6,9.2
"U46558",50,"Female","Student","iOS",6.9,6.1,7,7.3,3,25,1,9.3
"U46559",27,"Other","Professional","Android",3.1,7.9,1,6.9,7,5,2,11.8
"U46560",41,"Male","Freelancer","iOS",1.4,6.5,2,8.9,7,7,3,9.2
"U46561",43,"Other","Business Owner","iOS",5.4,5.1,3,8.3,5,48,5,9.6
"U46562",56,"Female","Freelancer","iOS",2.1,3.8,6,8.6,1,56,3,5.4
"U46563",43,"Other","Professional","Android",11.3,0.6,6,7.1,1,30,3,10.3
"U46564",22,"Female","Business Owner","iOS",1.9,3.2,4,5,10,29,5,9.1
"U46565",55,"Female","Business Owner","Android",1.1,6.7,6,4.8,2,9,0,9.8
"U46566",26,"Female","Freelancer","Android",1.1,4.7,3,4.2,7,17,0,10.2
"U46567",23,"Male","Professional","iOS",5.9,7.8,8,8.5,3,28,5,2.2
"U46568",27,"Female","Professional","Android",3.3,2.4,10,4.9,2,46,5,6.7
"U46569",59,"Female","Business Owner","Android",8.7,1.9,5,8.8,1,41,0,10.9
"U46570",45,"Female","Professional","iOS",1.6,6.3,1,8.8,1,43,4,12.7
"U46571",54,"Female","Freelancer","iOS",2.8,6,5,7.7,7,38,4,9.2
"U46572",46,"Female","Business Owner","Android",4.3,1.8,8,4.4,5,27,5,13
"U46573",37,"Other","Business Owner","iOS",11.4,7.5,5,7.8,5,15,6,7.7
"U46574",53,"Other","Student","Android",11.3,6.2,7,8,6,14,2,11.9
"U46575",42,"Other","Freelancer","iOS",8.9,1.3,1,7.1,5,55,6,9.5
"U46576",55,"Male","Student","iOS",5.5,3.1,9,4.8,5,44,1,11.6
"U46577",49,"Female","Student","Android",5.8,7.5,7,8.5,9,44,1,13.5
"U46578",53,"Female","Business Owner","iOS",9.6,2.5,2,7.7,1,54,6,13
"U46579",37,"Other","Professional","iOS",11.3,1.1,6,4.9,3,46,5,12.2
"U46580",51,"Male","Freelancer","Android",2.4,3.3,2,4.7,1,58,3,11.5
"U46581",48,"Other","Student","Android",8.2,1.1,8,7.8,3,52,5,10.2
"U46582",54,"Other","Professional","Android",2.9,6.6,6,7.1,3,24,1,3.4
"U46583",50,"Other","Business Owner","iOS",1.5,7.9,10,8.9,10,47,0,13.1
"U46584",58,"Female","Freelancer","iOS",7.9,6.7,7,6.9,4,41,1,8.9
"U46585",56,"Female","Student","iOS",8.8,0.8,5,4.4,5,56,1,12
"U46586",44,"Female","Professional","Android",2.1,0.5,1,6.6,6,44,3,6
"U46587",30,"Other","Freelancer","iOS",7.3,5.8,8,5.1,2,59,2,6.8
"U46588",23,"Other","Student","Android",1,8,8,7.9,7,39,1,4
"U46589",54,"Male","Freelancer","Android",2,4.2,2,7.1,7,40,0,7.8
"U46590",45,"Female","Business Owner","Android",2.6,7.8,4,8.1,1,59,6,4.3
"U46591",32,"Male","Freelancer","iOS",8,3.3,9,6.4,9,39,0,5.1
"U46592",21,"Female","Student","Android",11.5,1,2,6.7,8,44,3,3.5
"U46593",40,"Other","Professional","Android",6.2,4.5,1,6.4,10,42,2,9.4
"U46594",28,"Other","Student","Android",6.8,3.4,1,8.6,1,52,2,6.6
"U46595",49,"Male","Student","iOS",1.7,4.2,7,4.8,8,9,6,12.4
"U46596",58,"Female","Student","Android",3.1,2.7,5,7.9,2,51,4,9.3
"U46597",21,"Other","Student","Android",1.5,5.1,3,6.2,4,14,5,5.1
"U46598",34,"Female","Professional","Android",1.8,2.7,10,8.9,9,25,3,9.7
"U46599",31,"Male","Professional","Android",10.5,2.4,9,4.9,3,48,6,4.1
"U46600",42,"Male","Freelancer","Android",10.2,7.3,1,5.6,10,7,0,8.1
"U46601",54,"Male","Student","Android",3.8,5.3,3,8.2,3,15,6,3.6
"U46602",29,"Male","Student","iOS",9.9,4,7,8.2,5,30,6,6.9
"U46603",29,"Male","Freelancer","iOS",2.8,7.9,5,6.8,10,38,3,4.2
"U46604",40,"Male","Freelancer","Android",6.6,5.6,3,7.8,6,40,1,8.2
"U46605",54,"Female","Professional","Android",9.9,4.3,1,8.4,8,60,2,13
"U46606",23,"Other","Student","Android",3.9,2.2,9,8.4,1,30,2,4.9
"U46607",45,"Male","Business Owner","iOS",10.6,4.7,7,7.6,1,6,5,12.1
"U46608",34,"Female","Freelancer","iOS",8,6.4,7,4.6,4,40,1,4.7
"U46609",26,"Male","Freelancer","iOS",4.4,7.7,9,4.9,1,48,1,11.1
"U46610",33,"Male","Freelancer","Android",7.9,3.1,9,4.3,10,16,4,4.9
"U46611",18,"Male","Professional","Android",11.4,4.3,2,7.9,2,51,2,10.2
"U46612",25,"Female","Student","iOS",4.1,4.1,3,7.5,5,23,0,4.2
"U46613",26,"Female","Freelancer","Android",3.7,7.1,3,7.3,10,13,4,4.7
"U46614",48,"Male","Student","iOS",10,7.4,4,6.8,8,22,6,8.3
"U46615",36,"Male","Student","Android",10.8,2.1,9,4.7,2,29,6,6.9
"U46616",43,"Male","Business Owner","Android",3.4,7.4,4,6.5,9,43,2,12.4
"U46617",55,"Male","Freelancer","Android",10.9,1.5,5,5.9,6,8,1,3.5
"U46618",18,"Male","Student","Android",5.3,6.9,7,5.5,6,36,5,12.1
"U46619",25,"Other","Business Owner","Android",7.4,0.7,5,8.2,8,18,5,6.5
"U46620",49,"Male","Professional","iOS",2.6,4.5,9,4.7,5,6,5,10.9
"U46621",42,"Female","Student","Android",2.4,4.8,10,4.4,1,55,4,3.5
"U46622",31,"Male","Business Owner","Android",7.1,4.4,9,5.3,4,24,6,3
"U46623",24,"Other","Professional","iOS",5.2,0.5,5,4.9,2,23,0,8.2
"U46624",56,"Male","Freelancer","Android",11.3,3.1,7,8.6,10,34,5,7.2
"U46625",23,"Female","Business Owner","Android",4.5,2.1,8,4.9,5,59,2,2.8
"U46626",54,"Male","Student","Android",7.8,3.6,7,4.5,6,15,4,7.4
"U46627",50,"Female","Business Owner","Android",2.2,0.7,10,5.5,6,41,0,5.1
"U46628",45,"Other","Student","iOS",5.1,5.5,7,4.4,10,52,3,11.3
"U46629",33,"Male","Student","iOS",5.4,1.6,3,8.2,8,53,5,5.6
"U46630",47,"Other","Student","Android",1.9,1.4,6,4.2,7,51,6,3.8
"U46631",59,"Other","Business Owner","iOS",6,1.9,4,8.8,10,10,0,11.7
"U46632",19,"Female","Freelancer","iOS",7.7,4,10,4.3,8,25,3,5.3
"U46633",51,"Male","Professional","Android",8.9,7.7,10,8,1,59,3,9.3
"U46634",41,"Other","Student","iOS",5.8,3.9,6,5.5,1,51,1,2.3
"U46635",60,"Female","Student","Android",4.2,6.4,4,6.8,2,41,1,4.3
"U46636",40,"Male","Student","iOS",9.9,7.6,6,8.8,6,10,3,5.6
"U46637",32,"Male","Freelancer","iOS",7.3,2.1,1,5.2,9,48,4,5.2
"U46638",42,"Female","Business Owner","iOS",6.7,6.2,6,8.2,1,20,5,10.1
"U46639",18,"Male","Freelancer","Android",6.3,1.2,4,5.5,1,18,1,4
"U46640",44,"Other","Freelancer","Android",6.4,3.1,7,7.2,7,52,2,3.9
"U46641",27,"Other","Student","iOS",4.8,5.7,5,4.9,8,46,6,3.9
"U46642",29,"Female","Professional","iOS",9.6,2.3,10,8.2,9,49,3,4.9
"U46643",30,"Female","Student","Android",8.3,0.8,4,5.9,7,43,5,10.3
"U46644",18,"Female","Freelancer","Android",8.1,3.2,2,6.9,6,39,6,6.6
"U46645",44,"Male","Business Owner","Android",2.1,5.3,10,7.1,5,27,0,3.7
"U46646",30,"Other","Business Owner","Android",1.9,7,2,4.5,1,11,4,13.2
"U46647",40,"Male","Business Owner","iOS",9.4,6.1,5,4.4,1,35,1,8.2
"U46648",44,"Male","Business Owner","iOS",4.7,1.2,8,6.3,3,49,1,6.8
"U46649",48,"Other","Student","Android",5.5,5.2,1,7.6,1,51,6,11.3
"U46650",31,"Female","Student","iOS",3.6,6.2,8,4.1,9,47,0,11.4
"U46651",59,"Male","Freelancer","Android",5.3,7.6,4,5.9,5,50,1,9.4
"U46652",40,"Other","Student","iOS",1.3,5.5,10,8.9,10,8,5,4.6
"U46653",49,"Female","Freelancer","Android",5.8,5.6,10,6,7,31,3,8.1
"U46654",47,"Other","Student","iOS",7.4,4,9,8,1,22,6,12
"U46655",41,"Male","Student","Android",1.8,7,10,6.8,9,30,3,12.5
"U46656",43,"Other","Freelancer","Android",8.7,7.1,9,6.4,10,46,5,4
"U46657",57,"Male","Student","iOS",6.1,4.2,3,7.8,3,35,1,10.5
"U46658",36,"Male","Professional","iOS",1,0.5,8,6.2,6,20,6,13.4
"U46659",28,"Male","Business Owner","iOS",2.1,2.7,1,6.4,7,52,2,3.9
"U46660",56,"Male","Freelancer","iOS",7,3.5,2,5.5,7,22,2,12.6
"U46661",51,"Male","Freelancer","Android",3.7,6.1,7,7.1,7,52,1,10.4
"U46662",37,"Other","Freelancer","iOS",6.2,5.1,2,5.2,3,21,2,11.6
"U46663",22,"Male","Professional","Android",3.6,3.3,4,4.9,8,51,6,5.1
"U46664",18,"Female","Professional","Android",8,2,9,4.5,10,24,2,5.6
"U46665",37,"Other","Professional","Android",6,3.3,4,7.8,2,46,6,2.4
"U46666",18,"Male","Student","iOS",7.4,7.7,6,6.6,3,31,5,8.4
"U46667",20,"Female","Student","Android",4.6,6.8,6,7.2,1,41,3,2.3
"U46668",31,"Other","Freelancer","iOS",4.2,3.8,6,7.8,1,44,3,10.3
"U46669",28,"Female","Professional","Android",7.8,1.3,4,4.4,3,37,3,6.9
"U46670",48,"Male","Professional","iOS",1.4,6.5,2,7.8,9,30,4,9.4
"U46671",31,"Other","Freelancer","Android",1.5,2,1,8.8,6,8,6,9.7
"U46672",19,"Male","Professional","iOS",9.4,2.2,8,8.8,9,16,4,12.1
"U46673",31,"Other","Student","iOS",11.9,7.9,2,4.9,1,25,6,7.5
"U46674",26,"Female","Business Owner","iOS",4,2.4,5,8.7,2,30,1,5.9
"U46675",37,"Male","Professional","iOS",10.5,5.1,6,6.6,4,26,2,7.9
"U46676",51,"Male","Freelancer","iOS",10.2,2.2,8,6.9,7,36,4,4.5
"U46677",29,"Male","Professional","Android",5.9,6.6,6,5.2,9,24,0,7.8
"U46678",46,"Female","Freelancer","iOS",5.9,1.5,2,7.7,6,33,3,9.5
"U46679",37,"Other","Student","iOS",5,2.7,10,7.7,8,21,3,4.3
"U46680",42,"Other","Freelancer","iOS",7.7,7.5,1,5.9,8,40,1,11.5
"U46681",31,"Female","Student","iOS",1.7,3,9,8.8,6,50,5,7.7
"U46682",38,"Female","Freelancer","iOS",2.7,8,8,4.7,2,42,6,8.3
"U46683",26,"Female","Professional","Android",9.7,7.4,5,4.1,4,7,5,12.2
"U46684",32,"Other","Student","iOS",7.4,4.4,9,4.4,3,42,6,7.3
"U46685",39,"Male","Business Owner","Android",10.4,0.5,9,9,2,52,1,10.8
"U46686",44,"Male","Professional","Android",9.1,5,9,6.2,8,34,4,12.8
"U46687",23,"Other","Student","Android",6.5,5.5,5,6.4,8,22,2,9.3
"U46688",25,"Female","Student","iOS",9.8,2.7,3,6.8,8,22,5,6.1
"U46689",53,"Female","Professional","iOS",7.8,1.3,5,8.1,1,31,3,4.3
"U46690",50,"Other","Student","iOS",8.2,8,8,7.2,6,59,1,9
"U46691",27,"Male","Freelancer","Android",8.4,0.9,4,5.5,9,27,6,3.1
"U46692",18,"Female","Business Owner","Android",9.9,4.4,8,6.1,9,57,3,5.1
"U46693",33,"Male","Student","iOS",9.2,4,1,4.5,9,11,1,12.6
"U46694",52,"Male","Student","iOS",5.7,0.8,6,7.1,8,13,5,4.5
"U46695",18,"Male","Professional","iOS",6.8,5.7,10,7.9,5,16,3,11.6
"U46696",45,"Other","Business Owner","iOS",9.5,5.1,4,6.5,2,43,6,5.3
"U46697",55,"Female","Student","iOS",8.9,0.5,2,6.1,7,53,1,11.5
"U46698",39,"Male","Professional","Android",9.1,5.6,1,7.1,3,11,0,12.5
"U46699",50,"Other","Freelancer","iOS",3.8,4,8,8.3,3,23,2,8.4
"U46700",60,"Male","Professional","iOS",4.1,4.1,4,6.6,7,40,6,5.7
"U46701",44,"Male","Business Owner","iOS",7,1.3,9,6.2,10,53,1,6.4
"U46702",26,"Male","Business Owner","Android",4,1.3,3,6.5,9,23,2,2.1
"U46703",60,"Other","Student","Android",6.7,1.3,8,7.5,7,17,0,10.9
"U46704",22,"Male","Freelancer","iOS",7.8,7.7,5,6.4,6,23,5,13.2
"U46705",53,"Other","Student","Android",4.9,2.3,9,6.3,9,30,5,12.9
"U46706",39,"Female","Professional","Android",8.2,3.2,2,4.3,1,52,1,9.4
"U46707",30,"Other","Student","Android",6.4,6.2,10,8.3,6,33,4,2.1
"U46708",59,"Female","Freelancer","iOS",6.8,4,6,4.3,3,31,2,9.1
"U46709",60,"Male","Business Owner","Android",3.3,4.1,7,4.6,5,57,2,9.3
"U46710",22,"Female","Student","Android",8.3,3.7,2,7.2,10,16,3,13.2
"U46711",24,"Male","Student","iOS",3.9,1.9,1,5.4,7,41,2,5.7
"U46712",24,"Other","Business Owner","Android",7.1,3.8,2,5.7,6,49,6,10.8
"U46713",59,"Female","Professional","iOS",9.9,2.1,4,6,6,5,6,4.9
"U46714",28,"Male","Professional","Android",9.2,1.5,2,5.3,10,17,5,2.5
"U46715",50,"Other","Student","Android",1.9,4.5,1,7.5,10,10,4,3.5
"U46716",23,"Female","Freelancer","Android",2.1,2.8,9,6.3,9,40,5,13.8
"U46717",47,"Female","Business Owner","Android",6.3,4.1,2,4.4,5,39,5,5.7
"U46718",49,"Female","Student","Android",7.2,1.6,8,7.9,4,11,1,2.5
"U46719",56,"Female","Student","iOS",2.7,1.7,6,7.6,10,17,0,8.8
"U46720",19,"Female","Freelancer","iOS",3.4,4.6,1,8.1,4,20,2,10.9
"U46721",31,"Male","Business Owner","Android",8.4,7.9,6,5.5,9,24,2,6
"U46722",58,"Female","Freelancer","iOS",5.1,6.4,4,4.6,2,32,0,13.4
"U46723",43,"Other","Freelancer","Android",10.2,3.9,10,6.8,3,42,0,10
"U46724",45,"Female","Student","iOS",11.4,0.6,4,7,9,55,0,3.6
"U46725",42,"Other","Business Owner","iOS",3.5,5.2,10,4.3,3,20,4,12.4
"U46726",43,"Other","Business Owner","Android",11.3,5.5,10,7.1,2,20,4,12.8
"U46727",32,"Male","Student","Android",1.4,5.9,6,4.7,1,13,0,3.5
"U46728",43,"Male","Student","iOS",2,2.3,1,6.2,1,5,0,8.9
"U46729",59,"Male","Business Owner","Android",8.3,4.7,5,7.6,8,31,1,8.4
"U46730",57,"Other","Freelancer","iOS",6.1,2.1,8,7.4,9,19,4,10.5
"U46731",37,"Other","Freelancer","Android",4.7,6.4,3,7.8,2,9,1,9.7
"U46732",48,"Male","Student","Android",10.5,7,7,7.7,5,10,5,5.3
"U46733",29,"Other","Business Owner","iOS",5.3,5.7,8,8.4,3,42,3,8.6
"U46734",50,"Other","Business Owner","Android",10.4,3.4,10,4.9,10,25,0,13.1
"U46735",22,"Male","Business Owner","Android",1.4,5.7,8,4.2,9,6,5,10.3
"U46736",59,"Male","Student","iOS",6.5,4.1,3,7.1,7,13,1,3.8
"U46737",33,"Other","Freelancer","iOS",5.8,1.3,2,4.7,5,44,2,4.7
"U46738",28,"Other","Freelancer","iOS",5.5,3.2,6,7.2,1,12,0,11
"U46739",44,"Male","Freelancer","iOS",5.4,5,6,5.1,8,35,1,11.9
"U46740",38,"Other","Professional","Android",5.1,1.8,3,8.2,2,15,0,13.7
"U46741",55,"Male","Professional","Android",4.8,2,3,8.7,2,27,4,9.2
"U46742",50,"Other","Student","iOS",7.2,7.2,9,7.7,1,7,0,8.7
"U46743",35,"Male","Professional","iOS",5.1,2.7,8,6.6,5,22,6,4
"U46744",39,"Female","Professional","Android",3.6,4,8,8.5,4,7,4,11.6
"U46745",18,"Female","Professional","Android",9.2,6.1,1,4.2,4,41,2,6.6
"U46746",30,"Other","Professional","Android",4.2,4.1,1,5.2,3,11,2,10.1
"U46747",30,"Male","Student","iOS",7.6,6.4,4,7.5,6,24,0,2.2
"U46748",49,"Male","Business Owner","iOS",1.4,7.9,8,7.7,6,39,5,8.6
"U46749",57,"Other","Freelancer","iOS",9.3,2.2,6,6.8,7,6,4,4.7
"U46750",21,"Other","Student","Android",2.5,6.2,1,8.8,3,21,5,5.6
"U46751",29,"Other","Business Owner","iOS",6.7,6.3,9,8.3,4,15,6,7.5
"U46752",60,"Male","Freelancer","Android",11.8,4.4,1,6.8,3,50,4,5.1
"U46753",60,"Female","Professional","iOS",5.1,2.1,1,6,8,8,6,5.1
"U46754",56,"Female","Freelancer","Android",9.1,5.4,3,7.8,7,43,1,6.9
"U46755",35,"Other","Student","Android",10,4,1,7.1,4,39,6,5.7
"U46756",19,"Male","Business Owner","iOS",8.5,1.1,1,6.2,6,51,2,9.3
"U46757",32,"Female","Student","iOS",8,0.6,8,5.3,5,12,6,5.6
"U46758",49,"Other","Student","Android",4.3,7,5,8.1,1,51,3,12.2
"U46759",41,"Female","Professional","iOS",11.8,0.7,10,5.1,6,25,6,6.3
"U46760",31,"Female","Business Owner","Android",4.5,2.1,6,7.7,1,53,0,10.4
"U46761",40,"Female","Business Owner","Android",9.1,2.7,7,4.3,9,8,4,11
"U46762",58,"Other","Student","iOS",6.7,8,5,5,6,17,6,10.8
"U46763",30,"Female","Freelancer","Android",10,0.9,5,6.9,3,13,6,5.7
"U46764",60,"Other","Freelancer","iOS",9.7,7,6,6.5,5,22,5,9.6
"U46765",24,"Other","Student","Android",2.2,3.4,8,8.3,10,49,0,9.1
"U46766",60,"Female","Student","Android",5.5,3,5,5.2,10,36,2,3
"U46767",30,"Female","Business Owner","iOS",6.9,5.3,9,5,7,36,6,7.2
"U46768",27,"Female","Freelancer","iOS",11.7,0.7,9,8.6,7,60,0,6.2
"U46769",34,"Male","Business Owner","Android",3.5,1.8,7,7.3,5,28,4,12.8
"U46770",39,"Male","Student","iOS",2.6,4.1,8,8.8,8,24,3,12.8
"U46771",26,"Male","Professional","Android",10.7,1.8,4,4.5,7,60,0,10.9
"U46772",46,"Other","Professional","iOS",2.6,6.3,1,7.1,2,55,5,12.5
"U46773",39,"Female","Freelancer","iOS",2,2.2,3,7.9,3,47,1,6.2
"U46774",44,"Female","Student","Android",4,5.1,9,8.2,1,21,1,2.4
"U46775",46,"Other","Freelancer","iOS",2.4,7.2,1,4.6,4,6,4,8.5
"U46776",24,"Other","Freelancer","iOS",6.3,3.6,10,7.5,5,47,0,6.8
"U46777",55,"Other","Business Owner","Android",10.6,4.9,1,5,4,6,3,8.6
"U46778",58,"Female","Student","Android",1.1,6.9,7,5.7,4,18,0,12.7
"U46779",39,"Other","Freelancer","Android",2.8,6.8,10,7.6,7,18,1,10.6
"U46780",21,"Female","Freelancer","Android",6.7,2.4,6,8.5,3,34,2,5.3
"U46781",33,"Female","Freelancer","Android",1.8,2.4,3,8.4,5,37,4,13.9
"U46782",21,"Male","Professional","iOS",6.8,6,1,8.6,10,41,3,4.4
"U46783",41,"Female","Business Owner","Android",7.6,5.9,1,5.1,4,35,5,3.6
"U46784",43,"Female","Professional","iOS",1.8,6.1,9,8.9,8,58,0,6
"U46785",50,"Female","Freelancer","Android",10.7,7.5,3,7.2,8,20,1,6.1
"U46786",47,"Female","Student","Android",8.8,8,6,6.1,3,9,4,7.1
"U46787",53,"Female","Freelancer","iOS",6.8,2.8,2,5.5,1,12,4,12.6
"U46788",21,"Male","Business Owner","iOS",6.3,6.5,4,5.4,3,24,0,2.3
"U46789",47,"Female","Business Owner","Android",2.6,1.3,8,5.6,5,58,2,12.4
"U46790",22,"Female","Professional","iOS",7.9,8,7,6.4,6,18,3,4.6
"U46791",26,"Other","Business Owner","Android",1.3,2.1,9,7.7,9,5,3,6.3
"U46792",43,"Other","Business Owner","Android",8.7,3.6,5,5,5,29,5,9.3
"U46793",39,"Male","Professional","Android",2.1,7.9,5,8.4,7,58,1,12
"U46794",27,"Female","Student","iOS",7,4.6,9,5,5,50,1,9.9
"U46795",36,"Other","Professional","iOS",4.8,1,4,4,8,6,0,2.6
"U46796",57,"Male","Freelancer","Android",3.1,2.1,1,6.5,8,28,4,11.6
"U46797",36,"Male","Student","Android",8.1,2.8,10,4.6,6,49,2,9.2
"U46798",52,"Male","Professional","Android",8.8,2.4,9,7,10,24,5,9.6
"U46799",56,"Other","Student","iOS",5.6,5.7,8,4.8,7,9,3,4.9
"U46800",22,"Male","Professional","iOS",6.5,4.9,6,4.2,9,48,3,11.6
"U46801",50,"Other","Freelancer","iOS",9.8,5.2,8,5.1,3,35,0,3.1
"U46802",40,"Male","Student","Android",4.3,6.3,2,7.3,7,34,1,9
"U46803",28,"Male","Student","iOS",4.1,2.7,9,7.7,9,49,0,8.9
"U46804",56,"Male","Freelancer","Android",9,4.9,5,7.3,10,27,2,11.1
"U46805",50,"Other","Business Owner","iOS",11.1,1.8,6,4.2,4,25,5,9
"U46806",33,"Other","Business Owner","iOS",6.6,6.1,7,5.2,2,40,1,6
"U46807",50,"Female","Freelancer","Android",10.9,0.7,9,6.9,5,57,3,3.3
"U46808",50,"Female","Professional","Android",6.9,3.8,4,8.7,5,8,1,10.7
"U46809",28,"Other","Student","Android",1.4,4.4,3,8.3,8,44,1,7.2
"U46810",18,"Female","Professional","iOS",8.2,4.8,5,7.4,6,43,1,10.3
"U46811",22,"Other","Freelancer","iOS",4.3,3,5,5.6,6,38,2,8.6
"U46812",38,"Female","Business Owner","iOS",11,7.6,2,8.3,5,47,4,5.5
"U46813",25,"Female","Freelancer","Android",7.8,4.5,2,6.4,1,49,0,13.2
"U46814",35,"Female","Freelancer","iOS",10.8,2.8,8,4.1,9,7,2,5.3
"U46815",55,"Male","Student","iOS",9.5,0.5,5,6.7,5,19,1,10.6
"U46816",47,"Female","Business Owner","iOS",8.8,2,6,6.3,8,54,2,12.6
"U46817",46,"Male","Professional","Android",6.6,0.6,10,8.3,5,46,1,13.7
"U46818",49,"Female","Professional","Android",2.2,5.4,9,6.2,4,22,6,9
"U46819",44,"Female","Student","Android",7.3,5.3,2,4.8,1,40,4,11.1
"U46820",35,"Male","Professional","Android",7.1,4.7,9,6.2,7,6,2,11.2
"U46821",54,"Female","Student","iOS",2.2,1.5,1,7.4,5,50,4,12.7
"U46822",23,"Male","Student","iOS",10.7,7.1,5,5.3,5,8,5,6.4
"U46823",33,"Other","Student","Android",3.5,4,8,8.3,3,16,2,9.7
"U46824",43,"Other","Professional","iOS",10.1,6.2,3,8.9,4,9,0,5
"U46825",23,"Female","Business Owner","iOS",4.2,2.5,1,8.1,6,43,4,10.8
"U46826",44,"Other","Business Owner","Android",8.9,1.3,3,4.9,9,7,1,6.7
"U46827",40,"Other","Student","iOS",8.5,7.9,8,8.1,7,58,6,7.9
"U46828",46,"Male","Business Owner","Android",5.5,5.7,4,8.1,5,51,3,2.6
"U46829",44,"Male","Student","iOS",10,3.1,1,7.8,8,54,6,9.3
"U46830",40,"Male","Freelancer","iOS",1.8,7.1,10,7,8,59,6,7.8
"U46831",26,"Male","Business Owner","iOS",3.9,7.4,8,5.7,3,22,3,7.1
"U46832",50,"Female","Business Owner","iOS",6,2.8,10,5.6,3,11,2,2.1
"U46833",28,"Female","Freelancer","iOS",1.3,5.4,8,5.5,3,42,2,10.1
"U46834",26,"Other","Business Owner","Android",9.8,5.5,6,7.7,2,23,2,4.8
"U46835",42,"Female","Business Owner","iOS",4.3,7.4,9,4,10,7,5,8.3
"U46836",24,"Male","Business Owner","iOS",3.6,5,10,4.1,1,45,5,9.9
"U46837",54,"Female","Student","Android",8.3,2,2,6,3,46,1,8.7
"U46838",59,"Female","Professional","iOS",1.8,1.7,6,4.3,9,33,3,3.9
"U46839",38,"Male","Student","iOS",8,7.3,6,5.4,10,38,2,8.9
"U46840",60,"Other","Student","Android",4.5,2.7,3,7.1,8,46,6,13.6
"U46841",35,"Female","Student","iOS",3.9,2.7,1,4.4,3,22,6,7.9
"U46842",54,"Female","Freelancer","iOS",7.1,7.3,2,8.6,6,31,1,10.8
"U46843",60,"Female","Student","Android",7.9,6.2,7,8.9,4,11,3,6.5
"U46844",19,"Female","Freelancer","iOS",7.8,3,3,8.6,3,22,5,11.5
"U46845",26,"Female","Student","Android",9.2,2.3,10,4.5,2,35,1,5.1
"U46846",54,"Female","Professional","Android",12,6.8,8,6.3,8,39,5,3.1
"U46847",37,"Male","Business Owner","Android",9,3.5,8,5.7,9,31,5,13.7
"U46848",53,"Male","Student","iOS",6.3,1.1,3,6.7,7,46,4,10.8
"U46849",34,"Other","Professional","Android",4.6,2.8,4,8.9,5,9,6,2.7
"U46850",55,"Male","Business Owner","iOS",2.5,1.9,5,4.4,10,23,3,11.2
"U46851",36,"Other","Professional","Android",9.5,3.8,6,8.9,1,29,0,11.8
"U46852",30,"Male","Business Owner","iOS",6.3,4.4,9,4.6,5,47,6,8.1
"U46853",60,"Male","Freelancer","iOS",6.2,4.6,1,4.2,6,49,3,12
"U46854",34,"Other","Business Owner","Android",5.2,3.6,3,4.3,6,29,5,12.4
"U46855",38,"Male","Student","Android",2.5,4.7,3,4.7,6,8,2,9.9
"U46856",47,"Female","Professional","Android",11.7,1.1,9,7.2,2,44,4,9
"U46857",48,"Female","Student","Android",5,4.4,5,8.1,8,38,3,10.6
"U46858",44,"Male","Business Owner","Android",10.4,1.3,5,8.3,7,7,5,13.2
"U46859",43,"Male","Professional","iOS",9,1.6,9,4.1,9,52,1,9.6
"U46860",22,"Other","Professional","Android",6.3,4.9,5,8.2,2,40,3,5.7
"U46861",33,"Female","Business Owner","iOS",4,5.5,10,5.3,1,10,3,8.9
"U46862",52,"Female","Business Owner","iOS",11.6,3.8,9,4.8,2,15,1,11
"U46863",52,"Male","Business Owner","iOS",7.4,2.2,2,7.1,10,19,0,11.5
"U46864",45,"Other","Professional","iOS",1.2,3,6,7.7,4,37,1,12
"U46865",39,"Other","Professional","Android",4.8,0.8,6,5.4,3,43,4,10.7
"U46866",58,"Male","Freelancer","Android",8.4,8,6,4.9,5,50,1,6.6
"U46867",39,"Female","Freelancer","Android",3.5,6.3,10,5.5,6,10,6,5.6
"U46868",19,"Male","Business Owner","iOS",6.4,3.2,4,6.7,10,55,5,12.2
"U46869",20,"Male","Student","iOS",6.8,6.6,1,5.6,6,37,2,5.1
"U46870",55,"Female","Business Owner","iOS",9.6,3.4,2,7.4,7,27,5,6.6
"U46871",23,"Male","Student","iOS",8.5,5,4,6.6,9,13,2,7.3
"U46872",41,"Other","Student","Android",2.1,3.6,7,7.4,1,39,6,13.3
"U46873",56,"Male","Business Owner","iOS",5.6,1.4,6,5.9,1,49,3,5.2
"U46874",40,"Other","Freelancer","Android",9.6,1.1,3,7.1,6,34,2,3.7
"U46875",43,"Female","Freelancer","Android",1.4,5,3,5.1,8,11,5,10.9
"U46876",46,"Male","Student","Android",8.8,4.8,8,5.6,10,37,2,8.8
"U46877",50,"Male","Professional","Android",8.5,4.1,10,5.5,10,39,5,9.2
"U46878",30,"Male","Student","Android",10.9,2.7,2,7.2,6,27,1,2.8
"U46879",27,"Other","Freelancer","iOS",6.7,5.4,5,5.1,5,19,3,3.8
"U46880",31,"Other","Business Owner","Android",7.8,1.3,3,4.7,1,25,2,4.9
"U46881",54,"Male","Business Owner","Android",2.4,8,4,6.6,8,14,4,11.6
"U46882",59,"Other","Student","Android",11.3,2.1,3,4.6,10,24,0,10.8
"U46883",41,"Male","Business Owner","iOS",4.9,2,9,4.8,4,14,3,9.6
"U46884",55,"Male","Business Owner","Android",1.8,5.8,7,7.1,10,50,6,8
"U46885",30,"Male","Business Owner","Android",4.3,1.6,3,6.9,7,29,3,7.8
"U46886",42,"Female","Professional","iOS",3.7,7.9,7,4.4,8,47,6,11.4
"U46887",18,"Other","Freelancer","Android",2.7,4.3,7,7.1,6,29,1,11.2
"U46888",25,"Female","Professional","iOS",11.5,1.4,4,5.1,3,5,6,2.5
"U46889",55,"Male","Professional","iOS",5.4,7.4,6,6.9,4,27,0,10.3
"U46890",36,"Female","Professional","iOS",11.1,2.3,1,8.9,2,8,3,8.5
"U46891",23,"Other","Student","Android",10.6,3.7,6,5.1,4,41,1,9.6
"U46892",27,"Female","Professional","Android",11.3,5.9,2,7.1,10,46,6,9.9
"U46893",58,"Male","Business Owner","Android",9.3,5.3,3,7.2,2,18,4,4.3
"U46894",47,"Female","Freelancer","Android",4.7,1.5,2,7.1,6,11,5,11.9
"U46895",19,"Other","Professional","iOS",8.6,5.7,2,4.6,9,47,4,3.6
"U46896",44,"Male","Freelancer","Android",3.5,6.8,2,4.7,3,51,0,7.1
"U46897",42,"Male","Freelancer","iOS",3.7,3.8,8,5.8,6,9,4,13.4
"U46898",24,"Other","Professional","Android",2.4,2.3,8,8.1,8,42,5,2.5
"U46899",53,"Female","Freelancer","Android",10.1,7.2,6,5.3,4,30,6,8.2
"U46900",38,"Other","Freelancer","Android",10.3,2.6,3,5,4,47,6,10.2
"U46901",60,"Female","Business Owner","Android",1.3,2.7,2,4.9,2,31,3,2.9
"U46902",32,"Male","Freelancer","Android",10.9,3.8,9,8.7,8,46,5,9
"U46903",44,"Male","Student","Android",1.8,0.8,2,4.7,4,8,5,5.7
"U46904",20,"Male","Professional","iOS",2.8,6.6,5,8.7,4,24,0,2.4
"U46905",51,"Male","Business Owner","iOS",2.4,6.5,2,5.8,9,49,3,6.6
"U46906",49,"Other","Professional","Android",5.2,1.5,4,8.2,1,17,0,11.6
"U46907",52,"Female","Business Owner","iOS",3.8,7.2,1,4.3,5,20,2,12.7
"U46908",20,"Other","Freelancer","Android",5.4,7.1,8,5.7,6,6,0,3.9
"U46909",46,"Male","Student","Android",6.9,5.6,8,4.3,4,12,5,10.7
"U46910",26,"Male","Student","iOS",8.8,6.8,1,5.4,1,29,4,8.4
"U46911",18,"Other","Professional","iOS",3.9,4.3,3,8.2,5,49,0,2.1
"U46912",60,"Male","Freelancer","Android",8,7,9,5.6,8,47,4,2.7
"U46913",26,"Male","Student","iOS",11.1,4.8,9,7.6,1,23,6,8.4
"U46914",19,"Other","Freelancer","Android",5.2,0.6,6,7.7,1,8,4,5.3
"U46915",32,"Female","Professional","Android",11.2,6.6,9,8.2,3,13,4,13.7
"U46916",58,"Female","Professional","Android",8.3,5.6,8,8.7,3,55,1,5.7
"U46917",31,"Female","Professional","iOS",3.6,2.3,7,6.9,4,43,4,6.6
"U46918",53,"Male","Student","Android",3.4,4.3,6,8.6,3,53,6,4.1
"U46919",53,"Male","Student","iOS",11,5.4,6,5.6,8,9,1,12.4
"U46920",24,"Female","Student","iOS",10.2,6.6,6,7.2,4,20,3,4.5
"U46921",22,"Male","Student","iOS",1.2,5.4,2,8,1,58,6,5.6
"U46922",28,"Other","Student","Android",10.9,2.6,3,4.5,6,31,6,10
"U46923",18,"Female","Freelancer","iOS",9.1,6.6,4,4.4,8,55,6,5.9
"U46924",54,"Male","Business Owner","Android",3.2,5.1,2,4.1,10,5,5,9.5
"U46925",57,"Other","Student","Android",8.3,6.6,8,5.6,1,25,0,5.6
"U46926",45,"Other","Student","iOS",3.7,4.5,4,4.7,3,60,2,3.2
"U46927",43,"Male","Professional","Android",4.6,3.7,3,4.4,6,41,2,3.7
"U46928",48,"Female","Student","iOS",7.1,1.9,7,5.9,3,43,4,2.7
"U46929",45,"Other","Student","iOS",4.5,5.9,4,7.8,4,55,5,3.5
"U46930",32,"Female","Student","iOS",8.8,7.2,4,4.7,1,48,0,7.8
"U46931",46,"Female","Student","iOS",10.9,4.4,4,8.3,5,40,5,13
"U46932",28,"Male","Student","iOS",3.5,2.1,5,5.2,8,48,5,9.9
"U46933",19,"Female","Student","iOS",1.1,7.7,3,4.1,9,49,1,2.3
"U46934",30,"Male","Business Owner","iOS",6.6,2,7,4.1,9,27,0,6
"U46935",59,"Other","Business Owner","Android",10.4,5.6,2,5.8,8,47,2,4.4
"U46936",46,"Female","Freelancer","iOS",3.7,2.1,5,4.3,9,26,0,4.2
"U46937",32,"Other","Professional","iOS",11.1,7,5,6.8,2,36,5,9.9
"U46938",36,"Female","Freelancer","Android",5.9,2.8,7,8.6,5,21,4,14
"U46939",34,"Other","Student","Android",10.7,1.8,5,4.6,4,45,3,5.8
"U46940",50,"Other","Student","iOS",9.8,0.7,4,6.7,4,49,0,11.7
"U46941",32,"Male","Freelancer","iOS",3.5,5.2,5,8.9,4,36,6,11.7
"U46942",42,"Other","Student","iOS",8.3,1.4,2,7.3,9,46,4,7.4
"U46943",41,"Female","Professional","iOS",11.8,4.3,9,8.1,10,19,3,3.2
"U46944",44,"Male","Student","iOS",3.9,3.1,10,5.9,1,17,4,4.4
"U46945",48,"Male","Student","Android",9.9,2.4,3,4.7,2,18,1,4.9
"U46946",18,"Female","Student","Android",5.5,5,7,5.7,1,16,6,4
"U46947",47,"Other","Business Owner","iOS",11.9,7.1,1,4.6,7,42,6,8.7
"U46948",58,"Other","Business Owner","Android",10.5,3.1,3,6.1,10,36,1,2.2
"U46949",24,"Female","Business Owner","iOS",4.3,4.9,8,4.8,6,54,5,9.3
"U46950",55,"Male","Student","iOS",7.8,5.1,7,6.2,2,53,6,9.2
"U46951",58,"Other","Professional","iOS",5.7,1,3,8.1,5,50,6,5.6
"U46952",18,"Female","Freelancer","Android",7.1,2,1,4.7,6,45,1,3.9
"U46953",40,"Female","Student","Android",5.2,4.3,5,8.3,2,27,0,11.3
"U46954",43,"Female","Freelancer","iOS",7.4,7.1,5,5.2,1,57,6,5.7
"U46955",60,"Male","Freelancer","Android",6,5.6,5,7.4,3,16,5,2.8
"U46956",38,"Other","Freelancer","iOS",7.3,5.1,7,7.7,6,15,5,3.2
"U46957",49,"Female","Student","Android",1.5,1.3,1,8.9,1,29,6,4
"U46958",36,"Other","Student","iOS",10.7,3.1,5,6.1,10,52,1,12.1
"U46959",30,"Female","Business Owner","Android",2.2,5.4,2,8.1,4,47,0,5.7
"U46960",55,"Other","Professional","iOS",7.8,5.8,2,7.3,2,30,0,5.1
"U46961",44,"Female","Professional","Android",4.2,7.8,7,4.2,6,7,3,3.7
"U46962",49,"Male","Professional","iOS",11.1,7,8,4.6,6,37,2,11.2
"U46963",48,"Other","Professional","Android",3.1,4.9,9,5.6,3,50,3,9
"U46964",20,"Male","Freelancer","iOS",8.7,4.6,4,5.2,10,26,5,11.7
"U46965",38,"Female","Business Owner","iOS",9,3.6,8,4.7,9,49,1,7.9
"U46966",34,"Male","Business Owner","iOS",3.6,3.7,9,4.5,6,18,2,11.2
"U46967",43,"Female","Business Owner","Android",10.8,5,10,4.4,3,27,6,7.3
"U46968",46,"Other","Business Owner","iOS",5.2,6.9,8,8.1,9,57,0,13.6
"U46969",30,"Other","Business Owner","Android",1.3,3.6,6,4,9,49,2,8.5
"U46970",56,"Female","Freelancer","Android",2.4,5.2,7,5.5,3,43,6,6.2
"U46971",33,"Other","Business Owner","Android",10.1,4.8,1,7.5,6,60,4,6.4
"U46972",22,"Other","Student","Android",4.7,7.3,10,6.7,9,6,3,14
"U46973",43,"Female","Freelancer","Android",10.7,2.7,8,7.5,7,55,2,3.7
"U46974",34,"Other","Freelancer","iOS",3.7,2.5,1,6.5,8,49,5,3.7
"U46975",56,"Male","Student","Android",1,3.4,6,5.5,10,60,0,13.8
"U46976",18,"Female","Freelancer","iOS",10.5,2.7,4,6.2,1,13,5,13.2
"U46977",55,"Other","Business Owner","iOS",5.7,7.1,9,5.9,2,36,1,12.6
"U46978",39,"Other","Professional","iOS",1.6,3.1,10,8.2,4,42,5,13.8
"U46979",35,"Female","Professional","iOS",7.1,3.6,6,6.2,8,48,5,12.4
"U46980",45,"Male","Business Owner","Android",8.5,1.5,3,5.4,2,17,0,2.7
"U46981",53,"Other","Freelancer","Android",6.4,7.8,5,4.5,6,45,5,10.4
"U46982",59,"Other","Freelancer","iOS",8.8,7.4,8,5.6,2,34,0,8.1
"U46983",52,"Male","Professional","Android",9.7,0.6,10,7.7,4,52,3,3.7
"U46984",49,"Other","Student","Android",5.8,5.1,1,5.4,2,52,0,5
"U46985",33,"Male","Professional","iOS",1.3,1.6,2,6.3,2,36,6,3.1
"U46986",60,"Male","Student","Android",8.3,6.6,10,5.5,5,23,0,12.6
"U46987",21,"Other","Student","Android",1.8,6.3,2,5.9,8,43,0,11.3
"U46988",40,"Male","Professional","iOS",10.8,5.7,6,7.1,7,10,3,9.7
"U46989",51,"Female","Professional","Android",5.3,1,10,4.1,6,21,1,5.9
"U46990",50,"Male","Freelancer","Android",11.5,7.2,3,6.3,3,5,6,12.5
"U46991",45,"Male","Professional","Android",3.5,3.8,4,5,4,43,1,2.3
"U46992",52,"Male","Professional","iOS",11.2,3,4,5.8,8,48,3,12
"U46993",25,"Other","Professional","Android",6.3,0.5,9,7.1,9,32,3,9
"U46994",21,"Male","Professional","iOS",5.5,0.9,6,8.3,6,16,1,2.5
"U46995",28,"Male","Student","Android",3.5,0.9,9,5.8,10,43,2,5.9
"U46996",39,"Male","Business Owner","iOS",2.7,3,8,6,10,40,6,12
"U46997",31,"Male","Business Owner","iOS",7.2,3.7,8,5,5,29,3,4.3
"U46998",24,"Female","Student","iOS",10.3,3.5,5,4.7,2,26,5,12.2
"U46999",26,"Male","Professional","iOS",6.1,4.7,5,7.8,4,60,3,11
"U47000",55,"Female","Business Owner","Android",1.4,7.5,10,8,2,50,2,5.1
"U47001",29,"Male","Freelancer","Android",3.5,5.5,5,8.9,1,41,6,7.8
"U47002",45,"Female","Student","iOS",11.3,0.8,6,4.3,2,21,5,7.8
"U47003",44,"Other","Student","iOS",10.1,3.6,8,7.9,4,36,5,3.4
"U47004",26,"Female","Business Owner","iOS",2.6,7.2,7,4.1,7,33,1,7.4
"U47005",38,"Other","Professional","Android",9.4,0.6,8,7.7,8,54,5,12.5
"U47006",35,"Other","Freelancer","Android",9.7,5,10,7.3,9,60,0,8
"U47007",49,"Other","Professional","Android",10.3,2.9,6,5.3,6,46,5,8.9
"U47008",50,"Female","Professional","iOS",6,7.6,1,8.4,6,6,0,13.1
"U47009",21,"Male","Professional","iOS",7,1.3,9,7.4,8,35,1,4.9
"U47010",20,"Female","Freelancer","iOS",6.1,1.5,8,5.4,4,49,2,13.8
"U47011",54,"Female","Business Owner","iOS",11.2,3.7,10,4.2,4,52,3,9.8
"U47012",38,"Other","Student","Android",4.2,2,9,6.4,1,34,6,11.8
"U47013",51,"Male","Student","Android",5.2,1,10,4.9,4,20,4,11.2
"U47014",21,"Female","Professional","Android",6.9,3.2,1,5.9,4,44,2,8.1
"U47015",37,"Male","Business Owner","iOS",9.6,3.3,8,5.2,1,15,4,10.1
"U47016",18,"Male","Student","Android",4.2,5.4,10,8.4,6,47,2,6.6
"U47017",23,"Other","Business Owner","iOS",1.2,3.9,6,5.2,6,57,1,10.9
"U47018",36,"Other","Student","Android",1.1,3.9,2,7.3,1,6,5,12.1
"U47019",42,"Female","Student","iOS",10.3,1.3,3,4.5,10,5,2,4.6
"U47020",25,"Other","Professional","Android",8.5,2.6,4,5.2,1,5,6,9.4
"U47021",38,"Male","Student","iOS",4.8,6.8,5,5.6,3,31,5,8
"U47022",56,"Male","Freelancer","iOS",4,1.9,10,7.6,7,58,3,2.8
"U47023",47,"Male","Business Owner","iOS",9.3,5.1,9,5.8,9,23,1,10.4
"U47024",18,"Female","Freelancer","iOS",9.9,1.5,6,6.7,9,31,2,5.4
"U47025",20,"Male","Professional","iOS",6.2,1.5,7,6.2,4,32,1,4.9
"U47026",19,"Other","Student","Android",9.8,6.9,3,4.3,5,59,0,7.9
"U47027",22,"Female","Professional","iOS",9,5,2,8.1,8,51,5,9.2
"U47028",55,"Male","Business Owner","Android",7.6,5.2,6,8.5,7,43,3,11.2
"U47029",60,"Other","Student","iOS",6.4,6.1,6,9,10,44,2,12.6
"U47030",21,"Male","Business Owner","iOS",11.3,1,7,4,8,56,4,9.8
"U47031",20,"Female","Business Owner","iOS",1.3,4.7,2,4.3,8,12,1,2.3
"U47032",46,"Other","Professional","iOS",5.5,5.3,9,6.8,9,27,5,5.7
"U47033",31,"Male","Freelancer","iOS",11.4,5.6,2,6.5,3,22,0,13.1
"U47034",51,"Male","Freelancer","Android",8.3,6.5,10,4.4,9,35,0,2.6
"U47035",50,"Female","Freelancer","iOS",6.8,3.2,6,9,5,57,4,7.4
"U47036",38,"Male","Student","iOS",1,2.7,1,6.5,9,40,2,12.2
"U47037",34,"Other","Freelancer","Android",8.7,1.2,3,7.6,10,23,6,13.8
"U47038",43,"Female","Student","iOS",11.2,3.1,1,9,3,38,4,3.2
"U47039",46,"Other","Student","Android",5.3,0.9,1,4,5,54,0,12.5
"U47040",32,"Male","Student","Android",11.7,2.9,8,4.3,4,38,5,9
"U47041",58,"Male","Student","Android",3.6,3.4,6,6.3,6,34,4,13.2
"U47042",37,"Female","Professional","Android",10.9,4.1,3,7.5,7,38,2,8.7
"U47043",49,"Female","Student","iOS",5.9,0.7,4,6.5,1,55,6,4.5
"U47044",36,"Male","Freelancer","Android",3,6.1,6,5,9,55,1,10.5
"U47045",33,"Other","Student","Android",7.9,1.1,2,4.1,2,42,4,3.3
"U47046",43,"Female","Professional","iOS",1.5,4.9,9,5.2,8,21,3,11.3
"U47047",54,"Other","Student","Android",10.1,6.5,2,4.6,7,22,6,8.6
"U47048",32,"Female","Freelancer","Android",8,6.8,6,4.3,8,17,4,13.8
"U47049",54,"Female","Professional","Android",7.1,4.2,8,6.3,3,33,6,8.4
"U47050",58,"Female","Freelancer","Android",5.6,6.8,10,8.5,3,20,5,3.6
"U47051",20,"Other","Freelancer","iOS",8.8,0.8,8,8.9,2,50,0,12.8
"U47052",53,"Female","Business Owner","iOS",11.1,2.2,2,6.5,8,19,3,6.4
"U47053",56,"Male","Professional","Android",9.5,5.4,5,6.2,10,33,5,5.3
"U47054",35,"Other","Student","iOS",8.7,7.9,8,6.2,9,49,1,8.9
"U47055",24,"Female","Professional","iOS",1.8,3.9,2,5.3,1,45,5,2.4
"U47056",31,"Female","Business Owner","Android",3.9,5.2,1,8.7,3,42,6,8.6
"U47057",24,"Male","Business Owner","iOS",8.3,4.9,1,4.5,7,52,3,7.8
"U47058",54,"Female","Professional","iOS",2.6,6,1,7.7,8,34,6,12.7
"U47059",51,"Female","Freelancer","iOS",8.3,6.9,3,7.8,8,7,2,7.3
"U47060",38,"Other","Professional","iOS",7.5,6.7,2,6.4,7,51,5,3.9
"U47061",54,"Female","Freelancer","Android",7.6,6,5,4.5,4,56,3,10.7
"U47062",42,"Other","Student","iOS",11.9,5.1,4,6.8,9,57,6,12.1
"U47063",49,"Other","Freelancer","iOS",2.1,6.9,9,6.9,1,7,1,10.6
"U47064",22,"Other","Freelancer","iOS",2.1,1.8,7,8.3,1,37,1,9
"U47065",51,"Other","Professional","iOS",5.6,2.4,1,7.6,3,27,6,12.9
"U47066",32,"Other","Freelancer","iOS",6.6,6.8,10,8.9,8,29,6,3.3
"U47067",27,"Other","Freelancer","Android",3,1.9,3,6.5,1,13,5,6.7
"U47068",24,"Female","Business Owner","Android",1.2,1.9,9,7.1,7,31,2,3.7
"U47069",30,"Other","Student","Android",6.5,1.4,3,8.4,7,46,3,12.2
"U47070",18,"Female","Student","iOS",4.7,4.4,1,4,10,32,2,11.2
"U47071",40,"Female","Professional","iOS",11.8,3,5,4.8,10,7,2,12.9
"U47072",36,"Other","Business Owner","Android",4.3,5.1,6,6.5,7,12,3,4.1
"U47073",26,"Male","Freelancer","iOS",8.1,5.1,10,4.1,4,41,2,5.4
"U47074",60,"Female","Business Owner","Android",1.6,1.8,2,4.5,3,21,5,11.8
"U47075",52,"Female","Business Owner","iOS",3.7,2.6,4,5.6,4,50,3,9
"U47076",58,"Male","Freelancer","iOS",3.6,4,3,6.1,5,36,5,12.1
"U47077",34,"Female","Professional","Android",7.3,3.7,10,7.1,3,32,0,8.1
"U47078",59,"Other","Freelancer","Android",9.9,6.7,9,6.6,1,52,1,8.9
"U47079",29,"Other","Student","Android",1,7.4,7,6.2,3,46,2,3
"U47080",40,"Other","Student","Android",9.8,7.7,5,7.6,3,53,6,2.2
"U47081",58,"Other","Professional","iOS",5.9,6.5,1,6.4,1,60,5,8.9
"U47082",22,"Other","Student","Android",6.1,3.5,1,6.8,9,51,6,3.6
"U47083",24,"Female","Student","Android",8.2,8,3,6.9,4,42,2,14
"U47084",23,"Female","Business Owner","Android",2,1,9,4.5,2,46,5,2.7
"U47085",55,"Female","Student","iOS",10.2,5.8,8,7.5,4,33,6,3.4
"U47086",59,"Male","Student","Android",6.1,3.4,10,7.1,8,46,0,7
"U47087",20,"Other","Professional","Android",2.3,5,6,5,10,23,5,11.1
"U47088",30,"Female","Freelancer","iOS",6.5,1.5,6,7.6,2,22,4,12.8
"U47089",40,"Other","Business Owner","Android",4.4,1,8,7.2,9,40,4,9.8
"U47090",56,"Other","Freelancer","Android",11.6,2.6,10,6.9,3,19,2,8.5
"U47091",37,"Female","Business Owner","iOS",5.1,2.5,3,5.3,1,29,4,8.4
"U47092",18,"Female","Freelancer","iOS",3.7,3.9,3,8.3,1,55,2,4.1
"U47093",54,"Male","Professional","iOS",3.9,6.3,7,5,3,17,6,5.8
"U47094",36,"Male","Student","Android",3.3,7.4,3,4.6,3,15,5,4
"U47095",28,"Female","Professional","Android",4.5,3,6,7.4,8,23,0,8.6
"U47096",60,"Female","Freelancer","Android",6.2,3.4,3,7.8,2,38,0,5.6
"U47097",54,"Male","Student","Android",5.7,2.7,6,5.4,9,22,0,2.9
"U47098",36,"Female","Freelancer","Android",4.9,6.5,6,7.3,9,26,4,10
"U47099",22,"Female","Business Owner","iOS",7.6,4,6,8.1,8,20,3,8.9
"U47100",29,"Female","Professional","iOS",3.9,3.6,6,5.5,8,43,3,10.6
"U47101",38,"Female","Freelancer","iOS",7.3,6.7,9,5.8,7,23,3,9.6
"U47102",54,"Male","Student","iOS",11.3,6.1,9,5.4,10,35,4,13.2
"U47103",46,"Male","Professional","iOS",7.7,3.9,7,8.1,9,36,3,12.7
"U47104",57,"Female","Professional","iOS",1.5,3.5,7,5,8,60,6,7.1
"U47105",57,"Female","Student","Android",5.6,6.3,1,8.9,8,38,4,3.4
"U47106",55,"Male","Business Owner","Android",6.2,2.7,10,4.2,10,19,3,3.3
"U47107",20,"Female","Professional","Android",5,0.9,4,5.2,8,51,1,11.1
"U47108",32,"Female","Student","iOS",4.7,3,2,4.5,10,53,2,6.4
"U47109",26,"Male","Freelancer","iOS",8.4,2.3,7,6.3,5,16,5,7.8
"U47110",33,"Other","Business Owner","Android",2.3,7.4,3,4.1,3,59,2,8.6
"U47111",53,"Female","Freelancer","Android",5.9,4.3,5,4.5,9,56,4,13
"U47112",52,"Other","Student","iOS",1.4,6.4,2,4.8,2,5,5,11
"U47113",46,"Male","Professional","iOS",4,6.3,7,7.8,3,46,1,6
"U47114",44,"Male","Professional","Android",3.2,1.2,3,8.5,4,21,5,3.9
"U47115",47,"Male","Student","Android",7.1,7.9,9,8.8,2,30,3,4.8
"U47116",42,"Male","Professional","Android",10.2,7.3,4,8.7,4,34,6,10.7
"U47117",45,"Male","Freelancer","Android",10.2,5.3,3,5.4,5,43,3,12.8
"U47118",20,"Female","Professional","iOS",6.1,8,3,6.7,2,7,1,7
"U47119",58,"Other","Professional","Android",6.6,4.6,10,6.2,1,36,5,10.7
"U47120",42,"Male","Student","iOS",1.4,3,4,6.2,5,12,3,3.6
"U47121",28,"Other","Student","iOS",9,5.8,6,8.2,5,9,5,6.8
"U47122",51,"Female","Professional","iOS",3.6,4.2,9,5.6,3,52,5,6.9
"U47123",54,"Other","Business Owner","iOS",11.7,2.8,5,6.7,5,32,2,4.2
"U47124",38,"Female","Freelancer","Android",5.6,1.5,7,4.6,1,50,4,5.8
"U47125",22,"Male","Business Owner","iOS",7.1,3,10,8.6,2,20,0,12
"U47126",30,"Female","Student","Android",6.4,5.4,1,8.8,10,27,5,6.6
"U47127",37,"Male","Student","Android",2.9,5.5,4,6.1,9,53,0,2.7
"U47128",19,"Female","Freelancer","Android",4.2,5.1,3,5.5,2,25,5,2.3
"U47129",59,"Female","Freelancer","Android",6.4,1.4,5,6.4,7,17,0,5.4
"U47130",31,"Other","Business Owner","Android",4.1,4.1,10,5.8,5,30,4,10.4
"U47131",54,"Other","Student","Android",1.1,0.9,8,6.8,4,15,3,11
"U47132",57,"Female","Business Owner","Android",5.1,4.6,9,5.2,9,10,6,2.8
"U47133",48,"Female","Freelancer","Android",3,6.4,7,8.4,5,43,1,12.6
"U47134",53,"Other","Business Owner","iOS",7.2,5.8,4,5.8,5,53,3,9.7
"U47135",31,"Other","Business Owner","iOS",5.1,1.3,8,7.6,2,20,4,7.8
"U47136",52,"Other","Business Owner","iOS",11.4,5.9,9,6.4,5,23,4,5.6
"U47137",47,"Female","Professional","Android",4.1,7.7,9,4.4,7,43,5,6
"U47138",36,"Female","Student","Android",11.6,2.2,4,5,5,5,3,3.6
"U47139",36,"Male","Student","Android",6.4,5.7,5,6.9,1,21,5,10.8
"U47140",60,"Male","Student","Android",1.1,5.4,10,5.8,6,19,3,8.2
"U47141",59,"Female","Professional","Android",10.5,3.6,2,7.7,7,51,0,2.8
"U47142",30,"Female","Business Owner","Android",6.7,7.8,3,8,1,20,5,13.8
"U47143",19,"Other","Professional","iOS",9,2,8,7.8,6,47,3,10.1
"U47144",51,"Female","Professional","iOS",7.7,2.7,10,8.6,5,40,0,8.8
"U47145",24,"Other","Student","iOS",2.2,7.3,1,5.5,3,6,5,8.2
"U47146",50,"Other","Freelancer","Android",3.7,1.1,4,5.9,8,11,4,10.9
"U47147",30,"Other","Freelancer","iOS",4.5,1.1,1,5,1,39,5,5.1
"U47148",44,"Male","Professional","Android",6,0.9,5,4.2,4,43,1,3.7
"U47149",33,"Female","Freelancer","iOS",10.7,6.8,10,5.7,1,42,4,6.1
"U47150",28,"Other","Freelancer","iOS",11.9,6.6,4,8.4,9,35,5,3.1
"U47151",54,"Male","Professional","iOS",1.9,1.6,3,6.2,3,24,5,13.9
"U47152",60,"Female","Professional","Android",5.3,7.4,7,7.9,10,49,2,4.9
"U47153",31,"Male","Freelancer","iOS",1.3,7.8,6,8,6,30,1,8.3
"U47154",58,"Female","Freelancer","Android",9.5,2,3,7.1,10,38,5,6.4
"U47155",57,"Male","Freelancer","Android",2.3,5.8,5,4.3,1,14,4,12.2
"U47156",46,"Male","Student","iOS",3.8,2.8,7,8.3,10,24,5,3.9
"U47157",18,"Female","Student","Android",3.5,4.7,8,6.6,2,21,3,5.2
"U47158",29,"Other","Business Owner","Android",2.5,3.9,1,7.5,9,30,4,4.7
"U47159",42,"Male","Freelancer","Android",9.5,3.2,3,4.8,2,60,3,2.2
"U47160",42,"Other","Business Owner","Android",1.2,4.4,5,7.1,2,33,1,10.1
"U47161",33,"Other","Freelancer","iOS",5.6,1.6,4,7.5,8,54,1,4.6
"U47162",50,"Other","Business Owner","Android",1.8,7.9,3,8.4,6,13,1,5.6
"U47163",28,"Female","Freelancer","iOS",10.2,4.1,9,8.3,9,50,4,8.7
"U47164",18,"Male","Professional","iOS",4.7,5.4,3,7.6,3,35,5,4.1
"U47165",48,"Male","Professional","Android",4.9,2.4,5,4,6,47,5,13.6
"U47166",25,"Female","Student","Android",7.2,2.1,5,8.3,2,59,5,6.5
"U47167",40,"Male","Student","Android",11,4.6,4,4.8,10,49,0,11.8
"U47168",37,"Female","Business Owner","Android",11.7,5.3,5,7.5,9,12,6,11.5
"U47169",53,"Male","Student","Android",3.8,2.2,6,8.8,3,29,0,3.6
"U47170",23,"Male","Student","Android",7.7,2.7,4,5.3,9,26,2,3.4
"U47171",53,"Female","Business Owner","Android",6.9,5,6,8.2,2,15,5,13.2
"U47172",38,"Male","Student","iOS",3.1,6.9,10,8.7,1,22,5,12.8
"U47173",25,"Female","Freelancer","iOS",6.3,7.9,3,4,7,58,5,4.7
"U47174",32,"Male","Professional","iOS",7.8,4.9,8,6.6,7,48,6,9.6
"U47175",32,"Female","Student","iOS",2.6,5.8,8,5.9,3,35,2,12.5
"U47176",24,"Other","Business Owner","Android",2.4,3.6,7,9,3,53,3,7.7
"U47177",22,"Female","Student","iOS",5.6,7.3,3,6.3,1,31,2,2.1
"U47178",48,"Male","Student","iOS",8.5,2.2,8,7.9,6,38,4,10.2
"U47179",50,"Other","Freelancer","Android",5.3,4.7,6,7.6,7,47,3,6.7
"U47180",44,"Male","Business Owner","Android",3.2,4.7,3,5.8,3,25,3,9.9
"U47181",21,"Male","Student","iOS",11,1.7,1,5.7,5,30,3,9.2
"U47182",39,"Male","Student","Android",10.8,1.8,4,4.3,7,10,1,6.7
"U47183",46,"Other","Business Owner","Android",10.5,6.3,1,6.3,5,8,6,11.6
"U47184",46,"Female","Student","Android",4.8,4.8,1,7.3,3,59,2,12.5
"U47185",43,"Male","Freelancer","iOS",6.9,6.5,9,8.2,2,38,2,13.7
"U47186",46,"Other","Freelancer","Android",2,2,8,8.9,4,45,1,5.8
"U47187",49,"Other","Professional","Android",7.4,1,3,8.5,5,30,3,8.9
"U47188",22,"Female","Professional","iOS",9.3,7.3,4,6.5,10,16,2,2.7
"U47189",55,"Other","Student","Android",5.8,4.3,2,8.7,10,7,0,10.5
"U47190",26,"Other","Professional","Android",5.1,2.5,8,6.4,3,46,5,6.8
"U47191",60,"Female","Business Owner","Android",10.2,4.1,8,4,6,28,2,4.4
"U47192",53,"Female","Freelancer","Android",5.2,0.8,5,4.2,9,54,4,11.5
"U47193",53,"Male","Professional","iOS",4.2,7.9,1,6.7,7,9,5,12.5
"U47194",56,"Female","Professional","Android",2.3,4,7,5.8,6,35,5,11.7
"U47195",26,"Male","Business Owner","Android",4.5,5,3,7,4,32,0,7.1
"U47196",20,"Female","Freelancer","Android",3.2,5.4,10,8.1,2,5,4,10.5
"U47197",32,"Other","Professional","Android",5,4,8,8.4,2,8,1,8
"U47198",21,"Female","Student","iOS",7.3,7.4,3,5.6,7,49,3,13.2
"U47199",27,"Female","Business Owner","Android",9.2,2.1,3,5,7,39,2,12.7
"U47200",51,"Male","Student","Android",6.4,5.1,9,7,10,39,3,5
"U47201",46,"Male","Business Owner","iOS",11.2,7.7,8,4.4,8,20,1,7.6
"U47202",38,"Male","Student","Android",3.9,5.7,4,7.2,10,7,2,5.4
"U47203",46,"Other","Freelancer","Android",10.8,7.6,9,8.4,4,24,6,6.3
"U47204",35,"Female","Professional","Android",8.1,1.1,5,8.3,2,43,5,6.1
"U47205",20,"Male","Business Owner","Android",9.3,4.7,6,8.3,6,60,1,5.8
"U47206",40,"Female","Student","Android",7,2.4,2,8.7,7,59,6,3.8
"U47207",50,"Female","Freelancer","Android",11.9,4.9,2,7.6,5,24,4,5.5
"U47208",57,"Female","Business Owner","iOS",9.9,7.8,7,8.3,6,50,4,8.4
"U47209",29,"Other","Freelancer","Android",11.4,2.9,2,5.5,5,46,4,12
"U47210",33,"Male","Professional","Android",10.6,2.8,5,6.9,5,32,3,4.1
"U47211",18,"Male","Business Owner","Android",11.7,3.7,2,4.1,5,14,0,12.8
"U47212",31,"Other","Student","iOS",6.9,4.7,4,6.2,2,17,5,11.7
"U47213",44,"Male","Business Owner","iOS",1.9,4.8,6,8.1,4,11,4,3.8
"U47214",18,"Male","Freelancer","Android",10.2,3.4,10,6.5,1,10,6,6.6
"U47215",42,"Male","Freelancer","Android",7.7,5.4,8,8.9,4,22,4,2.6
"U47216",46,"Female","Student","Android",8.9,4.5,7,5.6,2,22,4,13.5
"U47217",49,"Male","Student","iOS",9.9,7.2,6,5.8,1,31,0,3.7
"U47218",51,"Male","Business Owner","iOS",2.6,1.9,7,6.9,10,19,4,5
"U47219",48,"Other","Freelancer","iOS",4.2,7.3,9,5.1,2,49,0,6.2
"U47220",25,"Other","Freelancer","iOS",12,2.4,9,8.4,6,43,1,11.6
"U47221",56,"Other","Business Owner","iOS",8.1,2.1,9,7.5,1,41,0,4.7
"U47222",59,"Male","Student","iOS",5.6,3.3,9,6.7,3,28,2,6
"U47223",28,"Female","Freelancer","iOS",2.1,6.9,4,4,7,36,6,4.1
"U47224",35,"Other","Professional","iOS",6.5,1,4,7.2,4,20,6,6.1
"U47225",56,"Other","Freelancer","iOS",7.4,6.2,10,6.8,3,18,6,4.3
"U47226",48,"Female","Professional","Android",4.5,3.7,3,4.4,7,55,3,13.2
"U47227",60,"Male","Business Owner","iOS",10,5.8,8,4.2,9,54,4,3.4
"U47228",29,"Other","Freelancer","iOS",4.3,3,5,5,8,57,0,8.4
"U47229",42,"Other","Professional","Android",10.1,6.6,2,7.2,10,31,4,13.7
"U47230",38,"Other","Professional","Android",8.6,7,2,5.2,5,43,3,9.8
"U47231",39,"Female","Student","Android",11.4,7.6,2,4.9,2,53,0,6.4
"U47232",47,"Female","Business Owner","iOS",4.8,2.6,3,6,5,60,4,4.2
"U47233",22,"Other","Business Owner","iOS",2.6,0.8,6,8.6,7,17,6,12.3
"U47234",30,"Male","Student","Android",8.6,4.9,5,8.4,2,59,1,13.2
"U47235",43,"Male","Business Owner","Android",10.4,2.7,3,6.4,9,17,4,8.6
"U47236",36,"Other","Freelancer","Android",7.9,7,8,8.5,5,52,3,8.1
"U47237",54,"Male","Student","iOS",7.7,7.9,3,8.9,6,29,2,3.4
"U47238",44,"Male","Freelancer","iOS",8.1,6.5,5,4.7,7,13,4,2.1
"U47239",48,"Other","Professional","Android",10.5,1.6,4,8.6,5,16,4,8.6
"U47240",34,"Female","Freelancer","iOS",2.8,7.1,7,7.6,6,27,1,11.1
"U47241",41,"Male","Business Owner","Android",1.8,5.1,8,4.8,9,26,5,11.8
"U47242",24,"Male","Freelancer","Android",8,3.7,8,5.7,8,27,0,4.3
"U47243",37,"Female","Business Owner","Android",10.7,1.4,8,6.1,8,27,3,12.4
"U47244",38,"Other","Student","iOS",3.8,7.6,3,8.6,7,24,6,11.4
"U47245",32,"Other","Professional","Android",1.3,6.2,6,8.1,1,23,0,13
"U47246",46,"Female","Student","Android",10.1,7.6,4,6.9,4,18,1,13
"U47247",40,"Other","Professional","Android",10,6.7,8,6.5,4,16,5,8.8
"U47248",29,"Female","Professional","Android",1.3,5.9,2,5.5,2,22,3,11.9
"U47249",40,"Other","Professional","iOS",4.7,4.9,6,4.9,4,5,0,4
"U47250",46,"Female","Business Owner","iOS",7.3,5.5,7,8.2,2,55,3,12.9
"U47251",37,"Male","Business Owner","Android",7.2,0.8,3,6.7,6,35,0,13.7
"U47252",37,"Other","Professional","iOS",9.3,1.4,4,7.1,7,50,6,10.2
"U47253",51,"Male","Student","iOS",3.2,4.5,10,4.4,1,45,2,2.8
"U47254",52,"Other","Student","iOS",8.8,8,2,5.1,7,30,3,2.4
"U47255",27,"Other","Business Owner","iOS",7.6,4.3,3,8.2,2,32,5,2.9
"U47256",38,"Other","Student","iOS",3.3,7.3,5,8.3,4,45,0,9.2
"U47257",26,"Female","Student","iOS",4,5.2,2,5.5,7,56,2,11.1
"U47258",44,"Female","Student","Android",6.1,2.4,3,6.1,3,35,0,7.5
"U47259",59,"Male","Professional","Android",5.5,2.3,4,4.5,1,19,3,9.8
"U47260",56,"Female","Professional","iOS",8.1,5,10,6.3,5,14,5,11.7
"U47261",54,"Female","Freelancer","Android",8.9,6.2,4,4.4,4,38,1,10.2
"U47262",21,"Other","Student","iOS",6.2,3.2,7,5.2,8,39,0,8.4
"U47263",25,"Male","Business Owner","iOS",2,2.3,9,5.1,3,16,1,2.3
"U47264",51,"Female","Business Owner","iOS",9.7,1.3,1,7.1,2,32,5,13.4
"U47265",41,"Other","Business Owner","Android",9.7,1,8,6.4,1,16,2,14
"U47266",24,"Other","Professional","Android",2.2,6.5,3,6.5,6,28,4,3.5
"U47267",24,"Other","Business Owner","Android",1.2,5.1,2,7.8,9,34,2,5.5
"U47268",25,"Male","Freelancer","iOS",9,3,4,8.8,2,12,0,4.9
"U47269",38,"Female","Professional","Android",4.8,4.4,9,8.9,1,57,3,4.8
"U47270",45,"Female","Student","iOS",8.7,6.4,4,7.3,6,10,2,8.6
"U47271",48,"Female","Professional","Android",3.3,3.7,2,7.6,6,37,5,9.4
"U47272",33,"Female","Student","Android",5.9,3.9,6,8.6,10,16,6,8.1
"U47273",32,"Male","Freelancer","Android",9.5,7.5,4,5.9,7,54,1,11.6
"U47274",52,"Male","Professional","Android",10.7,1,3,7.7,3,15,5,3.8
"U47275",40,"Other","Student","iOS",1.4,6.5,10,6.1,9,34,4,3.9
"U47276",22,"Female","Business Owner","iOS",2.1,2.6,10,5.7,10,26,3,4.9
"U47277",38,"Other","Business Owner","iOS",7.5,5.4,3,8.3,2,27,2,13
"U47278",47,"Male","Professional","iOS",7.5,7.4,1,5.2,2,58,2,9.2
"U47279",45,"Other","Student","Android",9.8,7.5,1,8.2,2,24,5,11.4
"U47280",36,"Female","Business Owner","iOS",5.6,6.5,5,6.9,9,10,2,7.3
"U47281",44,"Female","Business Owner","Android",11.7,6.3,2,8.6,10,34,5,13.6
"U47282",49,"Other","Student","Android",6.6,3.5,1,4.2,8,32,5,3.9
"U47283",20,"Female","Professional","Android",10.2,1.8,6,6.4,4,24,3,9.3
"U47284",59,"Male","Business Owner","Android",2.8,1.3,7,6,9,16,2,7
"U47285",41,"Other","Student","Android",1.6,5.4,6,5.2,7,12,4,2.6
"U47286",21,"Male","Student","Android",8.5,2.6,2,7.3,4,52,3,6.9
"U47287",60,"Female","Professional","iOS",4,2.7,6,4.4,9,22,0,4.2
"U47288",44,"Male","Business Owner","iOS",4.3,5.9,2,6.1,3,39,6,7
"U47289",52,"Female","Business Owner","Android",8.8,6.2,10,4.8,8,6,4,6.4
"U47290",18,"Male","Business Owner","iOS",5.8,2.3,5,5.8,2,11,0,2.9
"U47291",56,"Female","Professional","iOS",9.8,1.8,6,4.6,6,56,6,7.3
"U47292",52,"Other","Student","iOS",3.8,6.9,3,9,6,33,5,12.9
"U47293",30,"Female","Business Owner","iOS",5.6,4,4,6.8,3,32,4,7.1
"U47294",50,"Female","Professional","iOS",2.2,4.7,7,5.2,10,58,3,11.1
"U47295",31,"Female","Professional","Android",4.2,1.7,9,4.1,10,34,6,7.5
"U47296",22,"Other","Freelancer","iOS",4.3,7.4,9,7.7,3,34,1,10.6
"U47297",55,"Other","Freelancer","Android",9.5,7.1,5,6.4,10,20,4,9.7
"U47298",32,"Other","Student","Android",9.9,6.7,5,6.6,6,60,0,9.3
"U47299",34,"Male","Professional","iOS",3.4,2.7,7,5.2,6,41,4,13.1
"U47300",45,"Male","Business Owner","Android",8.6,6.7,5,8.5,7,10,3,6.6
"U47301",38,"Male","Freelancer","iOS",2.9,3.4,1,6.7,1,24,2,11.3
"U47302",21,"Female","Freelancer","Android",10,3.5,2,5.3,9,20,2,11.1
"U47303",29,"Female","Business Owner","Android",6.7,4.6,8,8.8,5,47,1,5
"U47304",49,"Male","Business Owner","iOS",8.8,6.4,5,8.6,3,24,2,4.4
"U47305",38,"Female","Freelancer","iOS",10.4,4.1,1,7.6,2,34,5,11.8
"U47306",50,"Female","Student","Android",6.5,1.7,10,7.6,1,55,1,4.3
"U47307",45,"Other","Student","iOS",3.6,7.7,1,6.1,9,45,3,6.1
"U47308",21,"Other","Freelancer","Android",11.5,4.7,4,4.7,3,54,3,10.5
"U47309",33,"Female","Freelancer","Android",9.9,4.3,3,5.6,2,20,6,3.6
"U47310",58,"Male","Freelancer","iOS",8.9,6.4,7,7.5,2,28,4,3.8
"U47311",37,"Other","Professional","Android",1.6,1.8,3,4.7,10,35,1,10.5
"U47312",40,"Female","Student","Android",6.8,2.7,10,8.6,8,8,1,7.4
"U47313",42,"Other","Business Owner","Android",8.8,7,4,8.3,7,54,2,9.9
"U47314",30,"Other","Business Owner","Android",7.8,7.9,10,5.9,5,18,0,9.4
"U47315",33,"Female","Student","Android",7.6,6.4,1,8.2,8,13,1,8.2
"U47316",31,"Male","Professional","Android",8,5,4,6.2,3,7,0,13
"U47317",52,"Other","Professional","iOS",1.7,6.8,5,5.7,9,27,1,2.3
"U47318",54,"Other","Professional","Android",11.3,6.2,5,5.9,10,6,6,3.3
"U47319",27,"Female","Professional","iOS",5.5,2.5,6,4.2,10,36,5,7.6
"U47320",33,"Other","Business Owner","iOS",10.6,2.2,2,5.4,3,51,4,3.2
"U47321",37,"Female","Business Owner","iOS",6.9,1.8,4,4.2,8,14,0,2.4
"U47322",57,"Female","Business Owner","iOS",4.4,1.8,9,4.2,4,12,0,6.2
"U47323",41,"Male","Professional","iOS",8.3,3.1,10,5.1,1,6,0,13.2
"U47324",26,"Female","Professional","Android",9.1,2.8,6,4.7,6,40,2,5.3
"U47325",35,"Other","Student","Android",5.3,2.1,1,7.1,1,41,5,5.1
"U47326",38,"Female","Business Owner","iOS",7.8,1.6,10,4.2,4,51,3,9.5
"U47327",46,"Male","Student","Android",11.6,4.4,5,7.1,7,55,1,4.8
"U47328",21,"Other","Freelancer","iOS",6.8,6.5,4,8.9,9,26,5,6
"U47329",39,"Male","Student","Android",3.5,3.2,1,8.4,3,9,3,4.5
"U47330",22,"Other","Professional","Android",5.2,2.6,9,6.1,10,26,6,8.9
"U47331",38,"Male","Student","Android",4.4,0.9,1,7.4,1,37,3,7.3
"U47332",39,"Female","Business Owner","Android",2.1,2.3,10,6.7,4,45,6,3.2
"U47333",48,"Female","Freelancer","iOS",11.9,7.3,3,4.5,2,50,4,13.4
"U47334",51,"Other","Professional","Android",6.4,1,2,7.1,7,12,6,13.5
"U47335",58,"Male","Professional","Android",11.5,7.8,3,6.7,8,43,4,8.8
"U47336",26,"Female","Student","iOS",5.9,1.1,5,6.7,8,21,6,2.8
"U47337",43,"Male","Business Owner","iOS",4.3,5,4,7,1,16,1,12.4
"U47338",30,"Male","Student","iOS",8.9,3.2,8,5.7,9,28,5,2.5
"U47339",52,"Other","Business Owner","Android",2.2,5.2,9,5.6,2,36,3,4.1
"U47340",52,"Female","Student","Android",10.6,5.2,8,8.7,7,25,6,13.4
"U47341",18,"Female","Student","iOS",8.8,5.7,1,6.7,9,8,2,10.9
"U47342",58,"Female","Student","iOS",5.4,6.4,10,5.9,9,53,2,5.9
"U47343",30,"Male","Business Owner","Android",7.5,1.5,2,7.1,1,23,0,13.5
"U47344",28,"Other","Professional","iOS",9.9,6.6,8,8.7,6,14,6,4.4
"U47345",35,"Female","Student","iOS",1.1,6,1,4.7,5,24,3,9.4
"U47346",27,"Other","Freelancer","Android",4.8,5,5,7.2,1,25,6,13.3
"U47347",47,"Other","Student","Android",1.9,1.7,1,5.1,6,56,2,12.7
"U47348",23,"Male","Business Owner","Android",3.7,4.4,3,4.4,9,5,6,10.8
"U47349",42,"Female","Business Owner","Android",11,6.8,8,6.4,10,34,4,6.2
"U47350",25,"Male","Professional","Android",9.1,1.7,1,5.4,3,36,3,6.3
"U47351",60,"Female","Freelancer","iOS",4.8,3.1,8,7.9,5,40,3,12.2
"U47352",51,"Male","Professional","iOS",9.3,2.7,9,8.3,8,27,3,13.8
"U47353",60,"Other","Professional","Android",2.7,4.2,6,7.3,4,30,3,9
"U47354",42,"Other","Professional","Android",3.3,3.9,9,7.1,3,20,2,8.1
"U47355",28,"Female","Professional","iOS",6.6,6.8,2,6.9,4,41,1,9.4
"U47356",50,"Female","Freelancer","Android",6.7,7.9,9,8.6,1,5,4,7.6
"U47357",58,"Other","Student","Android",2.7,1.8,5,8.5,8,25,6,2.5
"U47358",42,"Female","Business Owner","Android",9.2,3.3,2,5.1,2,53,3,6.6
"U47359",55,"Male","Freelancer","iOS",2.8,5.5,9,8.9,3,36,5,9
"U47360",47,"Female","Student","iOS",2,3.3,4,8.9,2,22,5,5
"U47361",34,"Female","Freelancer","Android",8.3,7.9,2,4.4,9,26,2,7.7
"U47362",48,"Male","Professional","iOS",8.5,1.5,9,6.2,9,10,0,9.1
"U47363",44,"Male","Freelancer","Android",4.4,2.4,3,5.4,2,49,4,3.8
"U47364",29,"Female","Business Owner","Android",1.4,1.6,2,8.6,5,39,2,9
"U47365",31,"Female","Student","iOS",8.5,2.4,10,8,3,14,6,11
"U47366",58,"Male","Freelancer","iOS",5.1,5.8,9,5.2,4,22,1,12.5
"U47367",48,"Other","Student","iOS",9.6,4.1,4,8.1,2,32,1,12.3
"U47368",19,"Male","Student","iOS",6.2,1.9,4,4.4,10,31,6,2.9
"U47369",31,"Other","Business Owner","iOS",2.8,0.6,2,4.5,3,41,1,8.8
"U47370",53,"Male","Professional","iOS",3.9,2.9,4,7.8,5,5,1,10.4
"U47371",40,"Male","Student","iOS",3.6,3.7,3,6.1,5,46,1,10.3
"U47372",59,"Other","Student","Android",11.9,3.4,9,5.1,8,16,0,13.2
"U47373",35,"Other","Business Owner","Android",5.8,7.2,3,5.2,3,5,5,6.7
"U47374",48,"Male","Professional","iOS",10.2,2.2,4,4.3,5,46,2,3.8
"U47375",53,"Other","Student","iOS",3,7.8,9,8,10,41,3,12.7
"U47376",46,"Male","Freelancer","Android",5.5,6.7,6,9,3,46,5,13.6
"U47377",29,"Other","Student","Android",11.2,4,1,4.2,5,19,5,3.8
"U47378",44,"Other","Freelancer","Android",7.6,3.1,9,6.2,9,31,1,2.2
"U47379",51,"Other","Business Owner","iOS",10.4,7.9,10,6.5,5,12,0,2.6
"U47380",24,"Female","Professional","iOS",9.6,3.4,1,7.9,2,37,3,3
"U47381",54,"Female","Professional","iOS",2.8,1.7,8,6.6,9,42,6,8.3
"U47382",30,"Other","Freelancer","Android",1.3,2.1,10,5.1,8,14,1,6.8
"U47383",25,"Other","Freelancer","iOS",4.2,3.8,5,8.6,10,57,2,13.5
"U47384",57,"Other","Student","iOS",6.6,2.9,7,8.4,7,42,5,11.6
"U47385",27,"Female","Student","iOS",9.7,7,5,6.1,3,46,1,11.7
"U47386",29,"Male","Business Owner","iOS",7.6,5.6,9,4.7,3,51,6,3.9
"U47387",54,"Male","Business Owner","iOS",10.9,7.6,7,7.5,6,26,2,9.6
"U47388",35,"Other","Freelancer","Android",2.8,1.5,9,5.2,2,25,5,14
"U47389",23,"Male","Student","Android",6.5,1.8,6,4.6,5,8,3,11.7
"U47390",29,"Other","Professional","Android",6.6,5.7,1,7.9,1,59,1,8.1
"U47391",32,"Male","Professional","iOS",8.6,2.1,7,6.5,6,59,4,12.7
"U47392",26,"Male","Freelancer","Android",6.8,6.6,7,6.8,8,35,1,8.5
"U47393",50,"Other","Business Owner","Android",4.7,4.8,6,8,8,31,1,6.2
"U47394",18,"Female","Freelancer","Android",7.5,3.6,10,6.7,9,28,4,8.9
"U47395",43,"Other","Student","Android",5.4,6.4,1,5.5,3,39,1,13.4
"U47396",29,"Female","Professional","iOS",7.4,1.9,8,7.7,6,34,6,10
"U47397",40,"Female","Freelancer","Android",4,4.1,7,7.6,10,45,0,6.6
"U47398",33,"Male","Professional","iOS",8,3.7,10,6.3,1,43,4,11.6
"U47399",55,"Male","Freelancer","Android",9.6,6.7,8,4.5,4,57,4,2.9
"U47400",34,"Male","Student","iOS",3,5.4,5,7,1,24,6,13.9
"U47401",24,"Other","Business Owner","iOS",3.8,3.2,4,4.1,4,17,4,10.3
"U47402",50,"Male","Freelancer","Android",6.2,5.2,8,4.4,6,21,0,6.7
"U47403",41,"Other","Professional","Android",4.3,0.6,6,5.1,10,20,0,4.6
"U47404",35,"Female","Professional","Android",3.7,7.3,9,6.9,8,37,2,10.5
"U47405",39,"Other","Student","iOS",6.7,3.7,1,6.4,1,17,5,6.9
"U47406",41,"Other","Freelancer","Android",9.2,3.6,3,7.3,10,39,6,11.7
"U47407",35,"Other","Business Owner","iOS",8.1,1.1,5,4.2,10,27,0,11.5
"U47408",22,"Female","Business Owner","Android",9.4,4.5,7,4.8,2,39,0,10
"U47409",52,"Male","Professional","iOS",5.7,7.1,3,5.9,7,50,6,13.2
"U47410",57,"Female","Freelancer","Android",1.7,6.8,9,8.6,2,50,0,4.9
"U47411",28,"Female","Freelancer","Android",2.4,3.8,10,6.1,10,5,3,8.8
"U47412",38,"Other","Freelancer","iOS",9.9,0.8,5,5.1,2,60,4,2.9
"U47413",52,"Male","Business Owner","iOS",2.3,5.2,3,8.6,5,57,6,11.2
"U47414",51,"Male","Professional","Android",6.9,1.9,6,4.6,5,45,1,9.9
"U47415",33,"Female","Business Owner","iOS",1.5,4.8,7,5.7,7,8,1,12.2
"U47416",23,"Female","Freelancer","iOS",11.1,1,2,5,9,17,3,5.8
"U47417",34,"Male","Professional","Android",7.2,5.5,8,5.7,10,59,5,11.2
"U47418",18,"Female","Student","Android",8.9,4.1,1,5.7,7,25,2,3.3
"U47419",21,"Other","Business Owner","iOS",3.7,4.7,6,5.4,4,39,4,10.4
"U47420",32,"Other","Freelancer","iOS",2.4,5.5,6,8.2,10,42,2,7.2
"U47421",40,"Male","Student","Android",4.6,2.9,1,4,9,27,6,6.3
"U47422",43,"Other","Student","Android",9.6,4,1,8.7,6,19,4,12.8
"U47423",32,"Female","Freelancer","Android",2.9,5.7,8,5.8,4,31,2,2.1
"U47424",19,"Male","Business Owner","iOS",1.8,7.3,9,5.5,9,29,1,3.8
"U47425",30,"Male","Business Owner","Android",1.2,7.9,6,6.6,4,46,3,4.3
"U47426",28,"Female","Business Owner","iOS",7.9,1.3,3,7,9,46,1,6.9
"U47427",50,"Male","Business Owner","Android",5,6.8,9,4.2,5,55,3,11
"U47428",27,"Other","Professional","Android",10.1,4.4,6,5.5,10,23,4,13.7
"U47429",45,"Male","Freelancer","iOS",8.9,5.7,7,4.2,9,37,2,9.9
"U47430",48,"Other","Student","Android",2.5,7.6,6,7.6,1,21,0,11.7
"U47431",30,"Other","Business Owner","Android",8.6,2.9,5,5.1,9,45,4,3.8
"U47432",38,"Male","Professional","iOS",3.7,3.4,8,7.7,1,17,2,4.3
"U47433",60,"Female","Professional","Android",3.9,6.2,3,7.7,8,13,4,5.9
"U47434",37,"Male","Business Owner","iOS",1.3,6.7,4,8.4,8,8,3,12.5
"U47435",57,"Other","Business Owner","Android",2.7,1,2,7.9,4,19,2,6.3
"U47436",18,"Other","Freelancer","Android",7.1,3.4,10,5.8,6,28,4,8.1
"U47437",37,"Other","Freelancer","iOS",5.7,4.3,6,7.6,5,17,4,4.8
"U47438",46,"Other","Business Owner","iOS",5.6,5.1,6,4.8,4,50,1,2.5
"U47439",55,"Other","Freelancer","iOS",1.6,2.7,2,6.9,5,9,6,13.9
"U47440",52,"Female","Student","iOS",11.4,4.9,3,6.5,7,9,3,13
"U47441",42,"Other","Professional","iOS",2.6,7.8,4,5.5,1,36,5,10.2
"U47442",41,"Female","Student","Android",11.6,5.3,1,7.4,1,50,3,9.7
"U47443",46,"Male","Professional","iOS",3.4,1.5,1,7.3,1,23,3,2.7
"U47444",24,"Female","Professional","Android",5.4,4.2,1,5.4,6,28,2,4.3
"U47445",45,"Other","Business Owner","iOS",11.6,6.4,6,7.5,8,36,3,6.9
"U47446",50,"Male","Student","Android",11.9,3,8,6.6,4,42,6,7.9
"U47447",55,"Female","Business Owner","Android",2.1,1,3,6,2,50,4,4.7
"U47448",45,"Female","Student","Android",10.2,4.1,4,4.7,1,46,6,5.4
"U47449",59,"Female","Professional","Android",8.8,3.1,2,5.2,2,10,0,9.9
"U47450",26,"Male","Freelancer","iOS",2.2,6.4,1,7.1,1,58,0,12.4
"U47451",23,"Other","Freelancer","iOS",5,6.3,9,4.8,9,60,0,12.1
"U47452",30,"Female","Professional","Android",1.5,5.7,5,4.2,10,5,2,11.5
"U47453",27,"Other","Business Owner","Android",8.1,7.9,9,7.2,8,33,4,10.7
"U47454",41,"Other","Student","iOS",6.1,1.3,4,7,1,20,0,12.2
"U47455",21,"Other","Student","Android",8.7,2.6,3,7.7,8,16,6,11.5
"U47456",51,"Male","Business Owner","Android",4.9,6.2,5,9,1,43,4,13.4
"U47457",44,"Female","Freelancer","iOS",2.5,3.4,2,6.9,4,42,1,4.3
"U47458",29,"Female","Freelancer","iOS",4.3,1.1,4,5.1,8,5,4,12.1
"U47459",52,"Other","Student","iOS",10.3,7,3,4.7,2,41,2,11.6
"U47460",44,"Female","Professional","Android",2.5,2.7,10,8.3,10,45,6,5.3
"U47461",52,"Male","Professional","iOS",4.3,0.6,7,7.4,3,14,5,5.2
"U47462",38,"Male","Business Owner","iOS",8.1,6.5,7,4.8,3,32,4,12.2
"U47463",42,"Other","Professional","Android",2.7,1.8,8,5.1,6,60,4,11.2
"U47464",36,"Male","Student","Android",9.1,0.5,8,7.8,7,40,0,2.7
"U47465",58,"Other","Professional","Android",1.7,4.4,8,6.8,8,33,4,7.7
"U47466",31,"Male","Professional","iOS",9.7,1.5,5,8.4,6,40,2,3
"U47467",37,"Female","Business Owner","iOS",2.7,7.7,3,4.9,9,43,6,9.8
"U47468",46,"Female","Student","Android",7.4,3.4,8,5,9,57,5,6.9
"U47469",42,"Male","Student","iOS",11,2.5,1,8.4,6,44,2,5.6
"U47470",21,"Male","Freelancer","Android",6.8,7.8,4,4.3,3,35,0,6.4
"U47471",51,"Female","Business Owner","iOS",4.6,4.3,3,5.3,3,52,6,12.5
"U47472",52,"Other","Freelancer","Android",7.4,7.7,3,5,6,28,2,3.3
"U47473",29,"Female","Freelancer","Android",8,4.8,1,6,1,18,5,11.5
"U47474",31,"Male","Freelancer","iOS",5.3,4.7,7,5.3,2,13,0,11.6
"U47475",19,"Female","Freelancer","Android",9.1,5.5,9,7.5,6,31,2,6.2
"U47476",54,"Female","Freelancer","Android",8.4,2.3,6,7.8,3,59,1,2.2
"U47477",28,"Female","Student","iOS",5.2,5.3,6,8.7,7,23,5,4
"U47478",41,"Male","Freelancer","iOS",5.6,5.8,3,5.3,2,55,4,2.1
"U47479",52,"Other","Student","Android",8.2,7.8,5,7.6,4,59,3,12.2
"U47480",46,"Other","Student","Android",8.5,2.8,8,6.7,5,49,1,8.5
"U47481",29,"Male","Student","iOS",3.1,5.6,9,5.9,7,53,6,13.4
"U47482",51,"Other","Business Owner","Android",10,4.6,4,8.7,3,27,4,13.6
"U47483",56,"Male","Student","Android",7.6,8,1,5.6,8,32,5,7.3
"U47484",59,"Female","Student","Android",8.9,4.5,2,7.9,7,58,5,13.2
"U47485",58,"Male","Student","iOS",4.2,2.1,4,8.1,3,27,5,5.9
"U47486",36,"Female","Professional","iOS",1.7,6.4,6,6.3,6,12,1,4.9
"U47487",43,"Female","Student","Android",8.8,3.7,10,4.5,6,51,4,4.8
"U47488",47,"Female","Professional","Android",4.9,1.6,8,6.7,4,52,2,4.5
"U47489",60,"Male","Business Owner","iOS",5.6,0.9,4,7,7,41,0,13.6
"U47490",31,"Male","Student","iOS",2.6,5.6,2,5.1,10,56,5,5.1
"U47491",43,"Other","Business Owner","iOS",6.9,5.8,3,4.2,3,22,4,7.1
"U47492",31,"Female","Professional","Android",1.4,2.8,1,5,6,32,4,10.5
"U47493",22,"Other","Freelancer","iOS",3.9,3.9,1,7.6,5,24,4,12.6
"U47494",43,"Female","Freelancer","Android",9,3.5,10,6.9,3,45,5,2.3
"U47495",30,"Other","Professional","Android",3.2,3.7,5,5.1,9,24,3,4
"U47496",33,"Female","Student","Android",6.3,5.6,8,5.6,4,40,0,9.8
"U47497",19,"Male","Professional","iOS",4.2,3.9,9,7.5,8,18,3,3.2
"U47498",53,"Other","Student","iOS",1.1,5.7,6,5.1,5,26,2,13.8
"U47499",36,"Female","Student","iOS",7.2,1.3,7,8.8,8,5,4,5.2
"U47500",42,"Female","Freelancer","iOS",3.5,1.7,5,7.9,4,30,3,8.9
"U47501",20,"Other","Business Owner","Android",8.2,3.6,4,4.9,1,32,0,13.1
"U47502",24,"Female","Business Owner","Android",4,7.8,9,8.7,3,60,2,12.5
"U47503",48,"Female","Professional","Android",5.3,2.8,5,8.9,10,14,5,7.2
"U47504",28,"Female","Freelancer","Android",3.1,1.7,10,4.7,3,47,0,2.7
"U47505",43,"Female","Student","Android",6.4,4,9,5.3,1,31,6,4.6
"U47506",27,"Other","Student","iOS",1.5,4,9,5.6,6,16,6,12.6
"U47507",50,"Other","Freelancer","iOS",7.5,4.9,1,4.9,9,23,5,7.7
"U47508",18,"Male","Student","Android",8.6,6.8,2,8.5,7,19,6,13.1
"U47509",33,"Female","Business Owner","Android",8.4,1.1,7,6.5,8,24,4,13.5
"U47510",31,"Female","Student","iOS",4.7,4.4,5,4.3,4,50,2,3
"U47511",43,"Other","Business Owner","iOS",3.5,4.9,2,5.3,1,16,0,3
"U47512",37,"Male","Professional","iOS",9,1.2,5,8.5,2,48,1,12
"U47513",56,"Male","Business Owner","iOS",7.5,2,8,7.6,5,48,4,10.2
"U47514",21,"Female","Student","iOS",9.6,1.1,9,9,6,22,2,5.1
"U47515",50,"Other","Business Owner","iOS",2.5,3.2,9,8,3,52,0,3.2
"U47516",36,"Other","Business Owner","Android",4.9,2.1,2,8.2,5,58,1,2.1
"U47517",60,"Female","Business Owner","iOS",7.4,6.1,9,7.7,4,35,0,3.9
"U47518",49,"Other","Professional","Android",4.2,2.3,10,5.3,3,6,2,12.7
"U47519",36,"Female","Freelancer","iOS",3.4,0.9,8,5.3,2,23,6,12.1
"U47520",54,"Female","Professional","iOS",3.3,4.9,5,6,4,25,5,5.7
"U47521",23,"Female","Professional","iOS",1.2,7.3,6,7.1,10,32,2,3.2
"U47522",58,"Other","Student","iOS",8.6,3.4,1,5.6,9,36,4,11.2
"U47523",23,"Male","Freelancer","Android",1.5,4.3,8,7.7,3,11,3,12
"U47524",45,"Male","Business Owner","iOS",1,1.4,1,8,5,7,5,3.4
"U47525",33,"Male","Business Owner","iOS",5.2,0.7,1,7.8,3,23,3,14
"U47526",34,"Male","Student","Android",5.1,3.6,4,8.6,1,60,2,8
"U47527",59,"Male","Freelancer","iOS",8.1,7.9,10,8.8,3,58,6,3.1
"U47528",32,"Other","Freelancer","iOS",6.8,1.5,5,8.4,8,56,1,2.8
"U47529",20,"Other","Freelancer","iOS",7.1,1.6,8,8.4,9,23,0,5.2
"U47530",32,"Female","Freelancer","Android",8.2,5.3,2,8.5,3,32,1,9.3
"U47531",24,"Female","Freelancer","iOS",10.9,3.6,6,4.4,4,49,5,7.1
"U47532",21,"Female","Student","iOS",8.9,7.5,8,7,3,11,6,7
"U47533",24,"Female","Freelancer","Android",9.1,8,2,5.1,8,27,6,12.6
"U47534",42,"Female","Freelancer","Android",11,2,2,7.4,2,58,1,11.1
"U47535",44,"Male","Business Owner","Android",9.9,4.9,10,7.3,8,58,2,8.2
"U47536",33,"Male","Business Owner","Android",5.4,4.4,9,7.8,4,32,2,10.4
"U47537",42,"Other","Professional","iOS",9,6.7,3,5.9,4,7,1,7.1
"U47538",45,"Other","Business Owner","Android",6.3,2.3,5,7.9,8,44,0,7.5
"U47539",29,"Female","Professional","iOS",4.8,2.8,10,6.1,10,44,1,10.6
"U47540",27,"Other","Freelancer","iOS",3.2,1.5,4,8.4,1,51,0,9.3
"U47541",51,"Female","Professional","Android",1.5,6.2,6,4.3,3,7,1,9.2
"U47542",35,"Other","Student","Android",9.7,5.8,6,7.1,8,29,3,10
"U47543",41,"Other","Business Owner","Android",10.3,6.5,6,6.4,8,37,5,6
"U47544",38,"Female","Professional","Android",2,6.3,2,8.8,5,15,6,7.1
"U47545",37,"Other","Freelancer","iOS",2.1,3.7,5,4.8,7,6,0,10.3
"U47546",22,"Female","Student","Android",6.2,7.5,2,7.2,10,10,6,8.5
"U47547",36,"Male","Business Owner","Android",10,6.9,2,6.3,9,49,0,4.2
"U47548",18,"Other","Professional","Android",1.5,6.3,9,8.7,10,6,4,5
"U47549",52,"Other","Freelancer","Android",6.6,2.1,4,8.5,9,39,3,2.3
"U47550",58,"Other","Business Owner","Android",10.9,1.5,10,5.1,8,26,3,9
"U47551",39,"Female","Student","Android",9.9,0.7,3,6.7,6,25,5,6.2
"U47552",47,"Female","Business Owner","Android",3.7,2.2,5,6.8,9,7,2,2.3
"U47553",57,"Male","Freelancer","Android",4.2,7.5,5,6.2,3,18,3,11.9
"U47554",42,"Male","Business Owner","iOS",9.8,5.8,6,6.6,9,9,1,7.4
"U47555",27,"Male","Professional","iOS",2.2,6.8,7,8.7,3,59,3,4.4
"U47556",28,"Female","Freelancer","iOS",2.3,6.5,10,4.6,4,60,0,2
"U47557",54,"Other","Business Owner","iOS",3.2,5.4,4,6.8,1,6,2,8.3
"U47558",40,"Male","Professional","iOS",7.6,3.5,6,8.8,5,27,0,6.4
"U47559",22,"Male","Business Owner","iOS",2.4,1.3,9,7.9,8,25,3,9.7
"U47560",24,"Other","Professional","iOS",1.3,2.4,7,5.8,6,36,0,6
"U47561",58,"Other","Freelancer","Android",10.2,1.7,8,6,7,39,1,6.2
"U47562",18,"Male","Freelancer","Android",1.4,1.5,1,5.1,6,40,0,10.7
"U47563",50,"Female","Freelancer","iOS",4.3,4.4,9,7.2,9,13,3,12.3
"U47564",37,"Male","Professional","iOS",3.7,6.9,3,5.4,9,16,0,8.5
"U47565",51,"Other","Business Owner","Android",4.4,4.9,4,4.1,3,41,2,3.2
"U47566",45,"Female","Professional","Android",1.7,3.2,5,7.6,5,48,3,4.5
"U47567",23,"Male","Student","iOS",7.7,5.6,9,5.7,4,9,3,11.7
"U47568",20,"Male","Professional","iOS",6.5,1.9,6,5.3,1,44,3,7.4
"U47569",42,"Female","Freelancer","Android",8.3,5.4,4,5.6,2,50,4,5.2
"U47570",44,"Female","Professional","iOS",3.8,1.3,10,5.5,5,6,5,9.7
"U47571",20,"Male","Business Owner","iOS",4.5,2,2,4.2,2,53,2,3.9
"U47572",60,"Female","Business Owner","iOS",7.1,5.4,10,8.7,5,37,0,10.1
"U47573",21,"Other","Student","Android",2.2,5.1,5,4.1,8,17,5,2.2
"U47574",29,"Female","Student","Android",1.9,5.8,2,8.8,10,49,5,6.9
"U47575",42,"Other","Professional","iOS",8,6.5,3,6.4,1,56,3,9.1
"U47576",18,"Female","Student","Android",3,3.9,3,4.5,5,24,2,11.9
"U47577",36,"Female","Student","Android",9.1,1.1,9,4.9,8,9,2,3.7
"U47578",44,"Female","Student","iOS",7.8,3.8,9,5.1,3,19,4,8.7
"U47579",55,"Male","Business Owner","iOS",8.5,0.7,1,6.5,2,13,6,8.7
"U47580",19,"Other","Professional","iOS",4.5,3.8,3,7.6,4,26,5,12.5
"U47581",58,"Male","Professional","Android",4.6,3.4,6,4.6,7,48,2,6.2
"U47582",24,"Female","Freelancer","Android",9.7,1.4,8,4.4,7,55,3,6.9
"U47583",46,"Other","Professional","Android",9.6,1.4,3,8.4,7,38,2,8.8
"U47584",34,"Other","Freelancer","iOS",2.6,4.3,9,8.4,5,19,2,11.4
"U47585",57,"Male","Professional","iOS",5.7,2.7,7,7,3,55,4,13.7
"U47586",60,"Male","Student","iOS",7.1,4.2,6,7.3,5,14,2,5.3
"U47587",39,"Other","Professional","iOS",7,6.7,8,4,7,7,4,5.5
"U47588",30,"Female","Freelancer","Android",2.3,5.1,7,6.3,7,6,3,10.1
"U47589",50,"Female","Freelancer","iOS",7.3,7.6,2,7.7,1,5,5,12.8
"U47590",58,"Other","Freelancer","Android",7.5,2.1,1,6.9,1,43,2,7.6
"U47591",57,"Other","Business Owner","Android",7.7,2.7,4,8.8,3,49,2,5.1
"U47592",24,"Male","Freelancer","Android",10.8,6.9,5,6.3,4,50,5,3.6
"U47593",42,"Male","Freelancer","iOS",4.1,7.5,5,7.3,4,24,4,7.1
"U47594",26,"Male","Professional","iOS",3.3,2.6,8,5.2,5,13,3,8.8
"U47595",37,"Female","Freelancer","Android",5.9,3.7,9,5.2,1,44,0,8.5
"U47596",35,"Female","Professional","iOS",11,0.7,6,8.9,3,7,6,4.1
"U47597",22,"Female","Professional","iOS",9.5,3.9,8,7.8,2,29,5,9.7
"U47598",19,"Male","Freelancer","Android",1.7,3.1,3,7.1,8,34,3,13.9
"U47599",44,"Female","Business Owner","iOS",2.2,0.9,8,6,6,54,4,2.5
"U47600",42,"Male","Professional","iOS",8.7,0.9,8,9,6,52,6,7.4
"U47601",58,"Other","Professional","Android",10.9,7.6,2,7.2,3,24,3,11.5
"U47602",49,"Other","Business Owner","Android",9.1,6.3,4,4.1,8,21,3,4.9
"U47603",52,"Female","Freelancer","Android",11.5,0.6,7,7.8,7,60,4,10.2
"U47604",52,"Other","Freelancer","iOS",3.5,1.3,3,8,7,28,4,8.1
"U47605",36,"Male","Student","Android",9.7,1.1,5,8.7,2,17,6,13.1
"U47606",38,"Male","Business Owner","iOS",7.7,5.1,2,6.4,2,60,2,4.8
"U47607",48,"Female","Student","Android",1.1,7.2,8,6.6,1,33,1,10.2
"U47608",32,"Male","Freelancer","iOS",4.5,0.9,1,4.5,8,45,1,10.5
"U47609",27,"Male","Professional","Android",1.7,7.3,7,5.2,6,46,4,8.9
"U47610",22,"Female","Freelancer","iOS",5,1.5,8,5.5,9,53,2,11.5
"U47611",45,"Male","Student","Android",6.6,5.5,2,5.8,3,44,6,2.6
"U47612",40,"Male","Freelancer","Android",2.8,5.9,9,4.2,2,60,0,9.7
"U47613",21,"Female","Student","Android",9.3,3.2,6,7,3,53,0,13.7
"U47614",29,"Female","Business Owner","iOS",3.9,1.1,10,5.2,1,60,4,6.6
"U47615",35,"Female","Professional","Android",8.9,2.6,5,4.1,10,10,3,8.9
"U47616",27,"Other","Professional","iOS",7.4,5.7,3,7.1,7,12,2,13.5
"U47617",31,"Male","Freelancer","Android",4.7,2.7,3,4,6,19,6,13.5
"U47618",51,"Female","Professional","iOS",4,7.9,8,8,7,28,5,13.7
"U47619",54,"Male","Student","Android",10,6.4,4,7.1,4,24,6,11.7
"U47620",30,"Male","Professional","iOS",4,1.1,7,7.8,6,20,1,3.2
"U47621",40,"Female","Professional","Android",7.4,5.5,2,6.3,7,20,5,8.7
"U47622",35,"Female","Student","iOS",10.2,7,7,4.7,10,48,3,8.5
"U47623",34,"Other","Business Owner","Android",10.8,3.9,8,6.1,8,20,6,7
"U47624",18,"Male","Student","Android",6.4,3.9,1,5.6,1,13,1,12.6
"U47625",47,"Other","Professional","iOS",3.4,4,2,7.1,6,55,5,9
"U47626",22,"Female","Business Owner","iOS",2.6,5,6,7.1,4,37,2,8.3
"U47627",22,"Male","Freelancer","Android",11.4,1.5,5,7.2,9,28,1,13.4
"U47628",59,"Other","Business Owner","iOS",9.6,2.9,4,5.9,9,50,3,7.5
"U47629",18,"Other","Student","iOS",3.2,5.1,10,5.8,7,50,0,4.3
"U47630",47,"Male","Professional","iOS",1,1.3,6,5.4,5,11,0,13.2
"U47631",28,"Other","Freelancer","iOS",9.8,5.3,5,8.5,3,18,6,3.6
"U47632",57,"Other","Student","Android",2.2,3.1,2,4.4,8,26,1,8.7
"U47633",51,"Male","Student","Android",3.1,6.9,6,6.6,4,45,0,6.1
"U47634",41,"Other","Business Owner","Android",3,7.5,1,7.8,4,16,0,2.1
"U47635",19,"Female","Professional","Android",1.8,7.5,5,4.8,7,26,6,12
"U47636",28,"Female","Student","Android",10.7,3.2,6,8.2,10,33,0,9.9
"U47637",33,"Female","Business Owner","iOS",3.8,7.9,6,4.2,5,41,1,13.2
"U47638",60,"Male","Business Owner","Android",2.3,3.5,2,8.3,8,26,5,9.5
"U47639",60,"Male","Student","iOS",1.7,4,2,6.7,6,32,4,7.7
"U47640",19,"Female","Freelancer","Android",10,7.8,3,4.5,8,9,3,6.2
"U47641",40,"Male","Business Owner","Android",6.4,7.3,2,5.6,5,31,3,5
"U47642",58,"Other","Student","iOS",6.8,3.2,1,6,1,53,3,2.6
"U47643",19,"Other","Student","iOS",2.4,1.1,8,6.6,2,16,2,12.8
"U47644",45,"Other","Professional","iOS",2.5,2.5,2,7.8,2,37,5,4.9
"U47645",45,"Other","Business Owner","iOS",9.5,1.2,3,5,4,27,0,9.6
"U47646",46,"Male","Student","iOS",6.7,4.5,5,8.5,10,57,0,8.1
"U47647",24,"Other","Student","Android",11.7,2.9,10,7.5,10,48,5,2.5
"U47648",34,"Other","Business Owner","Android",2.3,4.6,4,4.5,2,9,2,2
"U47649",52,"Female","Business Owner","iOS",5.6,7.4,4,4.5,1,11,5,3.6
"U47650",39,"Male","Freelancer","iOS",9,6.1,4,5.3,3,35,0,6.8
"U47651",32,"Male","Student","Android",4.8,7.9,1,5,4,13,0,7.9
"U47652",32,"Other","Professional","iOS",5.4,7.7,3,4.4,2,52,6,4.3
"U47653",60,"Female","Student","iOS",8,0.9,4,8.6,7,6,0,13.3
"U47654",30,"Other","Freelancer","Android",8.2,4.7,6,8.8,5,19,4,12.2
"U47655",25,"Other","Student","Android",4.1,5.3,8,7.9,10,37,1,9.9
"U47656",49,"Other","Freelancer","Android",8.5,3,6,6,8,41,2,4.7
"U47657",23,"Female","Student","Android",1.6,4.9,8,4.1,2,53,2,3
"U47658",34,"Other","Business Owner","Android",3,5.9,8,4.1,8,50,3,2.5
"U47659",47,"Male","Student","iOS",3.4,6,6,6.5,10,5,3,5.8
"U47660",54,"Female","Student","iOS",8.7,4.7,7,9,6,22,1,6.5
"U47661",38,"Male","Freelancer","iOS",11.1,1.8,6,7.5,10,41,6,9.1
"U47662",40,"Female","Student","Android",3.7,6.3,6,5.4,9,54,1,3.1
"U47663",34,"Male","Professional","Android",5.8,4.7,1,4.6,9,39,0,7.6
"U47664",22,"Female","Professional","iOS",8.9,6.2,9,6.8,7,30,2,3.2
"U47665",28,"Female","Freelancer","iOS",6.3,7.1,8,8.7,2,17,3,9.6
"U47666",54,"Male","Business Owner","Android",7.5,7.3,7,4.9,5,26,0,11.5
"U47667",53,"Male","Student","Android",9.1,5.2,8,7.8,9,35,1,10.3
"U47668",28,"Other","Student","iOS",4,7.1,9,8.2,10,12,5,3.4
"U47669",36,"Male","Student","iOS",9.9,0.7,5,8.2,4,45,6,13.2
"U47670",55,"Male","Student","Android",10.5,0.7,7,5.7,5,38,2,9.4
"U47671",29,"Female","Business Owner","Android",3,3,6,4.7,6,24,5,6.2
"U47672",28,"Female","Business Owner","iOS",3.7,7.6,3,7.9,8,53,2,7.7
"U47673",18,"Male","Professional","iOS",3,7.1,2,8.7,9,12,3,9.1
"U47674",29,"Male","Professional","Android",9.2,5.6,10,5.1,2,45,1,3.5
"U47675",50,"Male","Business Owner","Android",8.8,6.4,9,4.8,2,39,1,6.6
"U47676",60,"Female","Professional","iOS",7.6,7.8,7,4.3,5,35,5,7.2
"U47677",53,"Other","Business Owner","Android",9.4,4.2,7,7,9,8,5,6.5
"U47678",22,"Female","Professional","Android",6.4,7.5,3,4.1,3,36,4,6.3
"U47679",40,"Female","Freelancer","iOS",1.3,0.7,4,6.2,10,53,6,3
"U47680",59,"Female","Student","Android",5.8,6.6,6,6.3,4,42,6,6.2
"U47681",29,"Other","Business Owner","Android",4.2,1.5,4,5.2,7,15,0,11.9
"U47682",21,"Female","Business Owner","iOS",8.9,6.9,2,4.8,3,27,1,11.3
"U47683",50,"Other","Freelancer","Android",2.1,6.4,7,5.3,4,6,3,12.8
"U47684",55,"Other","Business Owner","iOS",11.4,4.2,4,8.2,4,52,3,7.2
"U47685",40,"Male","Professional","Android",10.5,1.4,1,8.4,4,60,3,5
"U47686",26,"Male","Business Owner","Android",1.3,6.3,9,6.6,2,43,3,6.6
"U47687",25,"Male","Student","iOS",3.1,2.8,1,6.4,8,29,2,9.4
"U47688",46,"Male","Freelancer","iOS",10.4,1.1,3,4,1,30,2,6.8
"U47689",43,"Male","Professional","iOS",4.8,6.3,7,7.6,7,39,4,2.2
"U47690",53,"Male","Student","iOS",4.9,2.2,10,8.6,8,16,5,7.7
"U47691",18,"Male","Professional","iOS",8.3,5.8,4,7.2,2,16,5,12.5
"U47692",25,"Female","Business Owner","Android",6,1.6,9,7.7,10,48,6,2.2
"U47693",28,"Male","Professional","Android",8.2,1.2,9,6.4,1,30,3,2.7
"U47694",44,"Male","Professional","iOS",5,6.2,6,8.5,3,30,3,13.4
"U47695",56,"Female","Professional","Android",7.1,6.9,9,5.7,1,33,6,7
"U47696",45,"Male","Professional","iOS",4.4,1.8,6,8.9,10,14,0,8.5
"U47697",28,"Other","Professional","Android",9.2,0.8,10,7.9,3,53,4,5.7
"U47698",39,"Male","Freelancer","iOS",5.6,5.2,10,4,6,30,6,13.6
"U47699",20,"Other","Business Owner","Android",11,2,2,6.6,7,21,5,6.3
"U47700",38,"Male","Professional","Android",5.9,0.5,8,7.6,10,41,1,9
"U47701",21,"Female","Student","iOS",8.7,0.7,7,4.5,2,22,2,10.4
"U47702",48,"Other","Professional","Android",10.9,7.2,7,7.7,8,13,5,6.5
"U47703",32,"Other","Business Owner","Android",4.4,4.7,4,6.1,3,31,3,5.9
"U47704",26,"Other","Student","iOS",8.9,7.5,3,7.6,10,22,0,6.3
"U47705",35,"Female","Freelancer","Android",6.5,5.5,8,6.4,2,42,1,5.6
"U47706",56,"Other","Professional","iOS",6.7,2.3,10,8.8,4,16,3,12.1
"U47707",22,"Female","Student","Android",3.1,6.6,3,7.2,2,16,3,4.6
"U47708",32,"Male","Student","Android",1.2,2.2,7,5.7,2,34,6,2.3
"U47709",56,"Male","Student","iOS",3.9,1.1,1,6.2,2,33,3,7
"U47710",36,"Male","Business Owner","Android",9.9,2.1,7,6.8,4,51,3,12.8
"U47711",33,"Female","Freelancer","iOS",9.1,3.6,2,8.9,7,48,3,13.9
"U47712",21,"Other","Business Owner","iOS",6.7,1.2,10,4.7,8,31,1,5
"U47713",33,"Female","Business Owner","iOS",9.7,5.2,4,8.5,9,5,2,4.3
"U47714",28,"Female","Student","Android",6.8,4.9,2,7.1,4,6,4,2.5
"U47715",41,"Female","Freelancer","iOS",3.9,5.9,1,4.4,6,40,0,2.3
"U47716",20,"Male","Freelancer","iOS",5.3,3.8,2,7.2,7,44,1,3.9
"U47717",28,"Other","Freelancer","Android",4.1,5.9,8,6.4,6,20,4,9.2
"U47718",49,"Male","Professional","Android",10.9,2.4,3,4.8,5,12,2,3.9
"U47719",34,"Other","Freelancer","iOS",6.9,6.7,9,6.5,2,25,4,4.5
"U47720",56,"Female","Professional","Android",9.1,7.3,3,4.1,5,9,4,11.7
"U47721",43,"Male","Student","iOS",10,4.2,10,6.2,9,18,5,13.6
"U47722",27,"Female","Professional","iOS",10,6.4,3,8.3,9,25,3,3.7
"U47723",33,"Male","Freelancer","Android",10.5,5.1,3,7.9,3,16,5,13.6
"U47724",53,"Female","Professional","iOS",4.1,5.3,9,8.9,6,39,4,4.8
"U47725",32,"Other","Professional","iOS",3,4.7,8,5.9,3,54,1,12.2
"U47726",50,"Male","Freelancer","iOS",10.3,2.5,8,6.3,6,32,3,7
"U47727",36,"Female","Professional","iOS",3.3,1.4,9,5.1,1,12,1,9.9
"U47728",36,"Male","Freelancer","Android",9.3,2.2,2,8.1,4,51,6,10.7
"U47729",21,"Male","Student","Android",2.2,4.4,7,7.9,4,20,4,6.5
"U47730",32,"Other","Business Owner","iOS",11,2,8,4.2,6,8,2,2.7
"U47731",48,"Female","Freelancer","Android",9.1,5.4,2,8.4,3,26,3,2.8
"U47732",59,"Other","Business Owner","iOS",6.2,1.7,5,8.6,1,59,3,5.1
"U47733",43,"Female","Freelancer","Android",3.9,7.4,8,6.8,10,41,2,5.8
"U47734",40,"Other","Freelancer","iOS",7.9,2,9,6.2,9,34,4,9.2
"U47735",34,"Male","Freelancer","Android",9.5,4.8,8,5.8,1,37,6,10.4
"U47736",31,"Female","Professional","Android",11.9,3.1,6,6.6,3,26,2,9.8
"U47737",56,"Male","Professional","iOS",1.5,2.6,6,4.8,1,37,3,4.9
"U47738",55,"Female","Professional","Android",8.9,3.3,1,6.5,8,32,1,6.5
"U47739",55,"Other","Student","iOS",7.2,2.8,5,8.9,2,22,3,6.2
"U47740",35,"Male","Business Owner","iOS",3.5,3.6,2,6.1,3,37,2,13.8
"U47741",27,"Female","Business Owner","Android",6.7,2.6,9,7.4,4,25,2,6.6
"U47742",53,"Male","Professional","iOS",5.7,5.3,3,7.1,2,28,4,3.2
"U47743",40,"Female","Student","Android",1,2.6,1,4.4,3,26,4,2.8
"U47744",51,"Male","Freelancer","iOS",6.4,4.4,9,5.1,10,36,1,8.3
"U47745",19,"Male","Student","iOS",4.6,1.2,6,6.1,10,12,0,10
"U47746",30,"Male","Professional","Android",7.9,4.9,6,7.1,8,25,0,11
"U47747",32,"Male","Freelancer","Android",2.3,7.6,5,6.9,2,17,5,12.7
"U47748",19,"Female","Student","Android",4.3,1.3,10,8.3,3,33,5,13.2
"U47749",51,"Female","Freelancer","iOS",8.9,6.4,1,6.1,2,26,5,4.8
"U47750",44,"Male","Professional","iOS",9.6,0.8,3,8.6,9,24,1,10.8
"U47751",58,"Male","Freelancer","iOS",7,2.9,5,8.6,6,10,0,6
"U47752",34,"Other","Business Owner","Android",4.7,7.7,7,4.9,9,12,0,12.3
"U47753",24,"Female","Freelancer","iOS",10.7,2.3,9,4.6,2,11,1,11.6
"U47754",36,"Male","Professional","iOS",5.6,3.5,8,6.8,10,37,1,12.2
"U47755",53,"Male","Student","Android",5.3,7.8,2,5.7,7,53,4,9.7
"U47756",44,"Female","Business Owner","iOS",7.1,2.8,7,7,6,14,4,6.4
"U47757",59,"Other","Business Owner","Android",9.2,5.4,1,6.9,5,24,4,10
"U47758",33,"Male","Student","Android",10.4,0.8,9,5.1,3,51,2,7.1
"U47759",26,"Other","Business Owner","iOS",7.9,7.2,1,7.6,4,40,6,4.1
"U47760",55,"Male","Student","iOS",2.5,2.5,2,5.5,4,44,4,7.3
"U47761",59,"Male","Freelancer","Android",4.4,4.9,6,7.1,9,37,5,4.1
"U47762",20,"Male","Freelancer","Android",3.5,6.7,8,5.8,2,16,0,10.8
"U47763",50,"Male","Freelancer","Android",5,3.8,5,7.3,9,12,5,10.6
"U47764",38,"Female","Professional","iOS",10.1,2.7,2,7.7,7,30,3,4.3
"U47765",19,"Female","Professional","iOS",3.5,5.6,6,7.7,2,59,2,6.3
"U47766",39,"Male","Freelancer","iOS",10,2.3,2,6.2,4,60,0,9.9
"U47767",21,"Female","Student","iOS",6,4.4,1,8.4,1,18,6,10.5
"U47768",35,"Male","Student","iOS",8.6,5.8,1,7.7,10,28,3,10.1
"U47769",60,"Other","Business Owner","iOS",4.2,2.8,3,8.7,5,8,5,11.1
"U47770",50,"Other","Student","iOS",8.9,4.6,4,4.1,6,15,1,6.4
"U47771",49,"Female","Student","iOS",11.6,7.3,6,8.9,10,44,4,2.7
"U47772",60,"Other","Freelancer","iOS",5,4.6,4,6.1,5,50,2,2.4
"U47773",24,"Other","Student","iOS",2.5,3.6,9,6.4,7,18,0,9.6
"U47774",39,"Other","Business Owner","iOS",9.5,5.5,8,7.7,1,35,4,9.9
"U47775",55,"Male","Freelancer","Android",9.9,6.9,2,4.1,4,14,5,2.7
"U47776",19,"Other","Freelancer","iOS",2.6,5,10,8.2,2,47,3,8.8
"U47777",38,"Female","Professional","Android",2.9,8,5,5.5,1,37,1,9.8
"U47778",25,"Female","Student","iOS",5.4,6.1,4,6.3,7,35,0,6.6
"U47779",53,"Female","Professional","iOS",3.2,0.5,9,7.2,6,52,6,7.7
"U47780",26,"Other","Freelancer","Android",1.4,2.5,2,8.6,1,15,2,3.4
"U47781",31,"Male","Student","Android",11.8,3.9,1,5.5,9,36,3,7.3
"U47782",47,"Female","Business Owner","iOS",8.1,7.7,7,8,10,49,4,4.3
"U47783",49,"Female","Freelancer","Android",10.3,2.3,10,8.3,7,57,5,5.7
"U47784",28,"Male","Student","iOS",7.7,5.9,10,8.2,1,27,2,3.9
"U47785",24,"Other","Professional","iOS",2.2,4.8,5,5.3,6,13,1,6.7
"U47786",21,"Other","Student","Android",8,5,1,4.4,9,46,6,7.2
"U47787",57,"Male","Student","Android",1.6,1.4,8,4.4,7,33,5,3.3
"U47788",21,"Male","Student","iOS",9.2,2.5,4,7.1,3,38,0,3.3
"U47789",48,"Female","Student","Android",4.6,2.8,4,8.3,2,12,3,3.6
"U47790",34,"Male","Professional","Android",10.4,6.3,4,5.3,3,20,2,4
"U47791",36,"Other","Professional","Android",4.2,5,8,8.5,5,38,1,3.9
"U47792",34,"Male","Professional","Android",7.3,7.3,9,5.3,7,17,6,13
"U47793",48,"Female","Freelancer","iOS",8.4,5.2,6,8.9,8,26,4,4.5
"U47794",54,"Female","Business Owner","iOS",3.5,7.9,6,8.1,4,26,2,8.5
"U47795",32,"Male","Professional","iOS",4.1,2.4,9,4.9,10,18,1,5.8
"U47796",54,"Male","Freelancer","Android",4,2.2,1,5,6,46,6,9.7
"U47797",24,"Male","Student","iOS",3.3,6.7,8,6.4,1,13,2,13.4
"U47798",22,"Other","Student","iOS",10.5,1.5,9,8.6,5,27,3,2.9
"U47799",48,"Other","Student","Android",2.9,5.8,3,5.3,2,30,1,4.4
"U47800",25,"Male","Business Owner","Android",2,6.8,9,6.4,1,54,1,7.3
"U47801",49,"Female","Student","Android",9.1,2.4,7,7.5,7,12,1,7.3
"U47802",34,"Female","Freelancer","iOS",11.2,7.2,5,9,4,54,4,12.3
"U47803",18,"Female","Professional","Android",3.5,7.5,3,5.3,2,15,3,9.4
"U47804",19,"Female","Business Owner","iOS",1.5,3.7,4,4.3,7,58,1,6.3
"U47805",30,"Other","Professional","iOS",11.2,4.9,6,4.5,2,19,2,7.6
"U47806",34,"Female","Professional","iOS",4.5,5.6,9,7,10,14,5,12.6
"U47807",40,"Other","Freelancer","Android",8,1.7,9,8.5,8,22,2,4.9
"U47808",43,"Male","Professional","Android",5.7,4.3,4,8.8,8,50,1,2.4
"U47809",51,"Female","Student","iOS",3.8,4.9,6,5,1,15,5,3.9
"U47810",50,"Male","Freelancer","iOS",5.3,6.5,10,5.9,4,27,5,7.3
"U47811",35,"Other","Professional","iOS",8.5,4.9,8,6,9,42,5,3.1
"U47812",51,"Female","Professional","iOS",9.2,2.6,5,8.8,9,5,1,5.3
"U47813",43,"Female","Business Owner","Android",10.1,4.4,1,7.3,5,29,2,4.3
"U47814",39,"Other","Professional","iOS",6.3,5.4,9,8.4,3,48,0,10.1
"U47815",49,"Male","Freelancer","iOS",6.9,2.5,5,8.2,9,44,0,12.2
"U47816",31,"Male","Professional","iOS",4.1,7.6,5,4.3,10,20,3,11.2
"U47817",48,"Female","Business Owner","iOS",1.6,7.7,3,4.5,3,35,2,3.8
"U47818",36,"Male","Business Owner","Android",2.4,7,2,8.5,5,22,0,4.5
"U47819",35,"Male","Business Owner","iOS",10.6,6.9,6,7.6,7,25,4,13.5
"U47820",56,"Other","Professional","iOS",2.3,7.6,7,4.1,2,12,6,11.2
"U47821",42,"Female","Business Owner","Android",5.5,5.2,3,5.3,9,28,1,5.6
"U47822",43,"Other","Student","iOS",10.2,2.9,8,4.1,8,40,1,4
"U47823",42,"Other","Business Owner","iOS",9.2,2.4,7,7.6,9,38,0,2.8
"U47824",18,"Other","Business Owner","Android",10.6,3.7,3,8.2,6,58,4,5.3
"U47825",46,"Female","Business Owner","Android",1.2,4.1,2,6.7,1,12,2,13.5
"U47826",26,"Other","Business Owner","Android",3.5,3.4,9,8.6,1,57,6,10.3
"U47827",32,"Female","Freelancer","Android",7,2.9,4,6,4,7,6,13.8
"U47828",43,"Other","Professional","Android",5.5,1.3,2,6.6,2,50,5,10.4
"U47829",42,"Other","Business Owner","Android",5.8,5.1,10,7.1,7,33,1,12.4
"U47830",21,"Male","Freelancer","Android",9.4,5.2,3,5.9,7,54,3,11.7
"U47831",36,"Other","Business Owner","iOS",11.8,3.2,9,4.1,2,36,6,3.9
"U47832",48,"Female","Student","Android",11,1.4,9,9,1,27,4,2.9
"U47833",34,"Other","Freelancer","Android",2.3,5,10,5.3,6,53,1,3
"U47834",24,"Other","Business Owner","iOS",2.4,5,1,5,9,11,4,8.3
"U47835",27,"Female","Student","Android",1.8,2,1,4.2,10,28,1,10.9
"U47836",18,"Male","Professional","iOS",6.2,0.8,4,6,10,16,2,6.3
"U47837",53,"Female","Freelancer","Android",6.9,5.8,8,8.8,10,27,3,12.6
"U47838",24,"Other","Freelancer","Android",7.6,2.8,6,5.6,9,16,6,5.8
"U47839",52,"Female","Professional","iOS",3.6,6.9,7,6.7,5,52,6,5.9
"U47840",18,"Female","Professional","Android",2.4,7.2,10,6.8,10,39,0,9.7
"U47841",30,"Other","Freelancer","iOS",3.1,3.4,8,4.8,8,28,5,5.9
"U47842",45,"Other","Student","iOS",2,0.8,7,5.1,5,10,3,6.8
"U47843",51,"Male","Freelancer","iOS",3.5,6.8,4,8.8,1,18,5,7.6
"U47844",56,"Other","Student","iOS",6.5,7.9,9,4.8,2,38,4,10.4
"U47845",31,"Male","Professional","Android",1.2,7.3,5,5.4,6,48,1,5.6
"U47846",50,"Female","Student","iOS",9.9,6.1,1,7.6,5,52,1,12.8
"U47847",58,"Other","Professional","iOS",5.2,1.2,1,4.8,5,47,1,4
"U47848",27,"Male","Freelancer","Android",11.8,2.3,1,8.3,9,42,6,10.7
"U47849",40,"Other","Freelancer","iOS",3.3,6.8,6,6.4,8,15,6,12.4
"U47850",26,"Female","Professional","iOS",6,0.9,8,8,7,24,5,9.6
"U47851",52,"Other","Student","Android",8.5,7.1,6,7.3,6,10,1,10.6
"U47852",55,"Other","Freelancer","Android",4.6,1.4,2,5.7,3,40,6,9.6
"U47853",58,"Other","Business Owner","iOS",9.2,5.9,8,6,2,54,1,4.3
"U47854",36,"Other","Professional","iOS",4.7,2.6,8,4.5,8,60,0,12.7
"U47855",18,"Other","Professional","iOS",9.5,5.6,5,5.5,6,58,4,9.8
"U47856",37,"Female","Business Owner","Android",4.3,5.4,6,7.1,3,7,2,6.7
"U47857",31,"Female","Business Owner","iOS",1.5,1.4,7,4.3,6,6,3,4.5
"U47858",55,"Male","Business Owner","iOS",7.2,5.9,3,5.4,3,12,3,6.3
"U47859",33,"Male","Business Owner","iOS",11,2.8,10,5.1,3,15,1,12.5
"U47860",41,"Male","Freelancer","iOS",5.4,8,1,5.9,7,51,4,5.8
"U47861",25,"Male","Business Owner","iOS",1.9,5.6,1,8.5,10,40,5,2.3
"U47862",43,"Male","Business Owner","Android",8.8,1.9,6,5.7,5,13,0,5.3
"U47863",19,"Female","Business Owner","Android",7.3,2.3,10,5.4,8,55,1,5.5
"U47864",26,"Male","Professional","iOS",10.3,1.1,10,6.5,7,49,5,6.7
"U47865",43,"Male","Business Owner","iOS",10.3,6.4,10,5.5,6,60,0,9.2
"U47866",56,"Male","Professional","Android",2.1,1.6,4,7,2,48,4,4.9
"U47867",39,"Female","Freelancer","Android",7.4,6.3,5,6.4,9,7,5,4.8
"U47868",48,"Other","Student","Android",1.8,5,9,4.1,8,23,1,4.5
"U47869",46,"Male","Student","iOS",11.5,7.1,3,4.1,8,51,6,9
"U47870",41,"Male","Business Owner","Android",9.4,5.8,6,8.9,7,44,4,12.1
"U47871",26,"Female","Student","iOS",11.7,6.5,4,8.5,10,51,4,6.7
"U47872",45,"Female","Freelancer","Android",9.9,2.4,4,5.2,5,38,6,5.9
"U47873",44,"Other","Student","iOS",3.4,2.6,3,6,9,11,2,12.1
"U47874",53,"Other","Freelancer","Android",11.1,4.3,7,7.5,1,20,6,7.2
"U47875",36,"Male","Professional","Android",1.2,7.6,6,6,6,53,2,13.6
"U47876",53,"Male","Freelancer","iOS",6.7,6,1,7.7,8,52,5,11.2
"U47877",21,"Other","Business Owner","iOS",6.2,4.5,7,4.8,5,45,6,10.2
"U47878",31,"Other","Student","iOS",1.5,4,5,6.5,4,54,6,9.8
"U47879",60,"Other","Professional","Android",11,6.2,4,6.6,10,32,0,12.8
"U47880",24,"Male","Freelancer","iOS",6.5,6.7,7,7.7,8,59,3,5.8
"U47881",45,"Male","Freelancer","Android",4.8,7.8,7,7.7,3,45,6,9.7
"U47882",30,"Male","Business Owner","Android",3.7,6.5,6,4.2,10,9,2,2.5
"U47883",43,"Male","Student","iOS",3.6,7.3,9,5.7,2,19,3,12.7
"U47884",48,"Other","Freelancer","Android",3.4,6.7,2,5.5,7,60,1,6.6
"U47885",51,"Female","Business Owner","iOS",2.1,1,10,7.3,10,28,3,13.5
"U47886",22,"Male","Freelancer","Android",11.8,7.9,8,6.8,2,17,1,9.1
"U47887",47,"Other","Professional","Android",9,8,7,6.8,1,7,3,12.2
"U47888",38,"Other","Student","iOS",9.5,2.5,9,4.7,5,35,6,11.2
"U47889",27,"Female","Professional","iOS",2.1,5.5,3,4.8,2,10,6,5.5
"U47890",34,"Other","Student","iOS",7.9,3.6,6,6.7,3,8,1,13.1
"U47891",59,"Male","Student","iOS",7,6.9,5,7.8,9,32,2,11.5
"U47892",53,"Male","Business Owner","Android",5.6,2.5,8,8.5,1,15,2,2.2
"U47893",22,"Female","Freelancer","iOS",7.9,4.7,8,8.3,10,15,2,10.3
"U47894",33,"Other","Business Owner","iOS",7.2,5.9,3,5.9,2,5,3,3.5
"U47895",39,"Other","Professional","Android",1.3,0.8,4,6.7,10,31,5,4.2
"U47896",33,"Other","Professional","Android",9.4,4.5,7,8.3,9,55,5,5.2
"U47897",49,"Male","Freelancer","iOS",4.1,6.7,9,6.6,5,40,0,10.2
"U47898",42,"Other","Professional","Android",9.6,1.1,9,7.1,1,24,2,13.8
"U47899",35,"Female","Business Owner","Android",10.8,6.5,2,4.8,7,20,6,10
"U47900",28,"Other","Business Owner","iOS",4.9,7,10,6.8,8,17,4,3.4
"U47901",57,"Male","Student","iOS",2.4,7.9,2,6.7,7,57,2,7.6
"U47902",50,"Female","Business Owner","iOS",8.4,2.9,9,7.8,4,25,2,8.1
"U47903",32,"Other","Professional","Android",9.4,1.2,10,8.8,2,59,6,6.5
"U47904",57,"Male","Professional","Android",7.4,0.8,6,7.2,1,20,2,11.1
"U47905",32,"Male","Business Owner","Android",11.8,3.7,5,8.7,8,35,5,11
"U47906",18,"Female","Freelancer","Android",8.7,7,10,8.8,7,34,2,7
"U47907",31,"Male","Freelancer","iOS",7.5,6,5,6.1,10,56,1,6.7
"U47908",57,"Female","Professional","iOS",4.9,3.8,3,6.6,7,42,1,7.9
"U47909",40,"Female","Business Owner","iOS",8.7,7.5,6,6.9,10,18,6,10
"U47910",33,"Male","Professional","iOS",10.5,7.3,9,4.1,9,18,3,11.7
"U47911",56,"Other","Professional","Android",7.1,1.5,7,4.2,9,35,0,2.9
"U47912",41,"Female","Business Owner","iOS",5.5,5.3,2,7.7,1,47,1,4.9
"U47913",26,"Other","Freelancer","Android",11.6,4.2,7,6.6,6,57,6,9.8
"U47914",43,"Male","Business Owner","iOS",9.6,6.4,9,6.9,4,16,5,10.7
"U47915",20,"Male","Professional","iOS",2.9,3,9,6.3,4,41,4,10.3
"U47916",51,"Male","Student","iOS",7.3,1.5,10,7,3,37,0,6.5
"U47917",59,"Other","Professional","Android",4.5,2.3,3,5.4,8,57,1,4.3
"U47918",52,"Male","Student","Android",2.2,5.2,9,8,1,35,0,12.5
"U47919",40,"Male","Business Owner","iOS",5.4,1.5,1,8.9,9,33,5,3.4
"U47920",30,"Female","Freelancer","Android",8.2,7.8,6,8.4,4,21,4,7.2
"U47921",29,"Female","Professional","Android",4.3,1.2,2,5.3,1,42,2,2.7
"U47922",56,"Male","Business Owner","Android",9.2,5.1,10,5.7,3,47,0,9.5
"U47923",53,"Other","Student","iOS",4.6,4.1,3,8.4,4,35,1,2.9
"U47924",47,"Female","Professional","Android",5.1,2.1,10,6.9,7,43,0,2.4
"U47925",33,"Male","Student","iOS",8.4,4.9,10,6.1,9,21,1,2.1
"U47926",36,"Male","Business Owner","iOS",1.3,1.9,1,4.2,9,36,6,2.6
"U47927",19,"Other","Business Owner","iOS",3.2,6.8,10,6.8,7,53,6,9.6
"U47928",23,"Other","Freelancer","Android",2.3,5.4,8,7.5,10,33,3,5.1
"U47929",23,"Female","Professional","iOS",10,1,2,4.5,5,60,5,11.9
"U47930",34,"Other","Business Owner","iOS",5.8,5.9,6,8.1,8,44,3,10.2
"U47931",57,"Female","Freelancer","iOS",8.7,5.9,9,6.2,7,36,5,7.9
"U47932",56,"Male","Freelancer","iOS",1.3,2.1,4,8.3,5,32,3,11.8
"U47933",49,"Male","Business Owner","iOS",6.1,1.7,2,4.6,5,33,0,9.6
"U47934",37,"Male","Student","iOS",10.9,2.4,10,6.2,10,30,5,3.2
"U47935",47,"Other","Student","iOS",3.6,2.5,8,5.4,9,13,2,5.4
"U47936",39,"Other","Student","Android",4.8,1.6,3,8.6,10,29,5,4.9
"U47937",35,"Male","Freelancer","iOS",6.7,6.3,4,6.7,6,51,1,2.5
"U47938",49,"Female","Professional","Android",3.3,5,1,7.9,3,58,1,3.2
"U47939",30,"Other","Business Owner","Android",5.6,5.8,10,4.9,9,15,2,2.9
"U47940",59,"Male","Freelancer","iOS",4.2,7.2,5,6.3,7,19,5,6.1
"U47941",46,"Female","Business Owner","iOS",9.8,2.3,7,4.4,10,14,5,7.1
"U47942",47,"Male","Freelancer","Android",8.7,6.8,6,6.3,3,31,6,7.8
"U47943",20,"Other","Student","Android",7.6,6.3,7,4.2,10,27,3,7.7
"U47944",35,"Other","Freelancer","iOS",5.4,2.9,1,8.4,1,42,5,8.3
"U47945",55,"Male","Freelancer","iOS",8.7,7.7,5,8.1,9,37,0,9.2
"U47946",57,"Male","Student","iOS",2.3,3.3,7,6.9,9,38,2,2.7
"U47947",20,"Female","Professional","Android",3.6,2.1,3,9,8,15,4,5.7
"U47948",54,"Other","Professional","Android",3.2,4.7,8,6.6,2,16,3,12.4
"U47949",44,"Other","Freelancer","Android",7.6,4.2,10,4.5,2,52,4,5.8
"U47950",47,"Male","Freelancer","Android",6.9,1.3,7,5.7,1,47,5,2.5
"U47951",52,"Male","Student","Android",3.9,2.7,5,8.9,4,8,4,11.2
"U47952",22,"Other","Freelancer","iOS",1.2,6.6,8,5,4,13,5,7.2
"U47953",56,"Other","Student","iOS",11.1,0.9,1,4.4,10,49,6,11.9
"U47954",37,"Male","Freelancer","Android",5.8,6,9,7.6,3,48,0,6.5
"U47955",41,"Male","Freelancer","iOS",5,7.2,2,6.5,7,7,1,13.8
"U47956",42,"Male","Professional","iOS",7,3.2,8,8.6,8,53,2,6.8
"U47957",39,"Female","Business Owner","iOS",2.3,7.1,5,4.9,4,28,4,9.5
"U47958",54,"Male","Student","Android",4,5.7,7,4.6,10,26,1,11.2
"U47959",48,"Female","Professional","iOS",6.5,1.7,8,5.2,1,41,1,3.3
"U47960",46,"Female","Student","iOS",7.6,1.8,1,6.3,10,39,1,13.1
"U47961",32,"Male","Business Owner","iOS",9.9,0.6,9,6.5,8,32,0,12.5
"U47962",57,"Other","Business Owner","iOS",7.9,3.9,3,5.6,8,60,1,12.4
"U47963",42,"Female","Student","Android",9.9,1,10,4.8,5,29,5,4.2
"U47964",24,"Male","Professional","Android",11.8,4.2,8,7.6,10,6,0,10.6
"U47965",20,"Male","Student","Android",4.9,1.7,6,5,1,55,2,5
"U47966",60,"Other","Professional","iOS",8.9,3.9,2,6.1,6,11,4,2.6
"U47967",30,"Female","Student","iOS",5.1,0.7,6,7.9,7,47,1,4.6
"U47968",34,"Female","Professional","Android",6.9,4.4,2,8.6,2,9,6,9.5
"U47969",19,"Other","Freelancer","Android",9,3.7,4,5.3,3,16,5,4.3
"U47970",39,"Female","Freelancer","iOS",6,6.8,6,4.5,6,13,3,10
"U47971",48,"Other","Business Owner","Android",11.2,6.2,2,5.5,3,38,2,3.7
"U47972",31,"Male","Professional","iOS",3.3,0.8,1,8.5,9,31,4,13
"U47973",43,"Female","Student","iOS",9.7,6.7,6,8.4,7,35,0,4.8
"U47974",52,"Male","Business Owner","Android",9.4,3.4,7,4.5,8,54,0,4.3
"U47975",55,"Other","Student","iOS",11.1,0.7,6,6.2,3,49,1,9
"U47976",24,"Other","Business Owner","iOS",2.9,4.1,10,4.9,7,56,0,11.6
"U47977",21,"Female","Freelancer","Android",3,6.6,4,8.7,2,42,6,7.1
"U47978",51,"Female","Student","Android",1.8,4.1,5,4.7,6,9,1,8.7
"U47979",19,"Other","Student","Android",8.1,3.9,7,4.8,9,46,3,11.4
"U47980",36,"Female","Professional","iOS",3,2.7,5,7,10,54,0,8.6
"U47981",25,"Female","Business Owner","iOS",7.4,4.8,8,7.6,4,52,2,9.6
"U47982",49,"Other","Freelancer","Android",10.6,4.5,2,5.8,9,54,6,12.9
"U47983",38,"Male","Business Owner","iOS",3.1,4.9,2,6.8,1,41,6,4.2
"U47984",45,"Male","Student","Android",2.8,4.3,1,4,10,19,5,6.5
"U47985",57,"Other","Freelancer","Android",11.5,7.8,9,5.6,5,22,3,13.8
"U47986",58,"Male","Business Owner","iOS",8.8,1.5,5,4.7,8,27,3,6.9
"U47987",35,"Female","Freelancer","Android",9.3,2.7,8,4.3,6,23,6,4.8
"U47988",31,"Male","Freelancer","Android",7.6,3,8,8.8,4,38,4,7.8
"U47989",20,"Male","Business Owner","Android",4.7,6.9,2,5.3,7,54,5,9
"U47990",48,"Female","Business Owner","iOS",10.9,6.6,7,6.3,9,53,0,3
"U47991",28,"Male","Professional","Android",11.4,1.1,2,7.4,10,41,6,11.1
"U47992",24,"Male","Business Owner","iOS",6.9,7.1,4,8,6,16,2,6.8
"U47993",50,"Other","Student","Android",9.2,3.5,4,8.5,10,36,6,3.8
"U47994",60,"Male","Student","iOS",2.1,1,6,7,1,57,3,6.5
"U47995",50,"Male","Freelancer","iOS",1.4,2.5,7,5.9,7,39,6,2.7
"U47996",47,"Female","Student","iOS",9.9,5.8,8,5.2,8,27,3,2.1
"U47997",60,"Other","Business Owner","Android",8.5,3.8,3,6.6,6,27,2,10
"U47998",47,"Male","Freelancer","iOS",7.1,1.6,4,6.2,6,48,3,12
"U47999",22,"Other","Freelancer","Android",3.6,2.8,8,6.9,7,30,6,12.6
"U48000",45,"Male","Professional","Android",4.3,1.8,7,5.2,8,33,4,12
"U48001",54,"Other","Student","Android",11,1.2,7,8.7,9,43,0,3.9
"U48002",55,"Other","Student","iOS",6.9,7.5,7,8.9,3,32,0,10.3
"U48003",24,"Other","Professional","iOS",3.2,4.4,1,8.8,10,11,1,10.7
"U48004",42,"Male","Business Owner","Android",7.1,6.3,6,6.3,8,24,6,7.7
"U48005",38,"Male","Professional","Android",10.9,2,6,5.7,6,9,6,10.2
"U48006",50,"Male","Business Owner","iOS",3.3,4.9,5,7.9,2,29,0,4.1
"U48007",47,"Female","Freelancer","Android",10,0.7,8,6.5,6,15,2,12.8
"U48008",29,"Other","Professional","Android",6.3,6.3,4,7.2,4,52,5,13.3
"U48009",32,"Other","Business Owner","Android",9.8,6.7,2,6.3,4,12,3,6.6
"U48010",44,"Female","Professional","iOS",5.8,3.7,1,6.4,3,48,4,6.9
"U48011",33,"Male","Professional","Android",11.1,3.1,4,4.8,10,45,0,9.6
"U48012",37,"Female","Business Owner","iOS",4.6,1.2,3,4.1,4,37,1,5.8
"U48013",22,"Other","Business Owner","iOS",4.1,0.8,6,4.1,9,57,3,13
"U48014",25,"Female","Business Owner","iOS",6,3.2,6,6.3,1,17,1,5.8
"U48015",20,"Male","Business Owner","iOS",7.2,5.3,9,5.5,1,6,6,9.3
"U48016",34,"Female","Freelancer","iOS",2.5,7.4,10,7.8,4,20,5,4.2
"U48017",52,"Male","Student","iOS",4.5,5,3,5.8,7,12,3,7.5
"U48018",39,"Other","Professional","iOS",8.8,5.2,3,8.8,6,11,0,7.2
"U48019",46,"Female","Business Owner","iOS",6.7,0.6,3,5.4,5,44,0,7.7
"U48020",53,"Female","Student","iOS",5,5.2,8,4.4,10,35,2,11.1
"U48021",44,"Male","Professional","Android",6.3,6.6,9,8,1,7,3,8.3
"U48022",46,"Other","Professional","iOS",2.5,5.5,6,7.6,4,7,2,8.6
"U48023",25,"Other","Business Owner","Android",7.7,0.6,1,8,9,35,6,6.8
"U48024",27,"Male","Student","iOS",10,4.4,8,6,10,58,6,5.8
"U48025",42,"Other","Professional","iOS",2.7,4.7,8,7.5,3,20,1,7.8
"U48026",38,"Male","Business Owner","Android",5.9,3.5,7,8.2,2,30,3,7.1
"U48027",48,"Female","Student","Android",3,6.1,3,5.2,2,19,6,13.9
"U48028",28,"Female","Professional","iOS",9.8,3.5,9,8.1,6,40,2,9.4
"U48029",53,"Male","Student","iOS",11.4,4.3,9,7.3,2,58,3,4.2
"U48030",22,"Female","Student","iOS",3.2,6.8,1,7.8,9,38,0,3.1
"U48031",53,"Other","Business Owner","Android",10.1,4.5,9,6.5,9,52,6,10.2
"U48032",27,"Female","Freelancer","Android",5.7,3.7,2,6,5,47,0,7.4
"U48033",55,"Other","Professional","iOS",8.6,4.2,7,4.5,2,45,3,12.1
"U48034",25,"Male","Student","Android",4,6,2,8.9,6,41,2,8.3
"U48035",28,"Male","Student","iOS",1.1,7.1,7,4,9,41,3,9.7
"U48036",49,"Other","Student","iOS",3.6,4.2,6,7.8,2,46,4,11.3
"U48037",53,"Female","Freelancer","Android",11,4.1,4,4.9,8,26,1,10.9
"U48038",57,"Other","Freelancer","Android",7.1,2,8,6.8,8,33,2,2.5
"U48039",59,"Male","Business Owner","iOS",2.5,1.9,3,8.7,4,32,0,3.8
"U48040",52,"Other","Professional","Android",4.7,6.6,3,7.5,8,14,4,9
"U48041",50,"Female","Freelancer","iOS",7.8,3.4,1,6.2,5,48,2,7.5
"U48042",41,"Male","Professional","Android",3.3,2.9,1,4.3,8,28,5,8.8
"U48043",59,"Male","Professional","Android",8.9,4.1,6,8.6,5,55,5,4.4
"U48044",28,"Female","Professional","Android",8.8,2.5,7,7.7,9,57,3,13
"U48045",34,"Female","Business Owner","Android",1.3,3.2,2,4.5,7,39,4,7.2
"U48046",54,"Other","Professional","iOS",3.4,7.8,7,5.1,9,41,3,3.6
"U48047",55,"Male","Professional","iOS",4.2,6.2,6,6.3,7,48,1,12.7
"U48048",22,"Male","Student","iOS",3.5,2.1,8,7,2,7,0,12.3
"U48049",57,"Other","Freelancer","iOS",11.3,7.2,4,8.5,8,24,1,10.8
"U48050",43,"Male","Student","iOS",3.3,6,6,8.6,6,13,0,12.5
"U48051",19,"Other","Freelancer","iOS",10,1.7,1,5.6,8,29,6,12.4
"U48052",58,"Female","Student","iOS",8.1,4.4,7,4.2,6,6,4,7.7
"U48053",51,"Other","Business Owner","Android",1,1.6,10,4,3,60,1,12.7
"U48054",36,"Female","Freelancer","Android",5.6,4.1,10,6.9,9,45,3,11.6
"U48055",24,"Male","Freelancer","Android",9.4,7,9,5.3,8,37,2,13
"U48056",40,"Female","Student","Android",11.4,3.9,9,4.5,10,28,2,2.8
"U48057",53,"Other","Business Owner","Android",2.1,4,6,7.6,1,40,5,8.2
"U48058",39,"Female","Student","iOS",11.9,7.3,1,5.2,2,15,6,12.3
"U48059",41,"Other","Freelancer","iOS",2.5,7.9,5,9,8,47,5,13.3
"U48060",30,"Other","Freelancer","iOS",2.4,3.1,4,5.1,9,6,4,4.8
"U48061",47,"Other","Freelancer","Android",10.6,7.6,4,4.2,8,49,6,4.6
"U48062",32,"Female","Freelancer","Android",2.6,6.6,3,5.1,10,36,0,9.9
"U48063",21,"Other","Student","iOS",7.4,5.3,3,4.7,2,60,4,10.9
"U48064",35,"Female","Freelancer","iOS",3,5.5,6,7.6,10,51,2,10.8
"U48065",31,"Female","Business Owner","iOS",7.7,7.9,1,4.5,8,46,1,13.8
"U48066",47,"Female","Freelancer","Android",4.4,4.8,2,8,4,58,4,12.4
"U48067",44,"Male","Business Owner","iOS",9.4,0.5,2,8.8,1,40,0,6.3
"U48068",31,"Female","Business Owner","Android",4,7,2,7.4,8,15,5,6.9
"U48069",25,"Male","Professional","Android",4.5,6.4,2,7.3,4,13,5,3.2
"U48070",51,"Female","Professional","iOS",6.8,1.6,4,6.3,7,36,3,6.6
"U48071",38,"Other","Professional","Android",6.7,3.7,10,8.5,7,28,2,6.9
"U48072",41,"Female","Student","iOS",4,4,8,4.7,10,42,2,4.4
"U48073",54,"Other","Student","Android",11.9,6.9,9,7.8,6,13,4,6.1
"U48074",43,"Female","Student","iOS",5.6,1,4,5.2,6,60,1,7.3
"U48075",49,"Male","Professional","iOS",4.6,2.8,9,4.8,7,16,5,10.7
"U48076",19,"Male","Business Owner","Android",5.6,4.5,7,8.8,5,32,1,5.2
"U48077",49,"Other","Student","Android",7.9,1.4,1,7.8,1,13,6,13.6
"U48078",25,"Male","Professional","Android",9.4,7.7,6,5.9,7,28,0,9.5
"U48079",45,"Male","Freelancer","Android",5.3,0.9,4,6.1,2,21,2,10.2
"U48080",57,"Male","Freelancer","iOS",4.4,2.7,5,5,8,44,3,11.3
"U48081",34,"Other","Professional","Android",6.8,2.1,5,7.2,4,45,5,6.2
"U48082",34,"Female","Business Owner","Android",5.4,4.5,5,4.6,6,43,2,5.5
"U48083",53,"Female","Business Owner","Android",10.8,3,6,5.7,3,22,4,12.6
"U48084",24,"Other","Student","iOS",8.4,2.8,2,7.7,7,47,3,12.4
"U48085",35,"Female","Student","Android",7.3,1.8,4,6.2,8,57,2,4.1
"U48086",37,"Female","Business Owner","iOS",10,1.2,5,8.2,4,40,1,10.1
"U48087",18,"Female","Business Owner","Android",7.8,6.6,2,8.9,9,22,3,7.5
"U48088",18,"Female","Business Owner","iOS",1.9,7.2,6,5.6,4,47,4,2.6
"U48089",21,"Male","Freelancer","iOS",2.6,4.7,2,8.4,10,51,1,5.8
"U48090",35,"Female","Student","Android",6.4,5.4,5,4.7,5,27,6,7.7
"U48091",20,"Other","Freelancer","iOS",10.8,3.1,3,6.1,5,23,2,3
"U48092",46,"Male","Business Owner","iOS",3.6,2.2,3,6.1,10,49,4,13.3
"U48093",41,"Male","Freelancer","iOS",4.8,2.7,9,6.4,1,14,0,5.5
"U48094",44,"Male","Freelancer","iOS",9.2,7,9,8.9,5,57,1,10.2
"U48095",20,"Male","Student","Android",9,2.9,6,8.3,7,24,3,4.4
"U48096",27,"Other","Professional","Android",1.4,6.5,3,7.5,2,48,0,9.5
"U48097",33,"Female","Business Owner","iOS",10.8,3.8,9,8,2,55,2,3.1
"U48098",25,"Other","Freelancer","iOS",7.5,1.2,3,5.9,2,59,3,3.8
"U48099",21,"Male","Professional","iOS",2.9,1.4,6,6.4,6,54,4,8.8
"U48100",45,"Male","Professional","Android",9.9,7.4,6,4.6,7,28,5,6.9
"U48101",37,"Other","Freelancer","iOS",9.7,5.5,7,8.2,2,55,4,9
"U48102",20,"Male","Freelancer","Android",2.7,1.6,8,4.1,8,37,4,11.3
"U48103",46,"Female","Student","iOS",9.8,6,8,6.4,8,23,2,12.5
"U48104",56,"Male","Business Owner","iOS",1.3,1.1,4,6.3,8,5,0,13.6
"U48105",49,"Male","Professional","Android",2.7,6.4,4,7,5,56,5,2.3
"U48106",28,"Male","Professional","Android",9.4,2.1,9,8.1,2,17,4,4.7
"U48107",55,"Other","Business Owner","iOS",7.3,1.9,7,8.9,5,15,1,13
"U48108",44,"Male","Freelancer","Android",10.2,2.9,6,5.1,10,19,4,5.5
"U48109",51,"Male","Professional","Android",5.6,7.5,1,7.5,8,50,2,2.4
"U48110",28,"Other","Professional","iOS",5.2,2.9,8,8.9,6,52,6,4.8
"U48111",29,"Other","Business Owner","iOS",2.1,7.7,4,9,8,5,0,8.7
"U48112",53,"Male","Student","Android",2.3,7.7,5,7.6,8,33,6,4.7
"U48113",50,"Female","Freelancer","iOS",1.1,7.6,8,6,6,35,2,12.3
"U48114",60,"Male","Professional","iOS",3.4,1.3,1,5,1,8,4,8
"U48115",39,"Female","Business Owner","iOS",3.5,3.5,4,6.8,1,52,3,8.2
"U48116",37,"Female","Professional","iOS",4.8,5,4,7,4,32,1,2.4
"U48117",27,"Female","Freelancer","Android",4.2,6.3,9,5.2,3,33,4,13.3
"U48118",47,"Female","Freelancer","Android",4.7,1.6,9,8.5,1,14,3,10.1
"U48119",31,"Female","Freelancer","Android",10.3,5.2,5,7.2,1,37,3,11.5
"U48120",35,"Female","Business Owner","iOS",11.4,2.7,2,4.8,4,52,1,13.7
"U48121",34,"Male","Business Owner","iOS",6.5,1.6,3,6.8,2,53,0,13.7
"U48122",55,"Male","Student","iOS",5,5.7,10,6.8,10,18,3,8.8
"U48123",49,"Other","Professional","Android",2.5,2.8,5,6.9,1,39,3,5.1
"U48124",54,"Other","Student","iOS",6.5,4.1,10,7.1,3,41,5,3.6
"U48125",56,"Male","Business Owner","iOS",10,6,10,7.8,3,30,5,2.9
"U48126",27,"Female","Student","Android",9.8,4.9,6,4.7,1,16,5,11.8
"U48127",41,"Female","Student","Android",10.4,6.7,8,5.5,2,34,1,6.2
"U48128",25,"Other","Business Owner","iOS",12,4.5,7,5,2,47,0,13.7
"U48129",59,"Female","Freelancer","iOS",9.7,2.7,3,7.7,6,16,6,2.7
"U48130",56,"Other","Business Owner","Android",1.5,2.2,1,6.6,3,56,6,5.7
"U48131",48,"Male","Business Owner","iOS",3.1,6.5,4,5.7,9,42,1,11.1
"U48132",30,"Other","Student","Android",3.7,6.7,3,5.9,2,24,0,8.8
"U48133",44,"Female","Professional","Android",9.5,6.3,10,8.7,4,36,5,10.2
"U48134",44,"Other","Business Owner","Android",10.6,3.8,4,5.4,4,18,1,7.1
"U48135",58,"Female","Business Owner","Android",7.9,3.8,9,7.5,10,14,5,5
"U48136",38,"Male","Professional","iOS",8.7,6.9,4,7.7,4,50,4,8.6
"U48137",35,"Female","Student","iOS",10.7,6.3,5,6.7,10,31,4,13.1
"U48138",46,"Female","Freelancer","iOS",9,4,10,5.4,10,18,5,5.2
"U48139",41,"Female","Business Owner","Android",1.1,2.9,1,5.1,3,15,5,9.4
"U48140",50,"Female","Student","Android",6.5,3.1,9,6.7,6,51,3,3.5
"U48141",47,"Female","Student","iOS",1.7,5.6,3,4.9,4,11,2,10.2
"U48142",53,"Female","Business Owner","iOS",5.1,1.6,5,7,10,24,5,3.9
"U48143",60,"Male","Student","Android",5.3,6.5,1,6.9,2,11,1,4.9
"U48144",33,"Female","Student","iOS",10.3,4.4,8,8.4,10,60,4,9.4
"U48145",60,"Female","Freelancer","Android",5.9,6.3,4,4,2,30,2,12.2
"U48146",48,"Male","Freelancer","iOS",2,7,1,5.2,1,24,6,9
"U48147",22,"Female","Business Owner","iOS",6.5,2.5,8,7.1,7,26,0,9.9
"U48148",21,"Other","Student","iOS",8.7,0.5,3,5.1,6,60,3,5.5
"U48149",38,"Other","Freelancer","Android",2.5,6.4,7,5.5,4,16,0,11.4
"U48150",30,"Male","Student","iOS",9.1,0.9,6,4.8,1,6,0,8.8
"U48151",55,"Other","Business Owner","iOS",4.9,6.5,3,5.9,5,12,2,6
"U48152",27,"Male","Freelancer","iOS",8.4,4.2,1,7.8,3,21,5,12.9
"U48153",40,"Male","Student","iOS",5.7,5.6,2,4.1,10,43,0,3.1
"U48154",59,"Male","Business Owner","Android",4.6,1.2,10,8.9,5,47,5,5.6
"U48155",55,"Male","Business Owner","iOS",9.9,2.4,10,4.2,7,7,5,7.8
"U48156",21,"Other","Freelancer","iOS",5.5,1.5,4,5.9,3,20,4,9.7
"U48157",45,"Other","Business Owner","iOS",3.4,4.2,4,4.8,6,55,3,6.6
"U48158",49,"Male","Business Owner","Android",11.2,5.7,8,6.3,5,17,5,5.6
"U48159",47,"Female","Professional","Android",6,2.3,5,4.3,8,43,6,10.5
"U48160",25,"Other","Business Owner","iOS",10.5,4.6,3,6.7,2,29,3,6.8
"U48161",53,"Other","Freelancer","iOS",2.4,5.2,9,8.2,3,23,1,12.1
"U48162",38,"Male","Student","Android",9.3,0.6,10,6.8,5,41,3,13
"U48163",30,"Other","Freelancer","Android",3,6,4,6.1,2,60,4,11.3
"U48164",43,"Female","Student","iOS",7.3,2.7,3,7.9,10,38,4,4.5
"U48165",18,"Female","Freelancer","Android",8.3,6.4,1,6.3,1,23,0,9.6
"U48166",58,"Female","Professional","iOS",7.8,4.2,5,6.5,4,59,1,5.3
"U48167",24,"Female","Professional","Android",7.6,7.4,3,8.4,7,25,3,7.2
"U48168",48,"Male","Professional","iOS",5.5,5.5,5,6,2,28,6,11.9
"U48169",36,"Female","Professional","iOS",11.6,4.8,5,5.9,10,56,1,6.2
"U48170",32,"Female","Freelancer","iOS",10,0.6,10,4,10,26,4,5.5
"U48171",19,"Other","Business Owner","Android",8,4.2,6,6.2,4,53,4,5
"U48172",34,"Male","Professional","Android",11.1,1.3,6,5.1,7,54,2,5.4
"U48173",21,"Other","Business Owner","Android",10.6,4,3,5.1,10,7,0,6.9
"U48174",28,"Other","Business Owner","Android",2.6,1.8,2,5.1,6,27,2,7.5
"U48175",40,"Other","Professional","Android",9.9,5.1,10,6.9,2,32,5,13
"U48176",42,"Male","Professional","Android",7,1.6,10,4.4,4,34,4,12.8
"U48177",21,"Other","Business Owner","Android",1.5,3.4,6,8.3,7,43,3,13.2
"U48178",20,"Male","Business Owner","Android",1.2,7.2,5,8.3,4,26,1,6.3
"U48179",36,"Male","Business Owner","iOS",10.5,7.8,8,7.8,1,57,3,2.2
"U48180",25,"Other","Freelancer","Android",8.8,1.7,5,5.8,2,18,0,4.3
"U48181",30,"Female","Business Owner","Android",10,6.6,2,6,6,37,6,11.3
"U48182",24,"Other","Business Owner","iOS",2.5,2.4,9,5.9,7,29,1,6.7
"U48183",44,"Other","Business Owner","iOS",7.9,2.8,5,8.7,10,20,1,13.7
"U48184",43,"Female","Business Owner","iOS",9.8,7.9,7,5,9,47,5,12.8
"U48185",49,"Female","Professional","iOS",7.5,3.9,2,4,6,21,2,5.9
"U48186",47,"Male","Student","Android",2.4,6.2,9,4.6,2,36,5,9
"U48187",40,"Male","Professional","iOS",2.7,5.9,5,8,6,54,2,4
"U48188",27,"Male","Freelancer","iOS",5.1,4.6,1,7.7,2,38,3,7.6
"U48189",48,"Male","Professional","Android",2.5,1.2,4,8.9,1,33,6,5.1
"U48190",18,"Male","Professional","Android",3.6,7.5,6,7.9,1,45,3,3.3
"U48191",46,"Female","Freelancer","Android",2.8,3.5,3,7.2,9,41,1,3.8
"U48192",25,"Female","Student","iOS",4.6,3.6,5,5.6,3,23,4,5.3
"U48193",27,"Other","Professional","iOS",6,4.1,3,7.2,4,15,5,10.3
"U48194",46,"Other","Freelancer","Android",10.4,6.2,3,4.9,4,19,4,6.4
"U48195",54,"Female","Freelancer","Android",9,4.7,6,6.3,9,57,2,12.5
"U48196",47,"Female","Student","iOS",1.7,4.8,4,8.6,8,23,6,13.1
"U48197",24,"Other","Student","iOS",9.9,4.3,2,5.6,3,15,1,5.2
"U48198",46,"Male","Student","Android",5.7,4.6,10,7.2,5,24,4,2.1
"U48199",45,"Male","Business Owner","iOS",6.8,2.1,4,4.5,7,47,4,9.3
"U48200",31,"Other","Student","iOS",2.1,6.1,9,8.9,2,6,2,3.2
"U48201",38,"Female","Freelancer","iOS",5.1,4.2,9,5.8,10,25,2,11.3
"U48202",18,"Female","Student","iOS",1.8,1,9,6.9,10,45,1,2.6
"U48203",44,"Other","Freelancer","iOS",6.8,2.8,10,4.1,2,25,1,5.6
"U48204",36,"Female","Student","iOS",4.1,4.9,8,6,2,8,3,3.8
"U48205",29,"Female","Business Owner","Android",5.1,1.1,6,4.4,1,53,6,7.6
"U48206",47,"Female","Business Owner","Android",9.3,4.2,9,5.4,9,30,6,9.2
"U48207",28,"Male","Student","iOS",2.4,7.5,3,6.9,9,42,6,10.5
"U48208",54,"Other","Student","Android",7.9,7.8,6,6.4,8,41,4,3.4
"U48209",56,"Male","Student","Android",2.5,1.4,4,4.1,9,52,3,2.3
"U48210",19,"Male","Professional","Android",2.2,3.1,6,6.8,5,36,4,8.8
"U48211",36,"Female","Business Owner","iOS",3.5,5.8,7,6.3,4,9,4,13.2
"U48212",31,"Other","Freelancer","Android",3.6,7.2,2,4.9,1,33,1,10.4
"U48213",50,"Female","Student","iOS",4,0.7,7,7,1,50,3,11.6
"U48214",53,"Other","Business Owner","iOS",3.8,1.8,8,8.3,10,37,0,4.7
"U48215",58,"Other","Business Owner","Android",6.3,4.1,8,4.3,2,40,2,10.7
"U48216",24,"Other","Professional","Android",2,7.3,5,5,3,39,5,8.1
"U48217",49,"Male","Professional","Android",7.3,5.8,3,4.8,4,31,1,4
"U48218",44,"Other","Business Owner","iOS",1.3,6.9,4,4.3,4,44,3,7.7
"U48219",47,"Other","Student","iOS",11.3,0.6,3,4.1,10,52,5,8
"U48220",43,"Female","Professional","iOS",5.1,7.1,1,7.2,3,26,1,13.4
"U48221",26,"Other","Student","iOS",7.6,3,9,8.1,10,34,4,12.1
"U48222",28,"Female","Professional","iOS",2.5,3.1,3,8.7,7,34,3,10.6
"U48223",46,"Other","Student","iOS",6.6,6.7,1,9,5,27,4,6
"U48224",20,"Female","Professional","Android",2.6,6.4,3,6.7,3,33,0,6.7
"U48225",27,"Other","Professional","Android",2.4,2.3,4,6.5,9,18,6,3.6
"U48226",40,"Male","Professional","iOS",2.1,4.3,5,8.3,5,33,0,12.2
"U48227",37,"Female","Freelancer","iOS",11.4,7.5,7,4.8,1,53,6,4.8
"U48228",33,"Other","Student","Android",10.5,7.2,7,8.3,8,58,1,5.1
"U48229",22,"Female","Business Owner","iOS",11.3,4.1,9,8.7,2,59,1,8.7
"U48230",43,"Other","Business Owner","iOS",4.4,0.9,5,7,3,38,6,6.9
"U48231",58,"Female","Business Owner","iOS",8.7,5.8,7,6.7,10,42,4,7.5
"U48232",32,"Male","Freelancer","iOS",5.2,2,5,7.5,2,49,3,6.9
"U48233",54,"Female","Business Owner","iOS",10.4,3.1,5,5.3,7,32,4,7.1
"U48234",22,"Female","Freelancer","Android",2.2,0.6,9,6.4,2,49,6,13.1
"U48235",38,"Male","Student","iOS",7,6.8,5,8,7,16,3,9.8
"U48236",50,"Male","Student","iOS",5,5.3,4,8.1,2,11,1,9.4
"U48237",37,"Other","Professional","iOS",8.1,2.5,5,8.8,3,28,0,10.2
"U48238",44,"Male","Professional","Android",10.8,4.3,1,4,2,16,0,7
"U48239",35,"Other","Student","iOS",7.4,3.6,7,8,4,57,4,5.5
"U48240",48,"Male","Freelancer","iOS",8.5,0.9,4,4.7,5,14,6,6.2
"U48241",26,"Female","Business Owner","iOS",5,5,1,7.9,7,35,5,11
"U48242",39,"Male","Business Owner","iOS",9.2,0.5,5,6.2,5,21,4,10.4
"U48243",44,"Other","Business Owner","Android",4.5,0.9,10,8.5,6,56,5,9.2
"U48244",21,"Female","Business Owner","Android",3.8,2.9,9,8.1,7,49,6,5
"U48245",36,"Male","Business Owner","Android",11.1,5.5,3,5.6,8,5,1,8.5
"U48246",42,"Female","Business Owner","Android",5.7,1.4,1,8.9,5,10,5,12.3
"U48247",47,"Other","Professional","Android",9.3,7.3,2,5.4,8,34,6,3.8
"U48248",50,"Female","Professional","Android",1.3,3.5,2,6.2,6,47,6,5.1
"U48249",28,"Other","Freelancer","iOS",8.5,6.9,2,4.8,7,18,0,5.9
"U48250",59,"Female","Freelancer","iOS",8.7,6.4,8,8.2,4,55,1,3.6
"U48251",20,"Other","Student","iOS",2.9,5.7,9,6.5,10,14,6,4.9
"U48252",31,"Male","Business Owner","Android",8.7,1.8,6,5.4,6,17,6,13.5
"U48253",45,"Female","Professional","Android",10.1,2.3,2,4.5,10,25,1,3.4
"U48254",57,"Female","Professional","Android",3.7,7.1,9,4.8,7,46,1,4.9
"U48255",19,"Female","Student","iOS",4.3,7.5,7,5.6,5,55,5,12.9
"U48256",43,"Other","Freelancer","iOS",8.9,2.2,9,6.8,9,50,0,5.6
"U48257",24,"Male","Student","iOS",6,3.2,4,4.4,10,44,1,6.4
"U48258",38,"Male","Freelancer","Android",7.4,0.6,1,6.4,4,15,1,3
"U48259",40,"Male","Student","iOS",9.1,7.7,7,6.2,7,30,1,2.4
"U48260",20,"Male","Business Owner","iOS",11.4,7.9,5,6.8,10,47,4,8
"U48261",60,"Other","Professional","Android",1.7,3.7,5,7.7,3,13,4,7.6
"U48262",29,"Female","Freelancer","Android",5.1,6.9,1,8.7,8,20,3,7.9
"U48263",43,"Female","Freelancer","iOS",8,7.8,1,8.4,10,17,3,2.9
"U48264",22,"Female","Professional","iOS",2.3,2.1,1,6,8,48,6,3.8
"U48265",33,"Female","Student","Android",4.2,5.6,2,5,5,38,0,6.6
"U48266",34,"Female","Professional","iOS",3.6,7.2,4,6.7,1,34,6,7.4
"U48267",19,"Male","Business Owner","Android",9,3,6,5.1,3,19,2,13.4
"U48268",57,"Male","Freelancer","iOS",7.2,3.5,8,7.9,7,29,6,10.4
"U48269",48,"Female","Professional","Android",8.9,7.6,8,5.6,7,8,4,9.9
"U48270",32,"Female","Student","Android",7.8,6.3,6,6.8,6,48,2,12.2
"U48271",23,"Female","Freelancer","iOS",4.4,4.2,5,5.9,6,26,1,11.6
"U48272",26,"Male","Professional","iOS",6.5,7.8,8,8.6,2,31,6,5.2
"U48273",27,"Female","Student","Android",11.6,7.2,1,8.4,2,47,4,11.9
"U48274",21,"Other","Business Owner","Android",1.2,2.8,6,4.2,2,37,4,11.2
"U48275",45,"Other","Business Owner","Android",10,0.8,8,4.5,4,13,5,12.8
"U48276",42,"Other","Freelancer","iOS",2.4,5.5,5,7.2,6,38,6,9.7
"U48277",46,"Other","Professional","Android",3.4,2.2,10,8.1,9,19,5,2.3
"U48278",45,"Female","Freelancer","iOS",5.7,4.5,3,5.2,3,29,6,7.8
"U48279",43,"Other","Professional","iOS",3.3,5.7,7,4.9,3,35,3,13
"U48280",38,"Male","Student","Android",7.7,5.7,3,5,7,40,3,6.3
"U48281",36,"Other","Freelancer","Android",3.8,5.1,3,5.2,8,20,1,4.4
"U48282",59,"Male","Freelancer","iOS",4.4,3.4,10,6.9,2,56,4,12
"U48283",18,"Male","Student","Android",5.8,1.1,6,6.9,6,43,1,12.4
"U48284",38,"Male","Student","Android",3.7,3.3,9,7.8,7,31,4,7.4
"U48285",32,"Other","Professional","iOS",2.5,4.5,4,4.4,8,54,3,12.3
"U48286",58,"Male","Freelancer","iOS",3.1,3.4,1,4.2,4,42,3,11.6
"U48287",29,"Male","Business Owner","Android",11.2,4,8,5.6,1,48,1,6.4
"U48288",35,"Other","Business Owner","Android",2.2,7.1,1,8.9,4,50,2,5.5
"U48289",28,"Female","Professional","iOS",7.7,5.7,1,8.4,1,18,6,14
"U48290",58,"Other","Professional","iOS",6.2,6.3,5,6.3,3,5,3,6.5
"U48291",59,"Male","Business Owner","Android",10.1,4.7,5,6.4,8,26,6,8.5
"U48292",25,"Female","Freelancer","iOS",9.8,0.7,5,7.9,3,37,3,8.6
"U48293",44,"Other","Student","Android",2.6,5.1,10,4.2,10,52,6,12.2
"U48294",54,"Other","Student","iOS",5.6,0.7,1,7.1,7,27,0,5.6
"U48295",35,"Female","Business Owner","Android",2.2,5.5,10,5.2,1,19,3,7.9
"U48296",32,"Other","Freelancer","iOS",2.2,5.1,1,8.3,6,9,3,7.9
"U48297",39,"Male","Student","Android",10.8,6.6,6,4.6,8,36,6,11.9
"U48298",32,"Female","Business Owner","Android",9.9,1.7,8,4.4,3,16,5,11.4
"U48299",28,"Other","Student","iOS",3.7,4.9,10,7.8,6,36,6,7.9
"U48300",50,"Other","Business Owner","iOS",4.3,2.8,10,6.1,6,8,6,4.6
"U48301",45,"Male","Business Owner","iOS",11.7,2.4,6,5.9,1,49,2,3.7
"U48302",22,"Male","Student","Android",5.7,2.9,6,8.4,9,56,5,9.1
"U48303",47,"Other","Professional","iOS",2.7,1.4,9,6.1,7,41,5,7.6
"U48304",53,"Male","Freelancer","iOS",4.2,7.3,3,6.9,9,17,6,7.6
"U48305",60,"Female","Professional","Android",9.2,2.2,9,8.6,3,14,5,5.8
"U48306",18,"Other","Freelancer","Android",3,7,2,9,7,17,4,9.8
"U48307",41,"Male","Professional","Android",9.6,1.3,3,8,6,7,1,4.5
"U48308",53,"Other","Student","iOS",11.2,7.1,3,6.2,2,35,3,8.5
"U48309",22,"Other","Professional","iOS",8.5,7,10,8.1,2,14,1,12.9
"U48310",33,"Male","Business Owner","iOS",11,6,2,6.2,9,58,2,13.1
"U48311",51,"Female","Student","iOS",4.9,8,6,5.6,5,38,4,2.1
"U48312",20,"Other","Business Owner","iOS",2.7,4.5,2,8.5,3,54,2,9.4
"U48313",39,"Female","Business Owner","Android",11.2,5.2,1,8.5,2,20,4,5.4
"U48314",46,"Female","Business Owner","iOS",7.6,4.2,9,8.4,2,8,0,9.2
"U48315",32,"Male","Student","Android",4.9,7.6,7,7.4,5,58,2,3.3
"U48316",29,"Male","Student","Android",10.3,6.8,2,7.6,2,53,0,5
"U48317",25,"Male","Student","Android",9.4,6.2,3,6.7,8,53,3,6.9
"U48318",32,"Male","Business Owner","Android",6.8,5.1,10,8.6,3,22,1,7.1
"U48319",42,"Male","Student","iOS",3.6,7.8,2,6.7,9,48,3,4.3
"U48320",46,"Male","Business Owner","iOS",1,3.5,5,6,7,27,3,7.8
"U48321",53,"Other","Freelancer","iOS",11.5,4.8,5,8.8,5,12,6,9.3
"U48322",59,"Male","Freelancer","Android",6.2,7.2,7,4.3,2,48,2,4
"U48323",53,"Female","Business Owner","Android",10.4,5,6,5.6,6,11,6,3.9
"U48324",42,"Male","Business Owner","Android",6.6,1.1,1,7.2,6,29,3,3.5
"U48325",36,"Male","Student","iOS",11.7,3,2,5.7,4,18,6,2.5
"U48326",40,"Female","Professional","Android",7.1,1.6,6,5.2,5,21,2,7.9
"U48327",39,"Female","Business Owner","iOS",4,5.2,4,4.8,1,34,1,11.9
"U48328",41,"Female","Business Owner","iOS",9.3,0.5,2,5.6,7,51,1,11.5
"U48329",26,"Male","Professional","iOS",2.9,4.2,7,5,5,35,1,5.7
"U48330",44,"Female","Business Owner","Android",8.2,3.4,7,7.3,7,13,6,4.7
"U48331",25,"Other","Student","iOS",1.3,4.6,8,7.2,2,30,1,5.6
"U48332",38,"Other","Freelancer","iOS",1,6.4,9,6.2,9,10,4,4.9
"U48333",25,"Other","Professional","iOS",2.5,4.5,8,7.9,9,55,6,4.7
"U48334",19,"Other","Business Owner","iOS",5.6,2.9,4,6.9,10,18,5,9.4
"U48335",46,"Other","Student","Android",7.3,5,1,4.6,4,50,1,10.8
"U48336",18,"Male","Business Owner","iOS",4.5,1.1,9,5.3,1,11,2,4
"U48337",40,"Male","Professional","Android",11.3,4.6,10,8.5,5,24,3,5.3
"U48338",60,"Male","Professional","Android",3.3,6.8,7,4.9,2,16,2,10.7
"U48339",41,"Other","Freelancer","iOS",8.7,3.5,10,7.6,6,25,3,11.7
"U48340",49,"Other","Business Owner","iOS",8.5,4.8,10,7.2,7,20,1,4.8
"U48341",18,"Other","Professional","iOS",5.6,2.8,10,4.5,10,5,4,9.2
"U48342",41,"Male","Student","iOS",1.2,6.8,7,6.9,7,44,3,2.3
"U48343",28,"Male","Student","iOS",10.2,1.8,10,8.8,2,26,0,13.6
"U48344",57,"Female","Student","iOS",6.9,2.8,1,4.9,3,57,4,7.1
"U48345",41,"Male","Professional","iOS",9.7,5.5,6,8.1,7,43,5,6.1
"U48346",20,"Male","Professional","iOS",8.5,7.3,4,5.2,8,33,1,13.2
"U48347",53,"Female","Freelancer","iOS",4.1,7.7,2,6.7,3,28,4,5.9
"U48348",43,"Other","Professional","iOS",1.7,4,2,6.1,3,41,0,12.6
"U48349",52,"Male","Freelancer","Android",1.6,7.2,2,4.2,7,15,3,9.1
"U48350",49,"Other","Professional","Android",11.4,3.1,4,8.9,5,34,4,9.9
"U48351",35,"Other","Student","Android",9.5,7.1,10,5.8,3,44,4,3.4
"U48352",36,"Other","Business Owner","iOS",6.9,2,9,6.4,4,45,2,8.9
"U48353",23,"Male","Professional","iOS",7.3,3.7,7,7.7,7,26,1,7.9
"U48354",26,"Other","Professional","Android",2,5.9,2,5.5,5,30,0,11.5
"U48355",30,"Female","Business Owner","Android",1.8,4.5,2,6.8,7,49,5,3.6
"U48356",39,"Male","Business Owner","Android",11.5,5.7,2,7,1,47,1,11.8
"U48357",55,"Other","Student","Android",1,5.5,10,6.1,9,34,3,7.8
"U48358",55,"Other","Business Owner","iOS",9.3,4,8,7.1,7,51,2,7
"U48359",52,"Female","Business Owner","Android",8,7,6,7.8,5,32,0,4.5
"U48360",55,"Female","Freelancer","Android",9.3,1.4,5,6.9,9,47,1,7.5
"U48361",45,"Female","Student","Android",4.8,1.6,1,4.8,1,8,2,3
"U48362",59,"Other","Professional","Android",11.9,2.7,9,6.2,2,37,0,10.4
"U48363",29,"Other","Business Owner","Android",4.9,4.4,3,7.1,8,37,2,10.9
"U48364",38,"Female","Business Owner","iOS",4.1,5.1,3,7.1,2,57,2,9.9
"U48365",53,"Male","Freelancer","Android",9.5,0.7,1,7.8,5,31,4,3.8
"U48366",43,"Female","Business Owner","Android",5.5,6.2,2,8.1,3,51,1,4.3
"U48367",56,"Other","Student","iOS",5.8,0.9,9,5.7,8,44,6,6.2
"U48368",27,"Female","Freelancer","Android",10.2,4.8,6,7,9,59,1,10.1
"U48369",43,"Female","Student","iOS",7.5,4.7,10,5.2,2,50,3,11.5
"U48370",33,"Male","Business Owner","Android",3,6.6,10,7.9,4,20,1,11.4
"U48371",38,"Male","Professional","Android",10.8,2.7,6,7.7,4,8,4,4.6
"U48372",45,"Male","Professional","Android",7.1,1.7,5,7.2,1,58,0,7.1
"U48373",19,"Other","Professional","iOS",10.7,1.1,7,4.7,4,30,2,8.3
"U48374",20,"Other","Freelancer","Android",9.3,4.3,3,5.5,7,30,2,10.5
"U48375",42,"Male","Freelancer","Android",11.9,1.1,8,7.4,9,55,1,6.2
"U48376",59,"Other","Professional","Android",7.2,1.2,5,7.2,2,20,0,10.5
"U48377",29,"Other","Business Owner","Android",3.7,3.9,7,5.4,3,52,3,11.1
"U48378",39,"Other","Professional","iOS",7.3,2.8,8,5.4,2,45,4,12.7
"U48379",60,"Female","Professional","Android",10.7,2.1,10,8.8,9,36,2,4.6
"U48380",40,"Other","Business Owner","iOS",11.8,8,3,8.5,10,9,1,2.2
"U48381",22,"Female","Professional","iOS",8.5,6.7,1,5.3,4,53,3,11.8
"U48382",41,"Female","Freelancer","iOS",3.5,5.6,8,5,8,9,4,9.4
"U48383",23,"Other","Freelancer","iOS",4.7,6.5,4,7,2,26,5,11.2
"U48384",48,"Female","Student","iOS",4.7,5.7,1,6.5,4,59,2,10.1
"U48385",55,"Male","Student","iOS",11.8,3.9,9,8.1,10,49,4,6
"U48386",46,"Female","Professional","iOS",1.5,0.6,8,4.8,6,10,3,12
"U48387",41,"Female","Business Owner","Android",3.2,3.2,5,6.7,1,59,3,11.8
"U48388",22,"Female","Professional","Android",4.3,7.1,7,6.9,5,60,0,5
"U48389",55,"Male","Student","iOS",8.5,5.7,10,4.3,7,30,4,10.7
"U48390",30,"Male","Freelancer","iOS",9.7,3.1,3,6.5,4,31,6,3.7
"U48391",48,"Other","Freelancer","iOS",5.8,4.3,10,5,2,39,3,6.8
"U48392",51,"Other","Freelancer","Android",7.9,5.8,2,7.1,7,42,3,7.8
"U48393",34,"Other","Student","Android",4.2,7,3,4.6,4,48,1,13.9
"U48394",55,"Other","Professional","Android",6.1,1.2,10,8.7,3,50,1,12.7
"U48395",39,"Male","Professional","iOS",1.1,0.9,2,8.2,7,38,0,8.3
"U48396",31,"Other","Business Owner","Android",2.7,2.1,6,6.1,2,40,5,12.4
"U48397",22,"Male","Student","iOS",11.8,7,5,5.6,6,35,1,2.6
"U48398",29,"Male","Freelancer","iOS",7.8,4.2,5,8.6,5,58,6,12.9
"U48399",47,"Male","Business Owner","Android",7.5,5.1,7,4.8,7,37,4,12.6
"U48400",30,"Other","Business Owner","Android",8.5,4.3,3,5.8,2,52,0,9.6
"U48401",35,"Female","Professional","Android",9.1,2,6,5.7,2,24,0,13.8
"U48402",34,"Male","Freelancer","Android",1,3.1,8,7.1,10,13,5,3.7
"U48403",39,"Male","Freelancer","Android",5.1,3.8,7,6.7,6,17,0,13.5
"U48404",51,"Other","Freelancer","Android",11.5,0.6,6,4.1,7,52,6,2.5
"U48405",59,"Male","Business Owner","Android",11.5,7,10,5.9,10,24,6,4.6
"U48406",19,"Male","Student","iOS",3.9,2.3,6,7.2,8,26,1,8.8
"U48407",60,"Female","Freelancer","Android",3.8,3.3,5,6.8,10,19,2,3.2
"U48408",22,"Female","Professional","Android",7,3.6,6,6.1,6,5,5,10.9
"U48409",57,"Male","Freelancer","iOS",10.3,7,4,5.3,4,36,4,13.7
"U48410",49,"Male","Freelancer","Android",5.3,7.4,4,7.5,9,34,0,12.3
"U48411",45,"Male","Professional","iOS",6.7,1.1,6,7,2,53,6,6.1
"U48412",28,"Female","Student","Android",9.2,7.6,1,7.3,9,41,6,4.6
"U48413",25,"Other","Professional","Android",11.2,2.5,9,5.9,2,57,6,2.9
"U48414",30,"Female","Student","iOS",10,6.2,2,5.6,8,26,4,2.8
"U48415",35,"Other","Business Owner","iOS",11.5,3.5,5,4.5,4,43,1,10.4
"U48416",44,"Other","Professional","Android",11.6,3.5,1,8.3,2,23,3,9.7
"U48417",23,"Female","Student","iOS",3.1,3.5,5,7.2,2,22,4,9.6
"U48418",43,"Female","Business Owner","Android",9.9,5.3,6,5.5,10,36,4,12
"U48419",35,"Male","Professional","Android",11.8,6.1,2,7.9,4,51,6,9.5
"U48420",42,"Female","Professional","Android",8.4,4.6,5,4.3,7,45,5,7.5
"U48421",22,"Male","Student","iOS",9.7,0.9,7,8.4,10,37,6,11.2
"U48422",38,"Other","Freelancer","Android",9.1,4.7,1,8.9,7,51,6,4
"U48423",27,"Other","Business Owner","iOS",4.8,2.5,4,6.1,7,58,0,13.7
"U48424",45,"Male","Professional","Android",3.5,3.1,2,6.7,6,56,1,3.1
"U48425",39,"Female","Professional","Android",9.3,6.8,8,7.3,3,46,3,7
"U48426",33,"Other","Professional","Android",3,3.8,4,5.4,1,45,5,5.9
"U48427",27,"Female","Student","Android",8.3,6.8,2,5.9,8,19,3,6.4
"U48428",27,"Other","Student","iOS",2.9,7.1,3,5.4,8,43,0,13.6
"U48429",26,"Female","Professional","iOS",10.2,4.9,10,7,6,27,3,5.6
"U48430",34,"Other","Freelancer","iOS",3.3,5.4,9,5.7,10,58,0,6.4
"U48431",46,"Female","Freelancer","Android",8.9,5.4,5,6.1,7,40,5,2.1
"U48432",20,"Male","Freelancer","iOS",10.7,2.6,6,8,6,43,3,9.1
"U48433",50,"Female","Freelancer","iOS",5.4,7.9,2,5,2,13,5,7.3
"U48434",24,"Male","Student","iOS",9.2,0.9,9,7.2,9,7,6,7.2
"U48435",18,"Male","Professional","iOS",2.2,1.6,10,8.3,6,17,6,9
"U48436",24,"Male","Professional","iOS",7.8,4.2,2,8,9,57,0,12.3
"U48437",35,"Other","Student","Android",2.7,4.3,2,6,4,44,5,13.1
"U48438",51,"Female","Student","iOS",2.7,6.7,9,4.4,2,16,5,8
"U48439",24,"Female","Business Owner","Android",3.3,5.3,2,5.6,10,40,6,13
"U48440",28,"Female","Freelancer","Android",4,3.8,3,5.7,4,50,2,5.7
"U48441",55,"Other","Student","iOS",4.2,3,2,5.2,4,9,3,7
"U48442",46,"Other","Student","iOS",5.1,8,4,6.2,1,44,1,11.6
"U48443",22,"Male","Student","iOS",3.9,4.6,10,8.8,5,28,5,10.7
"U48444",57,"Male","Student","iOS",8.8,6.7,2,8.5,6,30,5,5.6
"U48445",53,"Other","Student","iOS",9.4,6.1,1,8.1,6,60,2,5.5
"U48446",52,"Female","Professional","Android",1.5,4.9,6,5.4,4,49,2,4.5
"U48447",35,"Male","Professional","Android",2.9,6.9,4,5.1,3,16,6,12.4
"U48448",20,"Female","Professional","iOS",4.5,3.7,1,6,4,7,0,7.7
"U48449",53,"Male","Professional","iOS",9.2,5.7,1,6.5,9,44,2,5.7
"U48450",56,"Female","Professional","Android",2.8,3.4,1,8.6,4,21,0,10.7
"U48451",60,"Female","Professional","iOS",5.4,4.1,9,6.3,3,59,3,11.4
"U48452",34,"Male","Business Owner","Android",5.6,1.2,4,6.6,2,8,1,8.2
"U48453",33,"Other","Freelancer","iOS",9.5,4.2,9,6.6,6,50,3,4.9
"U48454",46,"Female","Professional","iOS",5.8,2.6,2,5.6,8,23,2,2.5
"U48455",37,"Male","Professional","iOS",9,2.3,8,6.1,4,21,2,7.9
"U48456",53,"Other","Freelancer","Android",5.6,0.7,8,5.4,9,40,5,9.9
"U48457",60,"Other","Professional","iOS",6.1,2,6,8.6,7,49,2,12.6
"U48458",59,"Other","Student","iOS",8.3,6.4,4,8.5,5,19,1,9.8
"U48459",25,"Male","Professional","Android",1.4,6,10,5.2,5,40,2,7.9
"U48460",26,"Other","Professional","iOS",10.3,0.5,6,6.5,3,46,2,9.8
"U48461",43,"Female","Student","Android",5.7,7.6,6,5.6,1,32,4,2.2
"U48462",50,"Female","Business Owner","iOS",6.7,1.1,2,5.8,1,59,5,9.6
"U48463",25,"Male","Professional","Android",2.6,3.8,5,4.5,9,38,0,9.3
"U48464",49,"Other","Professional","iOS",6.3,1.6,3,5.3,9,54,3,10.5
"U48465",56,"Male","Business Owner","Android",5.2,1.3,6,6.2,10,45,4,6
"U48466",33,"Male","Professional","iOS",4,3.8,8,4.3,8,56,6,4.3
"U48467",18,"Male","Freelancer","Android",3.4,3.9,3,7.1,3,40,1,11.6
"U48468",18,"Male","Freelancer","iOS",6.4,1.7,9,7.7,4,19,3,4.1
"U48469",51,"Female","Student","iOS",8.9,5.1,2,6.4,6,25,3,7.3
"U48470",19,"Male","Student","Android",2.1,5.7,3,7.7,4,14,0,4.4
"U48471",38,"Female","Student","iOS",6.1,5.3,8,4.9,6,11,3,6.1
"U48472",50,"Female","Professional","Android",2.8,6.7,4,5.6,4,47,5,4.5
"U48473",52,"Female","Business Owner","iOS",11.3,6.6,8,5.3,2,7,4,13.9
"U48474",55,"Other","Student","iOS",2.5,8,2,5.7,7,38,1,9.4
"U48475",56,"Other","Freelancer","Android",8.5,3.9,7,9,2,37,6,3.3
"U48476",18,"Other","Student","Android",10.2,5.1,4,4.3,8,34,3,2.3
"U48477",39,"Female","Business Owner","iOS",2.5,5.5,8,5.8,4,48,6,4.1
"U48478",59,"Male","Freelancer","Android",4.1,2,7,9,3,7,0,3.8
"U48479",50,"Other","Business Owner","Android",6.4,1.2,4,4.1,9,34,4,5.9
"U48480",20,"Female","Freelancer","Android",5,5,6,8.8,6,10,0,8.6
"U48481",52,"Male","Student","Android",4.8,6.2,9,4.5,1,46,3,13.2
"U48482",25,"Male","Business Owner","iOS",8.2,2.7,10,7.7,5,24,5,11
"U48483",35,"Other","Student","Android",11.9,1.6,8,4.8,2,48,0,5.6
"U48484",19,"Other","Professional","iOS",1.9,0.6,8,6.1,10,33,4,11.8
"U48485",30,"Female","Business Owner","Android",2.6,4.6,9,5.2,8,36,6,12.2
"U48486",31,"Female","Freelancer","Android",5.3,1.4,1,7,7,38,1,12.7
"U48487",36,"Male","Business Owner","iOS",4.8,6.1,2,6.5,5,44,3,12.1
"U48488",19,"Male","Professional","iOS",5.1,2.2,1,4.5,10,32,1,13.8
"U48489",39,"Other","Professional","Android",9.9,3.9,10,4.2,3,40,5,2.3
"U48490",20,"Female","Freelancer","iOS",7.9,3,5,5.4,1,44,1,9
"U48491",53,"Other","Freelancer","Android",9.8,1.1,4,5.9,7,11,4,7.3
"U48492",25,"Female","Freelancer","Android",2.1,3.9,9,6.1,8,20,4,6.6
"U48493",21,"Male","Freelancer","Android",3.8,6.7,5,8.6,9,6,3,12.4
"U48494",39,"Male","Professional","Android",4.3,8,8,7,1,33,3,6.9
"U48495",42,"Other","Student","iOS",11.5,0.7,6,6.5,8,60,3,9.4
"U48496",32,"Male","Professional","Android",12,1.7,6,6.2,10,55,3,12.2
"U48497",39,"Male","Student","Android",6.6,5.4,1,5.8,5,25,3,3.6
"U48498",59,"Female","Freelancer","Android",4.3,6.4,7,6.8,8,56,4,9.5
"U48499",51,"Other","Student","Android",11.4,4.4,4,4.3,7,51,6,7.1
"U48500",60,"Female","Student","Android",8.6,6.3,2,4.8,7,12,3,4.3
"U48501",45,"Male","Business Owner","Android",10,4,10,8.9,10,25,3,4.9
"U48502",55,"Other","Freelancer","Android",9.2,4.7,9,5.7,2,30,5,13.7
"U48503",55,"Female","Student","Android",8,7.6,1,8.3,5,42,0,7.7
"U48504",20,"Female","Student","Android",9.6,7.8,8,7.8,5,42,2,7.5
"U48505",58,"Male","Professional","iOS",4.4,5.9,1,4.3,7,10,1,6.7
"U48506",29,"Female","Student","iOS",7.9,5.3,10,7.7,2,18,6,11.1
"U48507",24,"Male","Business Owner","Android",2.8,6.7,3,8.4,5,50,0,10.3
"U48508",33,"Male","Student","iOS",1,2.7,1,6.4,7,30,0,5.1
"U48509",22,"Female","Professional","Android",1.6,5.1,9,8.6,1,33,4,2.7
"U48510",24,"Other","Student","iOS",5.7,2.5,2,6.4,2,18,3,8.8
"U48511",44,"Male","Student","Android",8.3,0.7,3,7.3,4,43,1,3.6
"U48512",44,"Male","Student","iOS",10.9,5.3,7,8.4,3,47,3,12.5
"U48513",54,"Other","Student","iOS",5.4,4.5,1,4.3,8,50,5,13.8
"U48514",37,"Male","Student","iOS",11.6,1.3,2,6.7,2,42,5,7.4
"U48515",44,"Other","Business Owner","iOS",10.8,1.1,4,7.1,7,47,6,4.4
"U48516",19,"Male","Professional","iOS",5.4,5.5,1,5.2,5,25,4,4.5
"U48517",26,"Other","Freelancer","iOS",11.5,4.1,4,8.8,4,18,0,9.5
"U48518",58,"Male","Freelancer","Android",6.3,1.5,2,4.3,9,10,2,2.8
"U48519",22,"Male","Student","Android",9.3,2.9,6,4.3,2,15,6,12.5
"U48520",28,"Male","Freelancer","iOS",1.1,6.6,5,4.1,1,21,6,6.2
"U48521",36,"Male","Freelancer","iOS",10.7,5.4,2,8.6,10,37,2,11.3
"U48522",45,"Male","Professional","Android",1.2,1.7,6,5.4,3,14,6,9.2
"U48523",46,"Other","Freelancer","iOS",1.6,4.1,1,5,1,31,5,7.9
"U48524",45,"Male","Professional","Android",5.2,5.5,6,8.4,3,48,0,3.4
"U48525",34,"Male","Professional","Android",4.4,0.6,8,5.1,2,15,4,5.4
"U48526",27,"Female","Professional","iOS",1.8,5.2,10,6.6,7,24,1,11.2
"U48527",50,"Other","Freelancer","iOS",10.6,6.8,2,5.3,5,19,5,13.8
"U48528",25,"Female","Freelancer","iOS",3.4,1.4,3,7.9,1,25,3,8.2
"U48529",27,"Male","Freelancer","iOS",3.7,5.3,7,6.2,1,18,4,4.7
"U48530",40,"Male","Business Owner","Android",7,7.6,10,4.6,6,60,4,6.3
"U48531",54,"Other","Professional","Android",10.3,0.6,9,4.2,9,34,6,8.1
"U48532",51,"Female","Freelancer","iOS",6.6,7.3,10,5.9,8,7,4,6.3
"U48533",30,"Other","Freelancer","iOS",7.1,7.8,4,5.1,9,38,1,13.5
"U48534",43,"Female","Student","Android",8.3,7.2,10,5.8,6,29,0,6.8
"U48535",28,"Female","Business Owner","iOS",8.7,3.6,6,5.3,3,58,0,2.4
"U48536",21,"Male","Freelancer","Android",2.7,2.4,2,5.6,2,35,5,12.1
"U48537",47,"Female","Freelancer","Android",10.5,1.5,1,6.7,1,50,5,11.6
"U48538",35,"Other","Freelancer","iOS",6.5,4.9,10,6.8,9,40,0,6
"U48539",57,"Female","Business Owner","Android",1.8,5.7,7,7.8,5,56,0,7.1
"U48540",50,"Female","Professional","iOS",5.2,2.9,10,8.5,5,14,2,6.3
"U48541",53,"Male","Student","Android",9.9,4.4,3,4.6,7,33,1,13.9
"U48542",34,"Male","Professional","iOS",1.1,5.9,2,6.9,2,60,6,12.2
"U48543",55,"Female","Business Owner","iOS",3.3,4.1,5,5.3,6,41,3,13.5
"U48544",38,"Female","Student","iOS",6.9,4.4,3,7.5,6,13,4,6.8
"U48545",56,"Other","Professional","Android",1.9,3.1,3,5.5,6,48,3,5.6
"U48546",22,"Female","Professional","Android",8.5,2.2,3,8.2,8,49,2,11
"U48547",29,"Male","Student","Android",3.4,4.9,3,5.2,8,53,6,10.1
"U48548",42,"Male","Professional","iOS",9.1,1.5,2,4.4,2,19,3,8.9
"U48549",18,"Male","Freelancer","iOS",7.5,1.8,9,7.6,5,7,6,12.2
"U48550",55,"Female","Professional","iOS",6.3,7.5,1,5.4,9,13,0,3.2
"U48551",27,"Male","Student","iOS",5.7,3.8,9,4.7,3,54,1,13.3
"U48552",18,"Other","Student","Android",3.3,5.1,4,6.2,3,59,3,8.5
"U48553",33,"Male","Student","iOS",10.6,3.7,1,6.9,3,38,1,5
"U48554",32,"Female","Business Owner","iOS",9.5,1.5,9,7,2,48,2,7.1
"U48555",23,"Female","Student","Android",6.4,7.6,1,4.4,10,54,2,4
"U48556",34,"Other","Student","iOS",1.3,7,6,5.1,2,49,5,13.4
"U48557",45,"Female","Freelancer","iOS",9.3,3.3,5,6.9,8,13,1,8.2
"U48558",41,"Male","Business Owner","iOS",1.5,6.1,5,4.9,7,5,0,10.7
"U48559",44,"Male","Student","Android",11.4,1.4,1,5.1,3,51,0,12.6
"U48560",40,"Male","Freelancer","Android",9.6,2.5,1,7.6,2,27,2,13
"U48561",49,"Other","Business Owner","iOS",2.4,7.2,5,5.9,4,45,1,7.7
"U48562",25,"Other","Professional","iOS",9.6,1.8,9,4.8,7,35,4,10.8
"U48563",44,"Female","Business Owner","Android",6,3.1,8,8.3,9,60,3,8.1
"U48564",43,"Male","Freelancer","iOS",7.5,6.7,9,6.8,2,42,3,13.8
"U48565",40,"Female","Student","Android",9.5,4.7,2,5,2,29,6,2.8
"U48566",49,"Other","Freelancer","Android",11.8,2.8,5,5.7,9,16,3,10
"U48567",50,"Other","Student","iOS",4.4,2.5,5,8.1,6,12,4,9.9
"U48568",58,"Female","Student","iOS",5.1,3.8,1,5,9,12,3,4.2
"U48569",24,"Male","Freelancer","Android",1.1,3.8,4,5.9,9,52,5,6.6
"U48570",31,"Other","Student","Android",7.5,1.7,7,7.7,10,8,2,6.1
"U48571",19,"Female","Freelancer","Android",7.2,6.7,1,8.1,3,7,1,6.4
"U48572",36,"Other","Business Owner","iOS",9.7,5.9,9,7.7,5,31,4,8.4
"U48573",54,"Other","Professional","iOS",8.7,4.6,2,4.8,5,40,3,6.7
"U48574",57,"Other","Business Owner","iOS",5.5,4.1,6,7.5,9,57,0,12
"U48575",40,"Other","Business Owner","iOS",8.9,4.9,1,7,6,24,6,5.4
"U48576",21,"Male","Freelancer","Android",11.9,5.7,3,8.9,4,31,5,8
"U48577",37,"Other","Professional","Android",5.7,0.9,5,6.9,6,6,4,10.4
"U48578",33,"Other","Freelancer","iOS",10.8,1.5,1,5.5,3,7,5,3.8
"U48579",50,"Female","Freelancer","Android",11.1,4.7,10,5.6,6,39,5,10.1
"U48580",54,"Other","Business Owner","iOS",8.3,0.6,1,8.1,6,38,3,3.1
"U48581",43,"Male","Professional","Android",11.1,3,3,5.4,9,19,0,10.7
"U48582",36,"Female","Business Owner","iOS",8.3,1.6,5,8.7,10,18,4,2.1
"U48583",59,"Other","Professional","Android",10.5,3.9,7,8.8,6,59,1,11.1
"U48584",24,"Male","Student","Android",11.5,3,2,6.4,2,34,2,8.5
"U48585",43,"Other","Student","iOS",3.8,3.7,3,8.4,10,56,6,5.2
"U48586",35,"Male","Freelancer","Android",5.7,2.1,9,6.5,3,41,4,4.7
"U48587",40,"Male","Professional","Android",5.1,5.5,10,7.2,2,44,0,3.8
"U48588",20,"Female","Business Owner","iOS",11.5,6.2,3,8.1,8,52,3,12.3
"U48589",51,"Male","Freelancer","iOS",2.4,6.9,6,8.6,10,42,5,7.8
"U48590",42,"Female","Business Owner","Android",1.8,7.9,6,6,10,39,6,11.3
"U48591",27,"Other","Professional","Android",6.2,1.6,1,4.4,6,38,5,8.7
"U48592",54,"Male","Business Owner","iOS",11.3,4.8,8,9,1,27,1,3.2
"U48593",38,"Other","Student","iOS",10.1,7.8,8,6.3,4,24,1,2.6
"U48594",30,"Female","Business Owner","Android",4.5,7.6,6,8.4,2,20,3,9
"U48595",26,"Male","Freelancer","Android",8.8,1.3,4,6.7,9,13,5,10.8
"U48596",26,"Other","Business Owner","iOS",11.9,4.3,1,5.8,10,41,0,9.9
"U48597",32,"Male","Professional","iOS",1.8,7.7,1,7.8,9,44,5,6.1
"U48598",19,"Other","Business Owner","Android",11.9,2.1,1,4.7,7,38,0,4.9
"U48599",48,"Male","Professional","Android",8.5,1.9,4,6.2,6,6,4,4.8
"U48600",27,"Female","Student","iOS",11.7,4.4,7,7,9,54,6,3.5
"U48601",35,"Female","Student","iOS",1.9,5.9,3,6.7,8,9,1,8.5
"U48602",53,"Male","Freelancer","Android",11,5,6,4.5,9,10,3,13.2
"U48603",49,"Other","Professional","Android",6.7,7.1,6,6.4,8,18,5,11.7
"U48604",42,"Female","Business Owner","Android",8.7,2.3,5,5.5,2,53,3,5.7
"U48605",34,"Other","Freelancer","iOS",10.2,7.9,6,8,4,25,1,4
"U48606",24,"Other","Business Owner","iOS",8.3,3.8,10,5.8,7,60,5,2
"U48607",29,"Other","Business Owner","Android",2.2,0.8,6,8,1,39,0,7.6
"U48608",44,"Other","Freelancer","Android",1.9,4.7,2,5.7,9,35,2,5.1
"U48609",24,"Female","Business Owner","Android",6.7,3.9,8,5.9,1,18,0,13.6
"U48610",31,"Other","Business Owner","Android",11.7,2.8,6,6.5,10,52,2,11.2
"U48611",60,"Other","Professional","Android",3.9,2,3,7.6,7,8,1,10.5
"U48612",54,"Male","Freelancer","Android",7.2,3.7,6,6,5,49,6,3.7
"U48613",41,"Female","Business Owner","iOS",2.2,3.7,8,4.5,9,60,5,11.3
"U48614",41,"Other","Student","iOS",5.8,0.6,6,6.1,10,54,3,6.2
"U48615",49,"Male","Professional","Android",4.6,1.8,8,4.3,4,29,0,3
"U48616",34,"Other","Freelancer","Android",8,2.9,1,5.7,10,9,3,11.9
"U48617",38,"Male","Student","Android",7.2,4,3,6.3,8,37,3,8.3
"U48618",52,"Male","Student","iOS",5.3,1,3,7.9,8,36,2,3.2
"U48619",43,"Other","Professional","Android",6.3,2.5,10,7.6,8,44,2,4.9
"U48620",25,"Other","Business Owner","Android",3.3,6.3,7,4.6,9,15,2,4.5
"U48621",50,"Male","Professional","Android",11.2,3.4,8,7.1,3,19,3,5.1
"U48622",18,"Other","Freelancer","Android",3.7,4,8,5.4,10,42,6,12.9
"U48623",38,"Male","Student","Android",7.9,5.8,6,9,7,17,4,9.4
"U48624",50,"Other","Student","iOS",7.9,6.6,2,4.7,4,12,6,5
"U48625",30,"Female","Business Owner","Android",10.1,5.3,1,6.2,10,50,0,5.7
"U48626",54,"Male","Professional","iOS",3.8,2.6,10,8.8,7,24,1,6.4
"U48627",33,"Female","Freelancer","iOS",10.4,2.4,2,6.2,1,32,2,3.3
"U48628",37,"Male","Student","Android",1.6,2.2,6,4.6,2,28,5,4.5
"U48629",20,"Other","Freelancer","iOS",1.9,5.6,8,7,10,44,3,11.6
"U48630",51,"Female","Professional","Android",8.4,1.9,2,7,2,22,0,8
"U48631",32,"Other","Student","Android",4.3,7.1,1,7.4,9,38,5,4.3
"U48632",41,"Other","Student","Android",2.9,7.9,2,5.3,7,56,2,4.5
"U48633",35,"Female","Business Owner","iOS",10.9,4.9,7,5.1,2,42,4,5.7
"U48634",58,"Male","Freelancer","iOS",7.2,7.6,1,5,7,6,3,10.9
"U48635",35,"Other","Professional","iOS",1.3,7.3,2,4.4,10,22,5,3.6
"U48636",27,"Male","Professional","iOS",8.9,2.8,2,5.3,4,50,5,13.7
"U48637",58,"Female","Business Owner","Android",4.1,3.1,5,4.9,1,9,3,6.1
"U48638",48,"Male","Business Owner","Android",3.4,4,10,6.7,6,33,6,10.4
"U48639",50,"Other","Student","Android",4.6,6.6,10,4.8,3,31,0,9.8
"U48640",51,"Other","Professional","iOS",9.1,0.8,8,8.7,2,28,1,6.2
"U48641",40,"Other","Business Owner","iOS",1.5,4.4,6,8.3,3,19,6,7.8
"U48642",54,"Other","Freelancer","iOS",8.6,3.4,6,8.6,2,23,6,4.1
"U48643",52,"Male","Student","Android",7.6,3.1,10,5.4,10,15,6,3.9
"U48644",50,"Male","Business Owner","iOS",1.8,2.9,1,4.6,4,29,6,5.3
"U48645",25,"Other","Freelancer","Android",6.6,2.1,4,4.2,3,17,3,7.5
"U48646",55,"Female","Freelancer","Android",4.3,4.6,5,5.2,7,31,5,13.7
"U48647",29,"Female","Professional","iOS",10,2.4,2,5.1,3,31,2,6
"U48648",18,"Other","Professional","Android",4.3,1.1,5,7.6,9,52,6,5
"U48649",45,"Female","Student","iOS",1.9,2.3,2,4.3,1,43,5,9.6
"U48650",57,"Male","Professional","Android",3.1,6.3,1,6.3,6,46,4,12.2
"U48651",42,"Other","Student","iOS",1.6,1,5,9,3,50,3,11.3
"U48652",41,"Female","Business Owner","iOS",7.8,6.3,5,4.6,10,31,2,14
"U48653",42,"Female","Professional","Android",7.1,2.8,1,8.7,5,11,0,13.4
"U48654",57,"Other","Freelancer","Android",7.2,3.8,5,6.2,2,11,5,12.1
"U48655",30,"Female","Freelancer","iOS",9.5,1.6,7,5.6,9,26,2,5.7
"U48656",29,"Other","Freelancer","iOS",1.8,2.3,7,6.2,8,35,5,11.2
"U48657",41,"Other","Business Owner","iOS",4.2,7.1,6,5,10,52,2,4.6
"U48658",60,"Male","Freelancer","Android",11.4,5,7,6.8,4,49,6,6.5
"U48659",56,"Other","Business Owner","iOS",7.1,0.5,5,6.2,9,55,1,7.1
"U48660",44,"Male","Business Owner","iOS",7.9,0.6,5,6.5,2,14,0,6.3
"U48661",27,"Female","Business Owner","Android",8.4,5.2,1,6.1,6,46,6,3.4
"U48662",47,"Female","Professional","iOS",9.6,4.2,2,7.6,5,19,3,6.3
"U48663",45,"Other","Professional","iOS",10.7,6.1,6,4.8,8,34,6,2.4
"U48664",28,"Other","Business Owner","Android",7.5,3.2,4,8.4,4,41,3,3.5
"U48665",26,"Other","Business Owner","iOS",8.2,6.5,4,4.4,3,59,0,11.7
"U48666",33,"Female","Professional","Android",4.8,7.2,2,8.6,8,43,6,9.5
"U48667",44,"Other","Freelancer","iOS",5.4,5.7,6,6.2,9,14,0,7.7
"U48668",52,"Female","Freelancer","Android",4.7,2.5,8,7.1,1,58,6,2.6
"U48669",33,"Other","Freelancer","Android",4.4,2.6,9,7.8,1,48,2,11.8
"U48670",23,"Male","Professional","Android",5.6,2.6,9,8.6,9,22,0,8.4
"U48671",29,"Other","Professional","Android",9.5,6.2,6,6.3,9,35,5,5
"U48672",48,"Other","Business Owner","Android",7.7,0.5,7,6.9,10,38,6,10.2
"U48673",39,"Female","Student","iOS",3.5,6.5,5,6.8,9,8,0,11.5
"U48674",32,"Male","Student","Android",5.2,2,10,5.7,5,12,1,3.6
"U48675",34,"Other","Professional","Android",8.8,6.4,9,6.3,3,45,2,7.3
"U48676",25,"Other","Freelancer","Android",3.5,7,9,7.8,7,60,2,6.2
"U48677",52,"Other","Freelancer","iOS",9.6,5.2,8,6.4,6,48,6,5.3
"U48678",31,"Other","Professional","iOS",4.4,7.8,5,7.9,7,46,6,10.9
"U48679",57,"Other","Business Owner","Android",10.9,1.7,8,5.7,7,57,1,9.7
"U48680",56,"Female","Student","iOS",10.1,0.9,4,6.9,3,20,2,4.8
"U48681",40,"Other","Professional","iOS",11.1,2.9,4,7.7,6,15,6,10
"U48682",39,"Male","Business Owner","iOS",5.6,3,8,4.1,9,24,2,5.9
"U48683",58,"Male","Business Owner","iOS",10.3,5,10,4.8,9,45,3,2.8
"U48684",48,"Male","Professional","iOS",4.8,2.2,3,6,4,43,2,7.9
"U48685",53,"Other","Professional","iOS",10.7,1.8,10,5,7,13,3,5.7
"U48686",20,"Female","Professional","Android",5.5,5.8,6,7.7,5,37,3,10.3
"U48687",28,"Female","Business Owner","Android",8.8,5.7,2,7.5,9,47,5,11.2
"U48688",26,"Other","Freelancer","iOS",2.4,5.8,4,5.3,10,36,6,13
"U48689",50,"Other","Student","iOS",11.9,7.3,7,6.4,6,44,0,3.5
"U48690",19,"Other","Professional","Android",11.6,1.6,6,6.8,4,19,4,5.7
"U48691",23,"Male","Professional","Android",1.8,6.1,3,5,3,58,1,8.6
"U48692",47,"Male","Freelancer","Android",10.7,0.9,3,6.6,6,54,2,3.6
"U48693",49,"Male","Professional","Android",8.7,4.8,1,4.1,8,56,4,4.9
"U48694",23,"Female","Business Owner","Android",5.8,1.8,2,7,3,7,0,13.6
"U48695",19,"Female","Student","Android",10.9,7.5,9,8.5,10,39,1,7.7
"U48696",44,"Female","Freelancer","Android",5.4,4.1,10,6.9,6,48,1,7.4
"U48697",26,"Female","Student","iOS",1.8,3,7,6,7,43,6,3
"U48698",54,"Female","Student","iOS",8.4,2.6,5,5.2,8,15,0,2.6
"U48699",36,"Male","Professional","iOS",8.3,1.5,3,5.1,10,39,5,12.7
"U48700",41,"Other","Business Owner","iOS",10.6,1.6,2,6,3,57,5,4
"U48701",19,"Female","Freelancer","Android",5.4,2.3,8,6.1,3,22,6,2.6
"U48702",26,"Other","Business Owner","iOS",4.2,2.8,10,6.2,8,14,3,6.5
"U48703",42,"Female","Business Owner","Android",7.3,0.9,1,4.1,10,8,3,6
"U48704",60,"Female","Professional","iOS",6.9,6.8,7,5.8,6,34,2,11
"U48705",54,"Male","Freelancer","iOS",7,7.5,7,5.7,5,36,6,6.7
"U48706",36,"Other","Professional","iOS",3.7,1.7,7,5.2,5,38,4,7.9
"U48707",35,"Other","Freelancer","Android",1.8,6.7,4,4.3,7,41,4,7.4
"U48708",47,"Male","Student","Android",2.1,7.9,9,6.4,9,45,3,5.7
"U48709",32,"Other","Professional","Android",5.7,3.4,9,6.4,7,23,2,3.1
"U48710",41,"Male","Professional","Android",1.2,5.4,7,6,5,9,2,8.3
"U48711",60,"Other","Professional","iOS",8.6,0.9,4,5.2,6,47,4,6.5
"U48712",31,"Male","Business Owner","Android",5.8,5.1,8,4.8,2,29,6,5.4
"U48713",35,"Male","Student","iOS",11.3,1.2,7,8.2,1,51,0,3.7
"U48714",24,"Female","Business Owner","iOS",11,1,4,8.7,8,42,2,5.6
"U48715",59,"Female","Business Owner","iOS",11.5,4.1,10,6,7,29,4,2.2
"U48716",36,"Male","Professional","Android",4.8,1.9,6,8.3,10,12,4,4.4
"U48717",33,"Male","Business Owner","iOS",4.5,5.4,4,4.6,2,10,3,4.7
"U48718",57,"Female","Professional","Android",10.4,5,9,8.4,10,57,0,12.7
"U48719",22,"Female","Business Owner","iOS",8.2,3.1,2,6.2,2,23,0,10
"U48720",19,"Other","Professional","Android",10.2,6.5,7,4.3,6,55,6,13.6
"U48721",31,"Other","Business Owner","Android",2.1,7.1,9,6.7,8,10,4,7.5
"U48722",29,"Male","Freelancer","iOS",5.4,5,9,4.6,8,55,2,11.4
"U48723",33,"Female","Professional","iOS",6.8,6.2,2,4.9,3,12,4,6.3
"U48724",25,"Other","Professional","Android",4.3,1.2,10,5.1,5,55,0,3.5
"U48725",51,"Other","Business Owner","Android",3.6,2.3,2,4,3,7,1,7.8
"U48726",45,"Male","Freelancer","Android",3.2,1.4,8,4.4,4,41,4,7.6
"U48727",60,"Female","Freelancer","iOS",5.4,2.8,5,7.7,4,44,4,5.6
"U48728",45,"Male","Business Owner","iOS",3.2,5.4,5,5.3,3,32,5,12.9
"U48729",47,"Other","Professional","Android",8.5,1.9,7,6.3,3,38,6,3.4
"U48730",54,"Female","Student","iOS",4.6,5.4,4,4.2,2,7,5,5.7
"U48731",58,"Male","Business Owner","Android",5,5.4,6,7.7,1,58,0,12
"U48732",21,"Male","Freelancer","Android",10.8,6.7,7,7.1,3,5,0,9.6
"U48733",45,"Male","Professional","iOS",1.6,0.8,2,5.8,8,43,6,12.9
"U48734",45,"Female","Freelancer","Android",9.8,7.3,1,4.7,8,15,6,11.1
"U48735",58,"Other","Professional","Android",1.7,1.4,6,5.8,7,38,6,3.3
"U48736",49,"Other","Professional","iOS",6,2.1,4,7,6,27,5,12
"U48737",34,"Male","Freelancer","iOS",1,0.5,10,5.8,3,58,4,12.5
"U48738",48,"Other","Business Owner","iOS",3.1,2.2,1,7.7,3,22,2,5.8
"U48739",48,"Female","Business Owner","iOS",4.7,1.8,5,4.7,10,42,3,5.7
"U48740",59,"Female","Freelancer","iOS",8,0.7,8,4.6,9,47,2,9
"U48741",58,"Male","Student","iOS",9.7,4.6,1,5.1,4,50,5,8.6
"U48742",26,"Male","Professional","iOS",4.1,1.4,1,5.9,9,25,4,9.9
"U48743",21,"Male","Professional","iOS",4.4,3,3,7.3,3,41,0,12.6
"U48744",24,"Other","Freelancer","Android",4.1,4.5,4,7.9,5,27,4,7
"U48745",23,"Female","Student","Android",4.2,1.2,9,6.2,5,49,0,10.5
"U48746",60,"Male","Professional","iOS",7.5,1.2,2,6.3,10,40,1,13.7
"U48747",21,"Male","Freelancer","Android",3.3,1.4,7,4.2,9,50,3,5.7
"U48748",36,"Female","Professional","Android",8.5,3.2,8,5,5,9,3,3.3
"U48749",18,"Female","Freelancer","iOS",4.4,4.5,2,5.8,8,41,4,9.7
"U48750",53,"Male","Student","Android",11.9,1.1,7,5.1,9,58,0,10.5
"U48751",32,"Male","Freelancer","Android",7.9,3.5,8,4.5,8,43,1,13.4
"U48752",50,"Other","Student","iOS",3.8,3.6,5,8.3,8,35,4,12.1
"U48753",34,"Male","Student","iOS",2.2,1.3,6,7,1,57,5,13.5
"U48754",33,"Female","Freelancer","Android",10.7,5.7,4,6.9,8,20,2,5.3
"U48755",47,"Male","Student","iOS",6.8,3.8,4,6.6,4,6,5,6
"U48756",53,"Female","Freelancer","Android",4.8,6,9,4.8,2,54,0,2.7
"U48757",29,"Other","Professional","Android",2.9,0.8,4,4.5,7,5,2,2.1
"U48758",43,"Male","Student","Android",8.6,5.5,3,4.5,8,14,0,12.1
"U48759",19,"Other","Student","iOS",4.3,4.7,10,7.7,2,53,0,2.2
"U48760",23,"Other","Student","iOS",1.5,8,8,8.7,8,49,4,6.4
"U48761",59,"Male","Freelancer","Android",7.5,7.5,8,7.7,1,9,2,2.9
"U48762",52,"Female","Student","iOS",9.5,1,10,6.5,5,12,6,4.4
"U48763",46,"Male","Business Owner","Android",11.9,4.4,3,4.9,1,51,0,10.3
"U48764",48,"Female","Professional","iOS",9,3.1,3,6.1,5,44,3,9.3
"U48765",48,"Female","Freelancer","iOS",11.5,3.6,1,7.6,5,14,1,13.7
"U48766",57,"Male","Professional","iOS",10.8,4.4,10,6,7,44,3,8.3
"U48767",40,"Other","Student","iOS",7.9,2.2,6,7.3,9,54,0,5.9
"U48768",59,"Other","Student","iOS",3.3,5.6,3,4.4,8,30,4,4.5
"U48769",32,"Other","Professional","iOS",10.1,3,2,6.5,5,15,4,4.4
"U48770",30,"Female","Professional","iOS",11.1,5.2,9,6.8,7,6,3,2.5
"U48771",36,"Male","Business Owner","Android",1.4,1.6,10,5.4,5,47,6,3.8
"U48772",27,"Male","Business Owner","iOS",2.9,1.2,1,4.6,4,34,2,8.8
"U48773",26,"Female","Freelancer","Android",9,3,10,6.6,8,57,6,8.1
"U48774",38,"Female","Freelancer","iOS",11.6,5.7,5,8.5,5,51,0,8.5
"U48775",31,"Female","Freelancer","Android",4.5,5.2,6,7.4,10,10,6,10.2
"U48776",55,"Other","Professional","iOS",5.2,7.4,5,6.9,6,8,3,12.6
"U48777",32,"Male","Business Owner","iOS",7.7,3.7,6,4.5,6,17,4,11.4
"U48778",57,"Other","Professional","iOS",2.2,5.2,5,6.2,1,59,3,5.2
"U48779",26,"Female","Professional","iOS",2.5,1.1,10,8.3,1,40,0,12.3
"U48780",26,"Female","Student","Android",2.7,4.1,3,7.4,1,6,6,9.5
"U48781",34,"Male","Professional","Android",6.9,6.4,6,4.4,2,38,3,8.3
"U48782",26,"Female","Freelancer","iOS",1.6,7.9,2,5.1,7,30,5,5.8
"U48783",41,"Female","Student","iOS",10,2.6,10,4.5,8,33,0,9.5
"U48784",49,"Male","Freelancer","Android",8.3,4.1,3,5.4,6,52,3,6.7
"U48785",48,"Female","Student","iOS",5.4,1.2,1,4,6,21,3,10.6
"U48786",46,"Male","Student","iOS",11.3,0.7,1,4.7,9,54,3,11.9
"U48787",29,"Male","Freelancer","iOS",11.9,2.9,4,6.2,8,27,3,6.5
"U48788",47,"Other","Professional","iOS",2.9,4.3,7,4.7,9,27,4,9.7
"U48789",47,"Other","Professional","iOS",8.8,4.5,3,5.7,3,49,0,4.9
"U48790",34,"Female","Professional","Android",10,2.4,6,4.3,10,45,0,8.2
"U48791",41,"Female","Business Owner","iOS",7.4,0.9,4,8.8,5,21,6,10.5
"U48792",46,"Other","Business Owner","Android",6.1,2.5,8,8.4,2,15,6,6.2
"U48793",39,"Female","Student","Android",8.9,5.4,2,6.1,4,31,3,10.3
"U48794",21,"Female","Business Owner","iOS",2.8,1.1,6,7.3,10,56,0,10.3
"U48795",28,"Other","Business Owner","iOS",1.9,7.2,5,6.8,7,46,3,4.8
"U48796",24,"Other","Professional","Android",5.4,2.5,10,6.6,2,32,4,3.6
"U48797",60,"Female","Student","iOS",6,1.2,2,8.3,7,10,5,5.3
"U48798",51,"Male","Student","Android",9.8,6.1,3,6.8,2,28,5,6.5
"U48799",51,"Female","Professional","iOS",8.5,7.8,4,7.5,8,28,4,13.3
"U48800",40,"Other","Freelancer","iOS",3.2,4.7,6,8.9,8,23,5,9.9
"U48801",29,"Other","Business Owner","iOS",3.8,4.3,8,5.4,9,55,6,4.9
"U48802",23,"Other","Freelancer","Android",2.4,6,5,6.7,5,23,4,5.7
"U48803",24,"Female","Student","iOS",9.4,6.8,7,5.6,4,10,1,13.7
"U48804",36,"Male","Professional","iOS",6.2,4.2,2,7.1,7,31,5,13.9
"U48805",51,"Male","Professional","iOS",6.9,6,6,6.4,5,16,6,13.6
"U48806",37,"Other","Business Owner","Android",7.2,5.5,5,9,3,55,3,6.2
"U48807",45,"Other","Professional","Android",7.8,6.2,1,8.3,3,43,1,5.7
"U48808",20,"Male","Business Owner","Android",5.5,1.9,8,6.1,10,31,0,12.8
"U48809",32,"Male","Professional","iOS",2.9,4.2,9,8.3,5,33,5,3.2
"U48810",42,"Male","Business Owner","iOS",3.6,5.3,8,8.3,8,31,6,11.3
"U48811",30,"Female","Freelancer","Android",6.4,6.4,7,6.5,3,11,1,11.3
"U48812",51,"Other","Student","Android",1.5,4.3,2,6.4,10,17,3,2.4
"U48813",32,"Female","Student","iOS",5.7,5.1,3,8.5,9,16,4,10.3
"U48814",55,"Male","Business Owner","Android",9.3,5.8,4,6.4,3,52,3,13
"U48815",43,"Female","Professional","Android",5.1,6.7,6,7.7,2,58,2,7.9
"U48816",52,"Male","Student","iOS",3.3,6.5,8,5.5,10,41,0,13.5
"U48817",49,"Other","Business Owner","Android",9.8,5.4,8,5.6,6,48,6,2.5
"U48818",52,"Female","Professional","Android",8,1.5,9,7.4,1,12,5,3.5
"U48819",50,"Female","Professional","Android",10,4.8,8,7.4,3,14,1,10.8
"U48820",37,"Male","Freelancer","Android",3.1,7.8,1,4,10,19,3,3.8
"U48821",29,"Male","Business Owner","Android",7.9,6.1,8,8.8,3,7,0,13.9
"U48822",19,"Other","Business Owner","Android",10.7,2.2,8,5.8,5,22,6,13.9
"U48823",60,"Female","Student","iOS",9.4,6.9,10,6.4,3,39,1,9
"U48824",36,"Male","Freelancer","Android",10.6,0.6,7,4.9,7,5,0,10.3
"U48825",47,"Other","Professional","iOS",4.7,5.3,1,7.1,8,46,1,8.7
"U48826",39,"Other","Business Owner","iOS",4.4,4.5,8,8.6,8,33,3,7.2
"U48827",58,"Female","Student","iOS",5.6,4.5,3,6.8,3,23,5,13.4
"U48828",55,"Male","Professional","Android",8.6,6.5,7,8.7,1,37,6,4.6
"U48829",53,"Other","Professional","iOS",2.9,7.5,10,7.3,9,54,0,8.5
"U48830",33,"Other","Freelancer","Android",1.3,2.2,2,5.1,8,41,4,5
"U48831",41,"Male","Professional","iOS",4.4,7.5,2,8.3,4,56,0,6.1
"U48832",60,"Male","Student","iOS",8.4,7.8,8,6.3,10,37,0,8.5
"U48833",50,"Male","Professional","iOS",3.5,2.2,4,7.9,8,57,1,13.9
"U48834",56,"Female","Business Owner","Android",6,0.7,8,8.4,8,22,5,12.6
"U48835",37,"Male","Student","iOS",1.2,1.1,4,6.6,6,28,5,4.3
"U48836",46,"Other","Freelancer","iOS",4.1,0.5,6,8.1,9,52,4,10.9
"U48837",48,"Female","Business Owner","iOS",5.7,1.2,2,4.9,3,5,4,3.1
"U48838",21,"Other","Professional","Android",6.9,6,8,7.8,4,33,2,12.9
"U48839",42,"Male","Business Owner","Android",4.7,3,6,5.2,2,56,1,9.8
"U48840",54,"Male","Student","iOS",4.5,2.4,1,7.9,7,56,2,7.3
"U48841",33,"Male","Business Owner","iOS",2.8,7.6,7,5.2,10,59,5,5.6
"U48842",55,"Female","Student","Android",7.1,7.3,10,5.1,6,15,3,6.1
"U48843",29,"Male","Professional","Android",1.1,3.2,2,8.8,2,55,6,3.7
"U48844",51,"Other","Professional","iOS",7,3.7,5,8.6,2,7,1,5.9
"U48845",39,"Other","Professional","Android",11.9,6.9,5,6.1,10,32,5,12.1
"U48846",33,"Female","Student","iOS",5,6.6,5,4,5,51,5,8.4
"U48847",26,"Other","Freelancer","iOS",11.3,6.4,6,6.8,1,11,6,11.8
"U48848",59,"Male","Student","Android",7.9,2,1,5.5,2,20,2,9.6
"U48849",58,"Other","Student","Android",5,6.4,5,6.9,3,6,5,9.5
"U48850",21,"Female","Business Owner","Android",2.5,4.6,1,5.1,2,43,4,7.2
"U48851",27,"Female","Student","Android",3.1,7.2,5,4,10,48,6,4.8
"U48852",38,"Other","Freelancer","Android",4.9,5.9,7,6.3,9,59,3,8.8
"U48853",37,"Male","Business Owner","Android",12,3.8,7,7,5,42,6,5.6
"U48854",44,"Other","Student","iOS",3.8,2,2,4.7,1,8,6,2.3
"U48855",23,"Male","Freelancer","iOS",11.7,2.2,7,7.7,2,10,3,2.2
"U48856",44,"Female","Business Owner","iOS",10.8,4.5,6,7.3,4,58,2,12.7
"U48857",60,"Male","Professional","Android",8.8,7.3,9,4.9,7,21,2,12.5
"U48858",59,"Female","Business Owner","Android",2.2,5.2,5,4.3,8,44,3,13.3
"U48859",48,"Male","Student","Android",7.4,1.2,5,6.5,4,54,0,4.4
"U48860",55,"Male","Business Owner","Android",4.5,1.4,7,7.1,4,53,3,12.5
"U48861",36,"Male","Business Owner","Android",4.4,7.7,10,5.4,6,60,5,12.3
"U48862",44,"Female","Professional","iOS",4.6,2.2,6,8.8,8,11,6,2.2
"U48863",46,"Other","Professional","Android",1.3,6.4,10,7.7,8,13,4,3.4
"U48864",59,"Male","Professional","Android",8.8,7.2,6,6.8,2,46,3,7.7
"U48865",46,"Other","Business Owner","Android",3.5,4.8,9,7.6,1,10,1,10.5
"U48866",51,"Female","Student","Android",8.1,3.8,3,5.9,7,32,1,12.3
"U48867",60,"Female","Student","iOS",9.8,4,6,4.1,4,14,6,14
"U48868",22,"Female","Freelancer","iOS",7,6.9,1,8.6,6,30,2,8.3
"U48869",51,"Male","Professional","iOS",7.3,0.6,3,6.1,10,53,0,12.9
"U48870",54,"Male","Business Owner","Android",8.3,3.6,4,7.5,7,16,2,4.3
"U48871",51,"Other","Student","Android",5.7,5.8,5,5.7,6,54,0,3.2
"U48872",45,"Male","Business Owner","iOS",8.9,3,7,8.3,5,14,5,7.5
"U48873",31,"Male","Student","Android",4,6.5,7,5.1,10,10,3,4.5
"U48874",44,"Male","Student","iOS",2.7,5.1,5,7.9,2,19,6,3
"U48875",23,"Male","Freelancer","iOS",8,2.8,4,8.1,6,28,0,6.2
"U48876",32,"Male","Business Owner","iOS",4.5,6.5,7,5.9,9,38,6,5.9
"U48877",54,"Female","Professional","Android",1.7,6.4,7,4.6,9,56,6,5.3
"U48878",38,"Female","Business Owner","iOS",2.5,0.5,7,8.4,6,57,0,7.6
"U48879",57,"Male","Freelancer","Android",3.7,6.3,2,6.9,3,54,3,12.7
"U48880",36,"Male","Professional","iOS",10.6,7.5,9,5.7,3,7,3,5.2
"U48881",58,"Other","Freelancer","iOS",5.1,6,4,6.8,1,5,1,7.7
"U48882",38,"Male","Student","iOS",9.9,7.3,4,7.3,10,13,1,13.9
"U48883",55,"Male","Professional","Android",5.2,2.2,10,6.3,3,17,0,12.6
"U48884",26,"Other","Professional","iOS",9.2,4.2,2,7.3,7,37,2,6.2
"U48885",22,"Male","Professional","Android",7.9,0.6,7,6.6,5,43,5,6.4
"U48886",25,"Female","Business Owner","iOS",5.5,3.6,7,5.2,1,38,0,10.6
"U48887",53,"Female","Business Owner","iOS",4.5,0.7,4,6.6,5,47,3,8.2
"U48888",39,"Other","Student","Android",8.9,5.3,10,4.6,10,25,5,5.9
"U48889",46,"Male","Freelancer","Android",9.5,5,1,8,4,25,5,5.2
"U48890",29,"Female","Business Owner","Android",11,7.2,4,6.5,7,29,3,3.5
"U48891",32,"Female","Business Owner","Android",7.3,7.6,10,8.6,6,44,0,7.6
"U48892",58,"Male","Professional","Android",7.4,6.3,10,5.3,7,22,5,7.4
"U48893",39,"Other","Business Owner","Android",4.1,3.7,2,5.7,3,14,4,8.8
"U48894",58,"Other","Business Owner","iOS",3.1,4.8,2,4.5,1,8,5,3.9
"U48895",21,"Female","Student","iOS",8.7,6.8,10,8.5,10,25,0,11.5
"U48896",23,"Female","Freelancer","iOS",11.9,1.4,3,8.1,5,23,3,5.8
"U48897",57,"Other","Business Owner","Android",3.5,7.6,8,7.1,3,31,5,11.8
"U48898",35,"Male","Freelancer","iOS",3.9,3,6,4.5,8,45,4,9.3
"U48899",47,"Male","Freelancer","Android",9.8,4.6,8,5.8,2,25,3,3
"U48900",31,"Other","Professional","iOS",4.1,4.6,9,8.3,7,44,5,8.4
"U48901",49,"Other","Student","iOS",11.1,5.7,1,6.5,6,40,2,13.2
"U48902",49,"Other","Freelancer","Android",4.3,3.5,4,8.5,10,10,3,5.3
"U48903",54,"Female","Business Owner","iOS",5.4,4.6,7,4.1,7,6,6,9
"U48904",45,"Female","Business Owner","Android",6.8,2.6,3,5,5,8,1,7.8
"U48905",26,"Other","Professional","Android",11.3,3.7,7,7.5,9,14,0,12.4
"U48906",43,"Male","Professional","Android",6.9,6.1,9,6.1,3,24,0,8.6
"U48907",30,"Male","Business Owner","Android",9.4,5.4,2,8.6,8,52,3,5.6
"U48908",50,"Other","Business Owner","iOS",3.3,2.9,4,8.5,8,54,6,4
"U48909",55,"Other","Professional","Android",7.3,4.1,1,7.9,4,43,1,8.6
"U48910",42,"Male","Student","Android",5.8,1,8,7,5,53,5,5.8
"U48911",40,"Female","Freelancer","iOS",2.1,1.5,4,6.6,9,59,1,9.4
"U48912",36,"Other","Professional","iOS",3.6,5.6,3,4.3,6,41,0,5
"U48913",54,"Male","Student","Android",2.2,6.2,3,8.6,9,29,1,12.1
"U48914",57,"Male","Business Owner","Android",7.8,6.6,8,5.5,5,47,6,3.5
"U48915",49,"Other","Business Owner","Android",2.8,7.6,5,4.6,1,47,4,13.9
"U48916",47,"Female","Professional","iOS",5.4,0.9,8,8.5,5,5,2,6.7
"U48917",54,"Female","Professional","Android",12,3.8,9,5.5,10,11,4,12.8
"U48918",23,"Other","Student","Android",5.4,7.1,8,6.7,9,51,3,3.7
"U48919",48,"Male","Freelancer","Android",4.2,4.7,9,6.7,1,48,3,8.5
"U48920",53,"Other","Freelancer","iOS",9.7,6.8,7,5.5,8,40,5,8.1
"U48921",58,"Female","Student","iOS",9.8,4.8,7,7.8,7,10,6,7.9
"U48922",58,"Female","Business Owner","iOS",9.3,2.2,9,5.5,4,40,4,8.7
"U48923",27,"Male","Freelancer","Android",6.1,2,3,4,6,23,6,2.8
"U48924",26,"Female","Student","iOS",4.8,6.6,7,6.8,7,7,5,4.7
"U48925",19,"Male","Freelancer","iOS",11.2,2.7,5,6.7,2,11,0,3.4
"U48926",20,"Female","Student","iOS",11.9,1.6,4,4.2,8,37,5,13.5
"U48927",53,"Female","Business Owner","Android",8.7,1.6,9,7.7,1,45,6,10.8
"U48928",59,"Male","Freelancer","Android",10.2,7.4,10,4.8,9,38,1,11.5
"U48929",25,"Other","Business Owner","Android",11.5,6.1,1,7.3,6,15,3,3.5
"U48930",19,"Male","Student","iOS",1.4,5.3,7,4.1,3,9,3,11.4
"U48931",19,"Other","Business Owner","iOS",1.6,7.2,8,8.6,10,9,6,13.2
"U48932",24,"Other","Student","Android",2,4.4,3,7.6,9,40,4,2.7
"U48933",34,"Female","Freelancer","Android",9.7,4.9,8,7.3,3,54,5,6.7
"U48934",29,"Other","Student","iOS",4.1,6.9,10,7.4,1,7,4,11.7
"U48935",50,"Male","Professional","Android",10.9,1.5,9,4.1,2,17,0,8.8
"U48936",44,"Female","Student","iOS",10,5.5,10,4.7,4,36,1,13.9
"U48937",60,"Female","Freelancer","iOS",5.1,6.1,9,4,4,6,3,9.1
"U48938",44,"Female","Professional","iOS",3.2,7.4,3,7.5,7,32,5,4.8
"U48939",56,"Male","Professional","Android",10.9,2.6,10,6.5,9,27,1,2.6
"U48940",21,"Male","Student","iOS",7.8,3.5,3,7.5,10,23,0,9.4
"U48941",43,"Female","Business Owner","iOS",11.9,3.7,10,8,6,34,6,8.7
"U48942",29,"Other","Professional","iOS",2,7.5,1,6.9,9,48,1,12.5
"U48943",38,"Other","Business Owner","iOS",11,4.8,1,5.2,2,49,4,7.2
"U48944",23,"Other","Business Owner","iOS",6.6,0.7,6,6.6,3,51,6,2.8
"U48945",38,"Female","Business Owner","iOS",5,3.8,4,6.3,9,47,5,12
"U48946",49,"Other","Business Owner","Android",10.8,7.4,8,8.7,1,38,2,5.3
"U48947",38,"Male","Freelancer","Android",10.6,4.5,10,5.1,8,25,0,5.1
"U48948",55,"Other","Freelancer","iOS",1.6,7.7,1,6.9,5,51,5,4.8
"U48949",39,"Female","Student","iOS",3.6,5.2,5,4.5,2,40,5,12.7
"U48950",24,"Other","Student","iOS",10.9,1.6,8,5.2,4,41,5,6.6
"U48951",34,"Other","Business Owner","iOS",7.9,2.2,5,8.4,3,36,5,9.1
"U48952",55,"Male","Student","iOS",10.5,1.3,8,7.7,5,18,0,13.2
"U48953",20,"Male","Business Owner","iOS",10.7,6.4,6,4.7,9,55,4,2
"U48954",54,"Male","Business Owner","Android",6.3,5.1,3,4.8,5,19,6,8.1
"U48955",43,"Other","Business Owner","iOS",7.8,7.4,7,7.7,1,7,1,4.1
"U48956",46,"Female","Student","iOS",8.5,4.8,9,5.9,3,52,6,12.9
"U48957",24,"Other","Business Owner","iOS",6.1,3.2,10,6.7,6,51,4,3.2
"U48958",58,"Other","Professional","Android",6.8,4.1,3,4.3,3,18,0,13.5
"U48959",60,"Other","Student","iOS",5.7,4.3,4,7.9,2,53,4,10.4
"U48960",18,"Male","Business Owner","Android",11.2,4,4,6.2,10,13,0,5.9
"U48961",60,"Male","Professional","iOS",5.5,6,5,8.1,7,18,5,6.9
"U48962",50,"Other","Business Owner","iOS",1.8,5.8,6,8.8,2,59,3,7.5
"U48963",18,"Female","Freelancer","Android",9.6,3.4,6,7.6,10,60,2,6.7
"U48964",18,"Male","Business Owner","Android",9,6.4,10,7.8,4,24,4,5.6
"U48965",34,"Female","Professional","iOS",7.8,3.9,8,6.9,1,53,1,12.4
"U48966",58,"Other","Business Owner","Android",11.4,2.3,8,7.2,9,7,2,4.3
"U48967",40,"Other","Freelancer","Android",10.5,4.5,10,7,9,47,3,10.7
"U48968",50,"Female","Student","Android",9.5,3.6,3,6.9,9,10,1,5
"U48969",48,"Female","Freelancer","Android",3.3,6.6,3,6.9,9,10,6,10.1
"U48970",29,"Male","Business Owner","iOS",7,4.6,4,8.4,3,19,2,2.7
"U48971",35,"Male","Freelancer","Android",1.7,6.2,6,9,10,13,1,12.5
"U48972",28,"Other","Student","Android",9.7,1.6,2,8.7,9,29,3,6.4
"U48973",60,"Other","Business Owner","iOS",6,6.4,2,5.2,1,54,0,6.2
"U48974",29,"Other","Freelancer","iOS",2.2,4.6,4,7.3,6,53,0,11.6
"U48975",48,"Male","Professional","iOS",10.9,5.5,2,5.8,5,17,5,8.7
"U48976",59,"Male","Student","iOS",1.6,7.5,9,6.8,5,34,2,6.3
"U48977",36,"Female","Student","Android",11.9,0.8,5,5.9,9,32,5,9.1
"U48978",55,"Female","Student","iOS",10.9,5.5,1,6.7,3,37,4,9.7
"U48979",43,"Female","Professional","Android",6.4,5,4,6.6,2,21,1,9.9
"U48980",45,"Other","Professional","Android",6.3,0.7,1,5.2,6,10,0,2.6
"U48981",40,"Male","Professional","Android",9.6,6.3,1,9,10,16,0,4.9
"U48982",60,"Other","Business Owner","iOS",1.8,2.9,4,4,3,12,5,7.4
"U48983",26,"Male","Freelancer","iOS",2.5,8,7,6,5,52,5,11.6
"U48984",57,"Female","Professional","Android",7.8,6.6,9,4.4,7,60,6,7.7
"U48985",37,"Other","Professional","iOS",7.5,6.8,9,5.4,10,10,0,8.7
"U48986",51,"Male","Business Owner","Android",10.4,3.2,8,4.2,7,57,0,9.6
"U48987",30,"Female","Student","iOS",10.8,5,2,5.9,10,52,5,11.2
"U48988",20,"Female","Student","iOS",8.4,1.8,1,8.7,6,56,1,4
"U48989",40,"Female","Freelancer","Android",5.3,4.7,5,8.2,10,44,4,7.1
"U48990",25,"Female","Business Owner","iOS",1,7.2,1,8.4,7,44,6,5.8
"U48991",47,"Other","Professional","iOS",6.2,0.7,6,8.2,2,55,2,9.7
"U48992",25,"Female","Professional","Android",7,5,2,7.9,10,10,2,11.3
"U48993",55,"Other","Business Owner","iOS",7.9,7.1,4,7.8,1,31,4,8.2
"U48994",47,"Female","Professional","iOS",11.3,4.7,2,8.8,4,22,2,10.7
"U48995",27,"Female","Business Owner","Android",3,8,9,7.1,10,13,0,13.1
"U48996",39,"Other","Freelancer","iOS",5,6.5,8,4.4,8,12,3,4
"U48997",22,"Other","Student","Android",5.8,6.3,2,7.9,5,24,4,11.1
"U48998",29,"Female","Business Owner","Android",6.3,5.8,4,8.7,7,33,6,6.3
"U48999",59,"Other","Professional","Android",3.6,7.3,9,8.8,3,34,5,7.4
"U49000",31,"Other","Freelancer","Android",3.4,0.7,7,7.8,10,13,3,5.5
"U49001",34,"Male","Freelancer","Android",10.5,4.5,4,6,2,40,6,4.3
"U49002",31,"Female","Freelancer","iOS",3.9,1.8,5,7.9,1,7,1,5.9
"U49003",33,"Other","Professional","Android",1.7,2.4,3,8.4,9,49,5,5
"U49004",38,"Other","Student","Android",5.6,4.2,10,4.4,7,49,3,4.5
"U49005",32,"Female","Business Owner","Android",9.8,1.5,1,4.4,5,45,6,3.7
"U49006",45,"Other","Freelancer","iOS",3.2,2.5,1,8.5,10,11,5,10.7
"U49007",47,"Female","Freelancer","Android",2.6,1.1,2,5.6,10,43,5,8.6
"U49008",41,"Male","Student","iOS",8.5,3.6,1,5.9,4,54,5,11.7
"U49009",46,"Male","Student","Android",5.5,3,8,8.7,7,36,2,2.1
"U49010",48,"Female","Professional","Android",8.9,5.4,8,7.3,6,23,5,5.5
"U49011",49,"Male","Professional","iOS",10.2,2.2,1,5.4,10,24,2,12.8
"U49012",46,"Other","Business Owner","Android",7.4,0.9,8,6.6,10,14,4,12.8
"U49013",31,"Male","Student","Android",1.9,4.2,8,8.5,10,48,6,4.1
"U49014",34,"Male","Student","iOS",9,2.9,8,5.5,3,30,5,11.7
"U49015",26,"Other","Freelancer","Android",5.3,5.7,10,8.2,8,38,5,5.1
"U49016",42,"Other","Professional","Android",7.5,7.1,1,8.9,9,30,2,6.2
"U49017",39,"Male","Business Owner","iOS",11,1.6,4,7.9,3,29,0,9.1
"U49018",52,"Female","Business Owner","iOS",4.2,1,4,7.3,1,18,0,8.2
"U49019",48,"Male","Student","iOS",6.3,2.1,8,7.3,7,59,5,6.6
"U49020",38,"Female","Freelancer","Android",9.3,4.7,3,8.5,2,23,6,13
"U49021",21,"Male","Business Owner","iOS",3.7,0.7,4,8.5,5,60,5,6.5
"U49022",31,"Other","Freelancer","iOS",4.8,4.2,10,4.2,6,52,2,10.2
"U49023",60,"Female","Professional","Android",7.5,5.9,3,6.7,10,59,6,6.8
"U49024",22,"Male","Business Owner","Android",8.9,4.4,4,8,5,56,2,8.9
"U49025",18,"Other","Business Owner","iOS",3,2.5,9,4.9,5,51,3,5.2
"U49026",37,"Other","Professional","iOS",9.1,4.4,8,5.8,7,22,1,12.5
"U49027",59,"Other","Business Owner","Android",9.1,7.8,4,7.7,1,41,0,10.3
"U49028",55,"Female","Freelancer","iOS",7,3.9,2,5.4,6,52,4,4.7
"U49029",46,"Female","Business Owner","Android",7.6,2.2,3,7.7,9,35,6,3.8
"U49030",56,"Female","Student","Android",1.3,3,8,7.2,5,32,6,3
"U49031",23,"Female","Freelancer","Android",9.9,3.9,7,5.2,8,25,5,11
"U49032",34,"Female","Professional","Android",10,4.6,7,4.3,4,21,6,3
"U49033",18,"Other","Freelancer","Android",3.9,1.2,10,8.6,7,32,2,13.7
"U49034",48,"Female","Professional","iOS",6.6,5.1,5,7.3,6,5,6,13.3
"U49035",48,"Male","Business Owner","Android",5.3,2.3,6,7.3,5,35,0,7.8
"U49036",22,"Female","Student","Android",6.3,6.1,8,4.2,3,16,2,12.7
"U49037",58,"Female","Professional","Android",2.9,3.3,6,5.8,8,17,3,12.5
"U49038",58,"Other","Student","Android",9.9,6.7,7,5.3,3,52,1,8.4
"U49039",29,"Male","Student","Android",2.6,4,2,7.3,7,29,3,8.7
"U49040",50,"Female","Student","iOS",8.7,1.8,4,5.7,5,23,3,4.9
"U49041",19,"Male","Freelancer","Android",8.2,6.7,9,4.9,5,32,4,5.6
"U49042",44,"Male","Freelancer","Android",11.9,3.8,4,7.9,7,56,3,11.5
"U49043",23,"Other","Freelancer","iOS",6.4,5.1,5,6.9,7,11,2,12.7
"U49044",60,"Other","Freelancer","iOS",3.4,4.6,2,8.5,2,10,2,5.8
"U49045",54,"Female","Professional","iOS",2.4,2.8,1,6.9,5,11,1,5.5
"U49046",56,"Male","Professional","Android",10.8,4.3,3,8.3,9,33,6,6.1
"U49047",20,"Female","Freelancer","iOS",6.5,5,6,5.1,7,23,2,10.8
"U49048",48,"Female","Student","iOS",10.4,6.4,8,4.5,2,46,3,3
"U49049",34,"Male","Freelancer","iOS",6.9,6,2,8.1,7,48,3,2.6
"U49050",43,"Other","Professional","Android",1.4,2.2,2,6.6,2,56,6,4.8
"U49051",43,"Female","Freelancer","Android",7.2,3.9,2,7.8,5,19,5,6.7
"U49052",44,"Male","Freelancer","Android",8.8,5.3,6,8.1,6,59,4,13.5
"U49053",56,"Male","Student","Android",11.7,7.8,7,8.6,1,11,4,8.7
"U49054",49,"Other","Freelancer","iOS",6.3,6.4,5,7.1,10,11,6,10.3
"U49055",60,"Other","Freelancer","Android",10.8,7.3,6,5.7,7,47,3,10.3
"U49056",35,"Other","Business Owner","Android",5.9,6.7,9,6.2,10,42,6,4.8
"U49057",48,"Male","Student","iOS",10.5,5.5,6,8.3,3,18,6,2.8
"U49058",27,"Male","Business Owner","Android",6.7,5,5,8.5,5,32,4,7.7
"U49059",23,"Female","Freelancer","Android",3.5,2.3,8,8.8,4,8,1,10.8
"U49060",47,"Other","Freelancer","iOS",6.1,8,7,6.6,8,39,0,13.9
"U49061",25,"Male","Professional","iOS",3.9,1.3,3,6,10,20,0,11.7
"U49062",28,"Female","Student","Android",9.6,3.7,2,7.5,4,24,1,2.1
"U49063",36,"Other","Professional","Android",11.8,7.2,5,5.6,6,22,6,8
"U49064",32,"Male","Professional","Android",3.5,3.5,7,8,2,13,6,5.5
"U49065",41,"Male","Professional","Android",7.6,4,3,7.5,6,43,5,9
"U49066",42,"Other","Freelancer","iOS",2.8,1.5,2,4.3,4,12,4,10
"U49067",45,"Male","Student","Android",8.9,3.7,6,8.4,3,17,6,8
"U49068",50,"Male","Freelancer","iOS",11.9,5.3,4,5.4,1,25,6,11.1
"U49069",60,"Other","Business Owner","Android",11.6,4,9,8.5,5,28,0,7.9
"U49070",33,"Male","Freelancer","iOS",10.2,6.6,4,8.1,3,49,4,4.9
"U49071",21,"Other","Professional","Android",8.4,6.3,4,7.1,8,30,5,7.8
"U49072",31,"Male","Student","Android",7.9,4.5,9,4.3,1,45,1,6.6
"U49073",27,"Female","Student","iOS",10.7,6.3,1,6.3,2,14,3,10.2
"U49074",40,"Male","Student","Android",9.8,1.4,2,7.6,10,13,6,2.4
"U49075",30,"Other","Student","iOS",11.6,5.5,4,6.2,10,51,3,8.1
"U49076",42,"Female","Business Owner","Android",5.8,4.4,2,6.7,4,47,5,7
"U49077",54,"Other","Professional","iOS",2,6.3,4,6.1,10,48,1,10
"U49078",41,"Female","Student","iOS",10.4,2.3,4,9,9,18,2,8.2
"U49079",27,"Other","Student","iOS",10.6,6.8,10,5.1,10,25,0,13.4
"U49080",41,"Male","Freelancer","Android",5.5,3.5,3,6.1,8,7,4,5.8
"U49081",38,"Other","Professional","iOS",3.4,1,1,8,9,28,0,10.6
"U49082",52,"Other","Professional","Android",11.6,7.2,1,8.7,8,50,5,11.1
"U49083",46,"Male","Business Owner","Android",2.2,0.8,4,9,6,21,4,13
"U49084",42,"Female","Freelancer","Android",11.1,1.5,8,7,8,46,3,5.9
"U49085",49,"Female","Professional","iOS",8.6,4.5,9,6.2,1,38,4,8.3
"U49086",31,"Female","Professional","Android",8.9,3.3,7,7.2,8,30,5,13.9
"U49087",38,"Other","Professional","iOS",3,4.2,10,6.7,2,32,5,3.9
"U49088",18,"Other","Professional","Android",3.7,5.9,5,5.4,7,55,6,13.5
"U49089",48,"Other","Professional","Android",5.7,5,4,8.4,3,32,0,2.6
"U49090",53,"Male","Student","iOS",8.1,7.9,1,6.8,1,16,2,6.7
"U49091",23,"Other","Business Owner","iOS",7.1,3.7,9,8.4,7,37,0,5.4
"U49092",21,"Other","Professional","Android",8.6,2.3,9,8.2,9,19,3,5.6
"U49093",60,"Other","Freelancer","iOS",5.8,7.3,3,5.2,10,11,6,9.9
"U49094",49,"Male","Business Owner","iOS",6.2,6.8,4,4.6,5,21,2,2.2
"U49095",29,"Male","Professional","iOS",5.9,7.7,10,5,7,37,5,3.2
"U49096",51,"Other","Student","iOS",11,2.5,8,8.1,9,30,1,3.6
"U49097",32,"Other","Freelancer","iOS",4.8,6.8,1,4.7,9,5,4,12.7
"U49098",59,"Female","Freelancer","Android",6.4,0.7,2,5.9,6,11,3,12.2
"U49099",56,"Other","Student","Android",9.7,5.9,7,8.8,6,6,6,6.3
"U49100",37,"Male","Business Owner","iOS",4.8,1.1,6,7.4,2,53,2,7.4
"U49101",47,"Female","Student","Android",4.3,4.4,6,4.2,2,19,2,6
"U49102",42,"Female","Business Owner","iOS",5.8,2.1,6,6.5,1,45,4,7.9
"U49103",35,"Male","Freelancer","iOS",11.5,1.2,3,5.8,5,49,5,5.6
"U49104",44,"Other","Business Owner","iOS",5.1,4,10,6.4,2,58,3,2.2
"U49105",22,"Female","Business Owner","iOS",6.5,3.4,1,7.5,1,32,0,10.9
"U49106",29,"Male","Freelancer","Android",3.9,7.7,10,6.5,5,20,5,8.1
"U49107",42,"Female","Professional","iOS",5.3,7.2,1,6,5,58,1,6.6
"U49108",23,"Male","Professional","iOS",2.6,4.8,9,6.7,9,43,1,13.7
"U49109",34,"Female","Student","Android",10.2,3.4,5,6.5,1,14,3,4.6
"U49110",57,"Other","Professional","Android",5.1,6,7,5.9,9,59,5,6.9
"U49111",58,"Female","Professional","Android",9.7,3.4,6,4.3,5,15,3,5.7
"U49112",56,"Female","Student","iOS",11.8,7.9,9,6.8,4,39,1,10.7
"U49113",31,"Female","Student","Android",5.5,1.9,1,5.5,7,58,6,8.3
"U49114",60,"Female","Professional","Android",10.7,7.9,5,7.1,1,15,5,4.2
"U49115",43,"Female","Business Owner","Android",11,3,9,7.4,3,39,5,7.9
"U49116",60,"Other","Business Owner","Android",2.5,1.8,9,7.5,1,10,2,2.7
"U49117",33,"Male","Student","iOS",6.6,6.3,10,4.8,5,39,0,13.6
"U49118",24,"Female","Professional","Android",4,1.3,2,4.3,7,44,1,13
"U49119",54,"Female","Business Owner","Android",3.9,1.9,8,7.3,10,17,0,11.9
"U49120",43,"Female","Professional","iOS",7.4,1.7,7,7.2,3,14,0,6
"U49121",29,"Other","Business Owner","iOS",7.1,7.4,9,5.8,5,42,3,5.2
"U49122",46,"Male","Professional","iOS",11.9,7.1,10,8,2,8,5,11.6
"U49123",39,"Other","Business Owner","Android",9.6,4.9,7,5.6,7,7,3,11.5
"U49124",43,"Other","Freelancer","iOS",3.8,3.5,9,6.8,3,36,6,8.1
"U49125",37,"Female","Professional","Android",10,7.8,8,4.1,1,46,6,4.9
"U49126",34,"Other","Business Owner","Android",11.7,5,4,4.5,10,55,4,13.6
"U49127",32,"Female","Student","Android",6.8,4,9,5.3,9,38,2,9.1
"U49128",55,"Female","Professional","Android",7.6,1.9,7,6.1,5,29,4,13.9
"U49129",20,"Other","Student","Android",1.8,5.3,1,7.8,1,44,6,3
"U49130",55,"Female","Professional","Android",5.7,7.7,8,4.2,10,14,5,4.7
"U49131",38,"Male","Freelancer","iOS",11.3,4.6,10,6.1,1,5,5,11.8
"U49132",22,"Male","Professional","iOS",2.3,4.3,8,5.3,9,6,0,6.3
"U49133",58,"Male","Professional","iOS",4,6.5,8,8.1,10,13,6,12.8
"U49134",56,"Female","Student","Android",4.2,5.3,2,6.9,9,51,3,13.7
"U49135",39,"Male","Freelancer","iOS",9,7.1,7,5.9,9,30,2,4.1
"U49136",43,"Male","Student","Android",5.6,3.3,4,4,2,54,1,3.6
"U49137",43,"Other","Freelancer","iOS",5.5,2.3,9,8,2,28,6,8.7
"U49138",31,"Male","Business Owner","Android",8.4,7.5,8,5,3,22,1,3.7
"U49139",19,"Female","Student","Android",7.1,5.7,10,7.3,3,16,6,6
"U49140",21,"Male","Student","Android",3.8,6.2,7,4,6,53,2,4.2
"U49141",59,"Male","Business Owner","Android",10.5,5.7,6,4.9,2,50,0,8.4
"U49142",43,"Male","Business Owner","Android",11.3,3.9,9,4.2,10,42,1,2.5
"U49143",30,"Female","Professional","Android",5.1,1.9,9,4.1,9,45,1,5.6
"U49144",42,"Other","Business Owner","iOS",10.1,6.5,8,4.9,6,36,2,5.1
"U49145",27,"Female","Business Owner","Android",3.9,7.4,3,4.3,3,51,2,2.1
"U49146",25,"Other","Business Owner","Android",11.3,1.7,5,7.2,4,5,4,11.2
"U49147",21,"Other","Freelancer","iOS",7.2,3.4,3,7.2,2,22,3,7
"U49148",40,"Female","Business Owner","iOS",4.5,7.2,9,5.8,4,26,1,7.1
"U49149",22,"Female","Student","Android",9,4.4,1,6.9,9,45,3,6.6
"U49150",42,"Female","Professional","iOS",7.4,0.7,10,7,2,13,1,6
"U49151",34,"Female","Freelancer","iOS",9.2,3.2,2,6.7,1,31,1,3.2
"U49152",21,"Female","Professional","iOS",3.9,7.4,7,5,7,10,2,11.5
"U49153",46,"Other","Student","iOS",4.5,1.8,10,4.1,3,18,5,6
"U49154",50,"Male","Student","Android",5.7,7.6,4,8.9,1,60,5,9.8
"U49155",47,"Other","Professional","Android",10.2,2.7,4,6.9,3,46,2,7.8
"U49156",59,"Male","Professional","iOS",5.9,4.5,10,7.1,6,10,3,13.4
"U49157",21,"Male","Professional","iOS",3.5,4.5,1,8.4,10,41,6,13.9
"U49158",37,"Male","Professional","Android",2.4,2.6,3,8.4,8,22,3,6.3
"U49159",50,"Other","Student","iOS",8.3,3.9,1,8.2,3,36,2,2.5
"U49160",24,"Female","Freelancer","iOS",7.5,6,9,4,4,24,0,2.1
"U49161",23,"Female","Freelancer","iOS",9.4,2.3,7,8.5,1,49,0,11.6
"U49162",31,"Male","Professional","Android",11.4,7.2,9,8,8,38,2,13.4
"U49163",59,"Female","Professional","Android",8.7,3.9,3,8,8,35,5,11.4
"U49164",41,"Female","Freelancer","Android",5,6.4,4,4.9,10,49,0,5
"U49165",30,"Female","Freelancer","iOS",4,6.8,1,8.6,9,32,2,6.3
"U49166",48,"Female","Student","iOS",2.5,4,8,4.8,4,45,0,8.9
"U49167",58,"Female","Freelancer","iOS",2.2,5.6,6,7.4,9,26,6,4.5
"U49168",60,"Other","Professional","Android",4.2,5.2,9,4,8,31,6,3.7
"U49169",58,"Female","Freelancer","iOS",8.3,3.1,9,5.4,4,34,3,6.3
"U49170",33,"Other","Business Owner","Android",4.9,5.9,5,6.8,3,46,3,13.7
"U49171",56,"Female","Professional","iOS",5.9,6.2,4,4.2,5,14,6,3.9
"U49172",44,"Other","Business Owner","iOS",6,6.5,1,6.3,1,8,2,2.4
"U49173",41,"Male","Business Owner","iOS",1.6,2.2,4,4.8,8,25,5,10.5
"U49174",28,"Male","Business Owner","Android",8.3,7.5,7,6.8,4,13,4,11.5
"U49175",48,"Other","Professional","iOS",7,1.3,6,7.4,3,24,4,3.1
"U49176",58,"Other","Freelancer","iOS",9.7,1.6,10,6.5,1,48,6,10.8
"U49177",28,"Other","Business Owner","Android",5.5,6.2,4,6.9,8,30,1,10.1
"U49178",56,"Male","Student","Android",4.7,3.3,4,5,1,40,1,2.7
"U49179",38,"Female","Business Owner","Android",7.8,5.4,6,4.5,3,15,6,6.6
"U49180",55,"Female","Business Owner","iOS",10,4.7,7,6,8,15,1,8.6
"U49181",52,"Female","Student","Android",9.4,0.5,5,5,9,44,4,8.5
"U49182",43,"Male","Professional","Android",1.6,1.4,9,8.1,6,44,2,7.5
"U49183",46,"Male","Student","iOS",5.2,5,10,7.3,1,51,0,12.5
"U49184",47,"Female","Freelancer","iOS",4.2,5.2,7,5.5,10,54,2,2.5
"U49185",48,"Male","Professional","iOS",1.2,7.5,2,6.9,6,30,0,9.7
"U49186",21,"Female","Business Owner","iOS",4.2,5.3,7,6.9,9,50,2,5.3
"U49187",39,"Male","Student","Android",6.4,4.2,4,6.1,3,35,6,9.9
"U49188",41,"Female","Business Owner","iOS",10.6,3.6,9,7,1,46,5,6.5
"U49189",37,"Male","Professional","iOS",4.1,0.5,3,7.6,3,9,1,10.2
"U49190",51,"Male","Freelancer","Android",4.5,5.7,10,4.2,2,44,4,7.1
"U49191",55,"Other","Professional","Android",9.8,3.6,7,8.4,3,46,1,10.7
"U49192",55,"Male","Freelancer","Android",6.5,7.7,10,8.5,9,7,0,6
"U49193",20,"Other","Student","iOS",2.5,5.9,9,4.8,3,32,2,2.6
"U49194",48,"Female","Business Owner","Android",6.8,2.4,10,8.7,9,53,4,8.5
"U49195",23,"Male","Professional","iOS",4.1,2.3,2,4.6,4,37,0,12.1
"U49196",29,"Other","Freelancer","Android",1.6,2.6,7,5.7,2,52,6,8.1
"U49197",55,"Other","Freelancer","iOS",11.8,7.2,7,5,5,16,4,9.2
"U49198",56,"Male","Professional","iOS",9.6,4.8,8,8,7,49,1,5
"U49199",42,"Other","Freelancer","Android",3.6,1.6,10,7.9,5,50,2,8
"U49200",56,"Female","Student","Android",2,3.1,4,7.6,5,21,1,8.5
"U49201",56,"Other","Professional","Android",2.4,4,3,7.4,2,41,3,2.1
"U49202",24,"Other","Business Owner","iOS",4.4,6.3,7,8.6,8,30,6,8.1
"U49203",38,"Male","Freelancer","iOS",5.4,3.3,6,7.6,1,57,0,9.9
"U49204",36,"Other","Professional","Android",8.9,7.8,1,7.3,4,56,4,7
"U49205",53,"Other","Student","iOS",1.9,1.9,2,8.4,5,37,6,7.1
"U49206",29,"Other","Student","iOS",5.7,4.8,10,8.2,9,59,0,4
"U49207",48,"Other","Business Owner","Android",11.4,7,7,8.4,5,41,6,2.2
"U49208",18,"Female","Professional","Android",8.7,7.1,10,5,2,13,0,11.8
"U49209",21,"Female","Business Owner","iOS",6.1,4.6,7,8.1,2,29,2,12.4
"U49210",60,"Other","Student","iOS",8.7,7.5,3,5,7,13,1,6.5
"U49211",26,"Male","Student","Android",12,0.9,7,8.6,10,36,3,11.8
"U49212",54,"Other","Freelancer","Android",2.8,5.8,8,5.5,10,18,3,5.1
"U49213",33,"Female","Student","Android",4.7,4.5,2,7.2,8,17,4,12.3
"U49214",31,"Other","Business Owner","Android",1.7,4.1,3,4.3,4,55,6,12.1
"U49215",24,"Male","Student","iOS",3.2,1.2,6,5.8,9,23,1,4.7
"U49216",31,"Female","Professional","Android",8.3,1.8,5,4.4,3,37,2,13.8
"U49217",26,"Female","Student","iOS",3.1,1,1,6.5,9,32,2,9.1
"U49218",43,"Male","Student","iOS",9.4,6.3,8,6.2,4,41,1,8.5
"U49219",50,"Male","Freelancer","iOS",8.1,2.6,7,8.8,5,10,0,4.1
"U49220",54,"Male","Student","Android",4.4,6.5,8,6.2,4,11,0,7.2
"U49221",30,"Female","Freelancer","iOS",4.3,6.1,8,4.5,9,48,6,5.2
"U49222",48,"Other","Business Owner","Android",9.8,6.3,10,6.1,2,53,1,8.2
"U49223",34,"Other","Professional","Android",9.3,1.5,5,5.7,9,31,4,7.6
"U49224",44,"Female","Professional","iOS",9.4,1.7,2,5.8,6,31,6,11.4
"U49225",19,"Male","Freelancer","Android",8.7,4.2,1,4.5,10,18,0,8.6
"U49226",28,"Male","Freelancer","iOS",4.3,3.5,5,4.5,7,57,5,6.1
"U49227",22,"Female","Freelancer","Android",6.9,3.9,4,4.3,4,25,2,6.6
"U49228",33,"Male","Student","Android",4.4,2.8,8,5,6,37,4,6.9
"U49229",45,"Male","Student","iOS",2.2,5.8,9,4.2,9,19,0,12.3
"U49230",52,"Other","Professional","Android",4.1,6.9,1,4.1,2,32,5,4.8
"U49231",52,"Other","Business Owner","Android",10.6,2.4,8,6.5,4,10,0,8.3
"U49232",36,"Female","Business Owner","Android",9.8,2.4,4,5.7,5,54,2,2.7
"U49233",22,"Female","Business Owner","iOS",8.9,2.2,10,8.7,3,46,1,7.2
"U49234",41,"Other","Business Owner","Android",8,1.4,5,5.8,9,46,6,2.7
"U49235",49,"Female","Business Owner","iOS",6.7,3.4,3,6.8,8,38,0,7.5
"U49236",48,"Other","Business Owner","Android",2.3,2.3,5,8,9,29,6,4.8
"U49237",23,"Other","Freelancer","iOS",2.1,5.8,9,5.5,1,31,2,6.8
"U49238",26,"Female","Student","iOS",5.1,7.6,5,6.1,7,48,3,9.1
"U49239",56,"Female","Freelancer","Android",5.7,5.8,5,8,4,6,2,11.1
"U49240",22,"Other","Student","iOS",3.2,6.7,1,6,10,27,0,4.1
"U49241",51,"Other","Student","Android",6.8,4.1,1,6.3,6,11,0,4
"U49242",35,"Male","Business Owner","iOS",10.3,4,4,8.8,6,55,4,12.1
"U49243",29,"Female","Student","iOS",8.6,6.7,8,7.3,4,11,5,5.1
"U49244",58,"Other","Business Owner","iOS",5.7,0.6,4,6.1,9,56,6,9.7
"U49245",59,"Female","Professional","Android",6.3,4.3,1,6.5,9,60,6,4
"U49246",41,"Female","Freelancer","iOS",7.1,3.6,8,4.5,5,23,0,9.7
"U49247",22,"Male","Student","Android",5.1,4.5,3,6.8,2,21,1,7.2
"U49248",55,"Other","Freelancer","iOS",2.2,1,8,5.5,7,30,4,6.1
"U49249",40,"Male","Professional","Android",3.8,4.4,6,6,8,8,2,12.3
"U49250",44,"Female","Professional","iOS",5.1,2.1,10,8.1,10,55,3,10.4
"U49251",23,"Male","Business Owner","iOS",3.7,5,5,8.8,4,44,2,4.5
"U49252",48,"Male","Business Owner","Android",10.5,4.9,2,4.8,6,60,0,13.9
"U49253",45,"Male","Business Owner","Android",8,2.3,5,4.3,6,30,1,5.6
"U49254",60,"Male","Freelancer","iOS",8.2,2.5,9,4.5,7,16,3,12.6
"U49255",41,"Female","Business Owner","iOS",8.9,1.4,9,5.4,8,6,4,10.3
"U49256",39,"Female","Freelancer","iOS",11.5,3.1,1,4.7,7,54,6,6.3
"U49257",53,"Female","Business Owner","Android",4.9,4.2,7,8,2,12,1,11.4
"U49258",56,"Other","Student","iOS",4.2,4.8,4,4.9,6,12,6,9.9
"U49259",28,"Male","Student","Android",9.2,3.2,1,6.6,9,29,4,5.7
"U49260",27,"Other","Professional","Android",3.3,3.1,8,5.2,8,50,1,7.6
"U49261",32,"Other","Business Owner","Android",4.6,5.6,9,8.8,10,24,5,12.2
"U49262",41,"Female","Freelancer","iOS",11,5.1,1,5.4,1,14,2,8.9
"U49263",41,"Male","Student","iOS",10,2.7,3,7.7,3,10,4,5
"U49264",26,"Female","Student","iOS",5.5,5.1,1,8.6,3,32,1,3.5
"U49265",52,"Other","Business Owner","iOS",2.6,4.3,8,7,7,26,4,7.3
"U49266",38,"Female","Student","iOS",8.5,1.6,2,5.1,7,58,0,13.3
"U49267",53,"Female","Business Owner","Android",11.1,4.4,10,8.6,3,53,3,9.5
"U49268",49,"Other","Professional","Android",2.4,1.8,2,7.2,2,55,1,3.1
"U49269",60,"Male","Freelancer","Android",2.6,2.7,3,8.4,1,20,1,6.4
"U49270",19,"Other","Student","Android",6.6,4,10,8.5,10,56,3,5.6
"U49271",45,"Male","Professional","iOS",3.7,1.2,9,4.1,10,45,5,3.6
"U49272",30,"Female","Student","iOS",7,1.2,6,5.3,8,44,6,13.9
"U49273",18,"Female","Business Owner","iOS",2.4,7.9,3,6.9,5,60,4,5.8
"U49274",60,"Female","Freelancer","iOS",11.3,7.8,2,4.6,6,28,6,10.5
"U49275",27,"Female","Business Owner","iOS",8,3.2,6,4.9,6,18,1,7.4
"U49276",27,"Male","Student","iOS",5.5,3.5,2,6.2,2,6,6,9.8
"U49277",53,"Other","Student","iOS",7.7,4.9,10,8,3,44,1,5.3
"U49278",29,"Female","Professional","iOS",5.7,3.6,5,7.6,8,27,2,13.5
"U49279",56,"Female","Student","Android",11.8,4.8,2,8.2,8,31,5,3.5
"U49280",32,"Other","Student","Android",8,4.4,1,6.7,9,59,5,11.6
"U49281",33,"Male","Freelancer","Android",11.8,2.6,10,8.2,5,8,6,5.8
"U49282",40,"Male","Business Owner","Android",3.8,0.9,5,6.8,3,37,5,2.6
"U49283",27,"Female","Student","Android",7.6,6,2,4.6,2,11,3,9.6
"U49284",52,"Female","Business Owner","iOS",3.6,7,4,6.5,8,57,6,3.4
"U49285",46,"Male","Freelancer","Android",11.5,6.5,10,8.6,10,59,1,13.6
"U49286",51,"Male","Freelancer","Android",2.7,5.8,8,8.7,9,15,1,3.1
"U49287",57,"Other","Student","iOS",2,3.1,3,5.4,9,28,2,4.1
"U49288",49,"Female","Business Owner","iOS",7.9,6.6,2,4.9,2,25,0,4.5
"U49289",24,"Male","Student","Android",5.6,5.9,9,5.6,9,55,0,4
"U49290",41,"Female","Student","Android",6.9,5,9,8.3,10,56,3,10.7
"U49291",30,"Female","Freelancer","iOS",7.5,7.1,1,6.1,3,24,1,13.6
"U49292",40,"Female","Student","iOS",5.7,6.4,5,7.9,4,16,1,11.9
"U49293",56,"Other","Professional","Android",3.2,4.3,9,8.3,6,47,0,7.9
"U49294",59,"Male","Freelancer","Android",12,2.1,6,5.4,6,55,6,3.7
"U49295",44,"Female","Freelancer","Android",5.2,1.1,4,5.8,3,49,3,8.4
"U49296",37,"Female","Business Owner","iOS",4.8,6.5,9,4.2,5,12,3,3.5
"U49297",49,"Other","Freelancer","Android",9.4,6.9,7,6.4,9,33,2,6.2
"U49298",28,"Female","Professional","iOS",5.9,2.3,9,4.1,8,56,1,9.5
"U49299",44,"Other","Student","iOS",3.2,6.8,1,6,1,8,0,10.1
"U49300",51,"Male","Student","iOS",8.2,2.3,2,7.6,2,27,0,4.6
"U49301",60,"Male","Student","iOS",9.7,7.7,7,4.6,9,42,3,10.1
"U49302",37,"Male","Student","Android",2,6.8,5,7.1,9,5,6,9.2
"U49303",49,"Female","Freelancer","iOS",10.5,5.3,6,6.6,4,59,6,11.2
"U49304",35,"Other","Professional","Android",5.6,1,4,7.8,9,10,0,12.1
"U49305",44,"Other","Freelancer","iOS",11.2,1.5,5,6.4,8,17,6,5.3
"U49306",35,"Male","Student","iOS",9.8,3.1,1,4.8,8,44,3,8.9
"U49307",41,"Other","Student","Android",3.2,6.6,9,7.6,7,49,1,8.2
"U49308",38,"Female","Student","Android",2.2,4.6,10,4.4,3,42,0,3.5
"U49309",20,"Other","Business Owner","iOS",4.7,7,9,4.1,3,25,0,5.2
"U49310",47,"Male","Freelancer","iOS",10.5,3.6,1,6.9,5,6,0,7.1
"U49311",27,"Female","Business Owner","Android",11.5,1.7,9,8.6,2,16,4,9.7
"U49312",51,"Female","Business Owner","iOS",6.9,6.6,3,7.7,1,32,6,6.6
"U49313",33,"Female","Business Owner","iOS",5.8,3.1,10,8.4,6,9,3,3.9
"U49314",24,"Other","Freelancer","Android",5.2,6.5,2,8.3,7,38,0,4.9
"U49315",18,"Female","Business Owner","Android",4.1,4.5,2,5,6,35,6,11.3
"U49316",25,"Female","Business Owner","Android",11.7,7.5,5,8.5,3,57,2,2.5
"U49317",53,"Female","Freelancer","Android",5.4,7.5,9,7,2,40,2,2.4
"U49318",40,"Male","Freelancer","Android",3.5,3.9,9,4.4,10,22,1,11.3
"U49319",21,"Other","Professional","Android",8.8,2.8,4,7.2,2,22,4,9.5
"U49320",51,"Female","Student","iOS",3.4,4.5,10,5.7,9,45,1,10.1
"U49321",52,"Female","Business Owner","Android",8.2,2.3,2,4.8,8,42,6,13.8
"U49322",21,"Male","Professional","Android",5.4,5.6,10,8.6,4,60,2,12.1
"U49323",52,"Other","Student","Android",10.1,5.5,9,8.3,3,55,3,10.6
"U49324",48,"Other","Business Owner","Android",6.8,5.5,4,4.8,6,6,2,11
"U49325",38,"Other","Professional","Android",6.7,5.8,8,8.3,2,5,2,5.8
"U49326",43,"Other","Professional","iOS",8.9,6.6,6,5.5,2,48,1,2.2
"U49327",37,"Male","Business Owner","iOS",4.9,5,4,6.7,4,32,4,13.1
"U49328",40,"Other","Student","Android",3.6,3.4,4,8,7,49,5,7.7
"U49329",19,"Female","Freelancer","Android",3.9,4.4,2,6.2,6,6,5,12.7
"U49330",39,"Female","Professional","iOS",5.6,2.1,6,6.1,9,53,6,6.7
"U49331",52,"Female","Student","iOS",5.2,2,6,5.8,5,45,6,12.5
"U49332",25,"Male","Freelancer","Android",7.1,1.2,2,6.2,2,7,0,10.8
"U49333",59,"Female","Professional","iOS",8.7,6.1,1,6.9,3,58,6,4.4
"U49334",18,"Other","Business Owner","Android",2,6.7,7,8.4,3,23,4,12.7
"U49335",38,"Female","Student","iOS",1.2,5,10,7,6,15,0,4.2
"U49336",51,"Female","Freelancer","Android",5.2,0.7,2,7.7,8,20,1,10.9
"U49337",18,"Other","Professional","Android",7.1,2.8,8,7.2,9,51,1,11.5
"U49338",24,"Male","Student","Android",9.9,7.5,2,8.3,4,56,6,7.2
"U49339",18,"Female","Business Owner","Android",2.4,5.4,2,6.7,7,11,3,3.5
"U49340",53,"Other","Student","iOS",1.7,6,10,6.3,1,10,4,7.9
"U49341",59,"Female","Student","iOS",10.5,3.1,2,8.2,3,7,1,5.1
"U49342",53,"Female","Freelancer","iOS",5.5,1.1,7,7.8,7,24,5,5.4
"U49343",44,"Female","Professional","Android",6.2,1.3,6,6.7,6,7,6,13.3
"U49344",49,"Other","Business Owner","iOS",10.4,1.9,6,6.6,4,45,1,7.9
"U49345",56,"Female","Professional","iOS",9.8,6.7,8,4.9,4,33,5,12.3
"U49346",49,"Other","Student","iOS",6.6,5.1,7,9,2,11,4,12.6
"U49347",34,"Other","Professional","Android",9.6,3.5,1,5.1,8,35,3,5.5
"U49348",34,"Other","Freelancer","Android",1.3,2.8,8,4.2,5,51,2,11.3
"U49349",49,"Female","Business Owner","Android",8.3,4.8,5,4.1,5,54,6,8.9
"U49350",45,"Male","Professional","iOS",6,3.1,9,7.1,4,44,6,5.8
"U49351",23,"Other","Professional","Android",7.9,5.9,10,8,1,21,1,13.3
"U49352",55,"Female","Student","Android",6.6,5.2,6,6.1,5,56,4,7.7
"U49353",31,"Male","Business Owner","Android",8.1,0.8,1,7.6,2,40,4,10.2
"U49354",46,"Other","Business Owner","iOS",8.5,3.3,7,5.8,3,35,1,13.7
"U49355",52,"Other","Professional","Android",4.1,5.8,4,4.5,7,54,4,7.8
"U49356",53,"Female","Freelancer","iOS",7.3,4.5,6,4.5,4,25,3,11.7
"U49357",45,"Male","Student","iOS",5.6,6.5,10,7.4,9,13,1,2.3
"U49358",42,"Male","Business Owner","iOS",1.4,7.3,7,5.9,8,27,2,11
"U49359",30,"Other","Professional","Android",3.7,6.9,8,5.1,1,52,1,3.7
"U49360",42,"Male","Freelancer","Android",3.5,6.2,1,4.8,5,53,2,12.3
"U49361",58,"Female","Professional","Android",5.2,4.4,7,8.7,2,5,3,12.5
"U49362",36,"Female","Freelancer","Android",7.9,4.2,1,5.6,10,48,2,6.5
"U49363",42,"Male","Freelancer","iOS",8.9,4.8,4,6.2,1,34,5,9.4
"U49364",39,"Female","Freelancer","Android",4.4,6.4,3,6.4,8,36,1,8.8
"U49365",33,"Other","Professional","iOS",8.6,7.6,3,4,8,14,2,10.9
"U49366",32,"Other","Business Owner","Android",2.5,4,5,8.7,1,51,2,4.9
"U49367",32,"Male","Student","Android",3.5,8,1,7,3,30,3,2.1
"U49368",37,"Female","Business Owner","iOS",8,7.3,5,7.7,6,53,1,7.4
"U49369",46,"Other","Business Owner","Android",9.1,3.2,4,8.7,8,31,6,6.9
"U49370",46,"Male","Professional","iOS",5.6,2.6,1,9,8,51,1,9.4
"U49371",35,"Male","Professional","iOS",5,3.1,7,8.3,6,52,0,3.3
"U49372",54,"Male","Professional","iOS",9.9,5.8,2,5.1,6,18,0,13.7
"U49373",44,"Female","Business Owner","Android",5.4,3.3,3,5.6,7,41,2,5
"U49374",32,"Other","Professional","iOS",1.2,5.2,7,5.7,9,49,1,2.5
"U49375",30,"Female","Student","Android",12,1.7,7,8.3,5,43,5,11
"U49376",48,"Male","Professional","Android",7,2.9,2,4.9,1,12,5,12.5
"U49377",54,"Other","Business Owner","iOS",5.3,5.5,6,6.2,8,38,5,6.2
"U49378",27,"Female","Student","iOS",2.9,4.6,2,7.3,9,29,3,6.4
"U49379",27,"Other","Freelancer","iOS",5.5,2.7,1,8.3,10,29,0,11.4
"U49380",45,"Female","Business Owner","iOS",10.7,3.7,3,6.4,5,30,0,4
"U49381",28,"Male","Business Owner","Android",10.4,1.4,9,4.8,3,9,5,10.1
"U49382",50,"Male","Professional","Android",2.2,7.3,1,5.7,10,40,2,3.8
"U49383",25,"Other","Professional","Android",10.4,5.4,1,6.2,2,48,4,13.5
"U49384",57,"Other","Freelancer","Android",9.2,4.8,7,8.6,1,24,0,11.1
"U49385",22,"Female","Professional","iOS",6.6,0.8,9,8.4,8,10,6,9.9
"U49386",40,"Female","Student","Android",6.2,6.3,10,8.5,3,42,1,13.6
"U49387",18,"Male","Student","iOS",9.5,6.9,9,5.7,9,25,1,6.1
"U49388",29,"Male","Business Owner","Android",8.9,7.3,8,5.1,3,14,5,7
"U49389",31,"Male","Student","iOS",1.3,2,4,5.2,1,54,4,13.8
"U49390",49,"Other","Professional","iOS",1.7,2.3,1,8.4,3,12,2,4.7
"U49391",36,"Other","Professional","iOS",3.6,0.7,5,5.7,5,36,0,8.9
"U49392",31,"Female","Business Owner","Android",2.7,5.7,4,8.9,5,18,6,4.4
"U49393",53,"Other","Professional","Android",7.1,6.5,2,4.2,1,17,2,10.9
"U49394",58,"Male","Business Owner","Android",11.7,5.8,3,5,3,25,4,12.9
"U49395",49,"Female","Freelancer","iOS",6.4,6.9,3,4.7,2,24,6,9.1
"U49396",33,"Male","Student","iOS",7,7.4,9,5.4,9,49,3,5.1
"U49397",36,"Female","Freelancer","iOS",3.2,7.7,5,5.4,2,25,5,6.3
"U49398",38,"Male","Freelancer","Android",4.7,4,10,7,4,15,4,5.4
"U49399",21,"Female","Professional","Android",6.6,4.1,2,5.3,6,53,5,6.2
"U49400",38,"Female","Business Owner","iOS",5.8,3.3,2,4.5,6,53,3,5.2
"U49401",28,"Other","Student","Android",2.1,3.3,2,6.1,9,28,3,4.4
"U49402",25,"Male","Professional","iOS",9,3,8,7,7,9,4,12.1
"U49403",56,"Other","Professional","iOS",4.7,2.3,1,8.2,2,52,2,2.2
"U49404",36,"Male","Business Owner","iOS",4.7,7.3,7,6.6,7,16,3,10.2
"U49405",18,"Male","Professional","Android",4.6,1.6,4,8.1,8,22,6,12.9
"U49406",38,"Other","Business Owner","iOS",9.9,5.6,7,7.5,5,40,4,5.4
"U49407",58,"Male","Freelancer","iOS",11,4.3,1,8.5,8,45,2,12.5
"U49408",18,"Male","Professional","iOS",4,6.2,6,7.1,1,47,3,11.6
"U49409",34,"Male","Freelancer","iOS",2.4,0.9,8,8.4,6,32,3,4.9
"U49410",48,"Male","Freelancer","iOS",3.5,4.7,9,5.9,10,41,0,8.1
"U49411",26,"Other","Business Owner","iOS",6.7,2.5,7,7.6,6,26,0,13.1
"U49412",44,"Female","Business Owner","iOS",1,7,9,8.1,1,28,1,10.8
"U49413",19,"Male","Professional","iOS",6.5,5,6,8.5,9,47,0,8.5
"U49414",57,"Other","Business Owner","iOS",7.9,3.4,9,7.8,3,60,0,13.2
"U49415",48,"Male","Professional","iOS",11.6,5.6,6,4.9,6,24,1,13.1
"U49416",59,"Male","Freelancer","Android",9.5,5.6,1,8.8,9,23,5,4.2
"U49417",54,"Other","Business Owner","Android",10.4,5.7,7,7.2,10,23,1,2.5
"U49418",45,"Male","Student","Android",9.5,5.9,5,7.8,5,47,6,12.6
"U49419",28,"Other","Business Owner","Android",10.7,7.1,9,4.2,6,9,5,8.8
"U49420",56,"Female","Student","iOS",2.6,1.5,6,8.8,10,25,4,3.6
"U49421",22,"Other","Freelancer","Android",7.1,7.9,6,5.2,1,25,5,2.4
"U49422",35,"Female","Student","iOS",3.9,5,10,7.7,1,42,5,6.8
"U49423",40,"Male","Freelancer","Android",6.4,1.4,2,6.7,3,48,5,10.1
"U49424",55,"Female","Business Owner","Android",1.9,1.9,6,5.1,9,49,1,13.6
"U49425",49,"Female","Professional","Android",5.7,1.3,5,6.4,6,48,4,12.9
"U49426",46,"Male","Business Owner","Android",11.7,5.5,4,5.6,5,34,4,2.8
"U49427",33,"Male","Student","Android",10.5,5.4,9,5.8,1,8,5,9.4
"U49428",44,"Other","Business Owner","Android",8.1,6,2,7.2,2,52,3,4.3
"U49429",42,"Female","Professional","Android",11.7,4.8,7,8.3,7,53,4,6.2
"U49430",19,"Male","Student","Android",7.8,0.9,4,5.9,1,13,4,12.3
"U49431",54,"Male","Student","iOS",5.6,2.1,8,8.2,7,16,2,11.8
"U49432",52,"Male","Business Owner","iOS",5.4,4.8,5,6,3,31,1,4.7
"U49433",38,"Female","Professional","Android",3,1,8,4.7,6,48,0,8.7
"U49434",55,"Other","Professional","iOS",2.6,2.2,6,7.7,2,5,2,2.9
"U49435",25,"Other","Business Owner","iOS",11.9,2.6,2,4.5,4,36,4,6.5
"U49436",56,"Female","Professional","Android",4.1,4.7,6,4.9,3,58,6,6.7
"U49437",53,"Female","Professional","iOS",5.2,6.1,5,6.1,5,44,5,12.1
"U49438",23,"Female","Professional","Android",11.7,4.1,1,7.7,7,18,4,3.4
"U49439",46,"Other","Business Owner","Android",10.1,2.8,5,5.9,4,45,0,6.8
"U49440",37,"Other","Freelancer","Android",6.9,6.9,3,4.7,2,9,1,7.4
"U49441",49,"Female","Student","iOS",1,1.5,7,6.4,10,60,1,3.4
"U49442",32,"Male","Student","Android",7.6,6.7,5,7.4,7,32,4,6.1
"U49443",42,"Other","Professional","Android",12,2,2,5.4,5,58,6,5.8
"U49444",45,"Other","Business Owner","iOS",5.1,6.1,2,8.7,3,19,5,5.2
"U49445",41,"Other","Business Owner","iOS",3.4,4.7,7,4.7,3,38,5,13.9
"U49446",31,"Other","Business Owner","Android",8.5,5.7,2,5.1,1,45,1,10.7
"U49447",57,"Female","Student","iOS",6.8,4.1,6,4.7,5,10,0,12.8
"U49448",46,"Male","Professional","iOS",3.3,1.2,4,5.6,3,32,3,2.3
"U49449",59,"Male","Professional","iOS",1.8,1,9,4.6,9,5,2,12.3
"U49450",51,"Female","Professional","iOS",5.5,3.1,5,7.8,8,44,4,13.5
"U49451",51,"Male","Business Owner","Android",10,6.9,4,4.3,8,32,0,6.8
"U49452",40,"Female","Freelancer","iOS",6.3,7.1,9,4.7,9,56,2,13
"U49453",51,"Other","Business Owner","iOS",9.9,7.1,3,7.5,3,13,0,6.5
"U49454",46,"Other","Student","Android",11.1,2.9,1,8.8,6,26,5,12.9
"U49455",37,"Female","Student","Android",3.3,3.4,6,7.1,4,27,5,10.2
"U49456",50,"Other","Professional","iOS",10.5,2.1,3,6.3,3,8,2,7.9
"U49457",56,"Male","Business Owner","iOS",9.3,4.3,9,7.6,7,26,6,12
"U49458",40,"Other","Freelancer","Android",1.7,4.9,8,6.6,1,57,4,10.7
"U49459",59,"Male","Student","iOS",6.6,7.7,9,6.8,7,7,4,7.9
"U49460",41,"Male","Business Owner","iOS",2.5,1.3,2,8.2,6,30,1,7.7
"U49461",46,"Other","Student","Android",7.3,3.2,9,6.5,4,6,3,4
"U49462",25,"Male","Freelancer","Android",9.6,8,2,4.9,9,36,5,8.5
"U49463",33,"Female","Freelancer","iOS",10.3,6.3,10,5.5,9,23,2,4.8
"U49464",25,"Male","Business Owner","iOS",1.8,7.6,2,5.7,4,50,3,10.6
"U49465",58,"Female","Student","Android",10.5,1.7,9,8.1,6,60,3,5.6
"U49466",57,"Female","Freelancer","iOS",9.3,7.9,3,7.5,4,28,3,3.6
"U49467",52,"Female","Business Owner","Android",9.3,2.8,4,4.1,5,42,5,4.5
"U49468",34,"Male","Business Owner","iOS",6,6.6,6,7.4,8,11,6,2.1
"U49469",34,"Male","Freelancer","Android",10.4,3,10,7.1,5,17,5,11.3
"U49470",34,"Male","Professional","Android",8,4.3,4,8.1,2,30,0,4.4
"U49471",56,"Female","Freelancer","iOS",6.6,1.3,10,5.4,6,55,2,4.5
"U49472",42,"Male","Business Owner","iOS",3.5,3.7,4,4.1,7,31,2,9.7
"U49473",22,"Other","Business Owner","Android",7.4,5.1,2,8.7,1,59,6,12.9
"U49474",45,"Female","Business Owner","iOS",3.4,1.8,3,8.3,6,26,1,12.6
"U49475",33,"Other","Freelancer","Android",10,5.3,2,8.8,3,59,3,9.2
"U49476",54,"Male","Student","Android",11.2,7.2,6,5.8,10,43,5,4.9
"U49477",38,"Male","Student","iOS",11.2,2.7,4,6,1,26,4,13
"U49478",29,"Male","Freelancer","iOS",1.5,2.9,5,4.8,2,29,0,5
"U49479",39,"Male","Professional","Android",6.7,1.4,10,6.5,8,22,0,9.1
"U49480",48,"Female","Business Owner","Android",2.4,3.1,3,7.5,4,21,6,8
"U49481",34,"Male","Freelancer","iOS",3.7,1.6,7,4.5,2,32,6,9.4
"U49482",48,"Female","Student","iOS",5.1,2.4,4,5.6,10,40,5,6.7
"U49483",48,"Female","Freelancer","Android",2.9,4.7,4,6.4,2,34,5,4.7
"U49484",48,"Male","Professional","Android",8.4,3.1,1,7.1,6,12,2,5.9
"U49485",35,"Female","Professional","iOS",8.1,5.4,9,8.4,9,34,0,5.8
"U49486",33,"Male","Business Owner","Android",5.9,6.4,7,5.4,4,6,0,5.6
"U49487",46,"Other","Freelancer","iOS",1.3,1.5,9,8.1,7,46,5,2.9
"U49488",58,"Female","Freelancer","iOS",4.8,1.1,4,8.4,9,26,0,7.3
"U49489",28,"Other","Student","Android",11.5,6.2,9,7.7,10,20,6,2.2
"U49490",23,"Female","Freelancer","Android",4.5,7.6,7,4.9,5,31,6,10
"U49491",27,"Female","Professional","iOS",3.1,6.3,7,4.8,4,20,5,11.8
"U49492",32,"Female","Professional","Android",3.6,7.4,2,5.6,3,25,3,11.6
"U49493",50,"Male","Business Owner","Android",12,3,3,5.8,4,56,5,2.3
"U49494",35,"Male","Business Owner","Android",8.6,3.3,1,7.7,6,46,3,3.9
"U49495",50,"Other","Freelancer","iOS",11.3,5.2,3,4.2,5,59,2,2.5
"U49496",47,"Male","Freelancer","Android",4.1,0.6,8,5.7,6,32,3,8.4
"U49497",46,"Other","Student","iOS",3.3,3.9,5,7.2,9,33,5,8.4
"U49498",41,"Female","Student","Android",8.3,4.9,8,5.3,6,25,6,13.2
"U49499",42,"Female","Professional","Android",2.5,5.3,5,6.8,7,8,6,4.9
"U49500",22,"Male","Student","Android",9.5,7.5,6,4.9,4,25,2,10.3
"U49501",57,"Other","Student","Android",4.4,2.1,2,7.8,10,16,0,10.5
"U49502",23,"Female","Professional","iOS",11,0.9,7,7.9,2,6,3,13
"U49503",53,"Other","Student","Android",9.4,1,10,8,10,29,3,11.1
"U49504",54,"Male","Business Owner","Android",11.3,5.6,3,5.7,7,26,4,4.6
"U49505",51,"Female","Freelancer","iOS",8.7,5.8,9,7.3,9,53,3,3.4
"U49506",48,"Male","Student","Android",9.7,3,7,5.5,7,14,5,2.9
"U49507",39,"Male","Professional","Android",2.8,7.6,1,5.9,6,58,2,4.3
"U49508",41,"Male","Freelancer","Android",4.5,2.7,5,8.4,8,28,3,4.3
"U49509",49,"Other","Professional","Android",7.1,5.8,5,6.7,4,43,2,5.5
"U49510",55,"Male","Student","Android",4.9,3.3,6,6.4,4,26,2,3.6
"U49511",60,"Other","Student","Android",8.8,3.3,5,7.1,7,26,4,4
"U49512",52,"Other","Professional","iOS",8.3,3.7,3,6.2,4,46,1,10.7
"U49513",32,"Female","Professional","Android",5.7,3.2,9,5.6,7,58,2,4
"U49514",26,"Male","Freelancer","Android",1.6,6.3,1,5.1,7,17,4,10.8
"U49515",29,"Female","Professional","iOS",2.4,0.8,5,8.8,8,60,1,13.8
"U49516",56,"Female","Student","iOS",4.4,1.2,4,4.4,5,32,0,8.1
"U49517",20,"Male","Student","Android",1.4,4.5,1,8.4,2,5,0,9.1
"U49518",58,"Female","Freelancer","iOS",1.4,2.2,10,5.8,1,60,5,9.8
"U49519",19,"Female","Business Owner","iOS",2.6,5.9,7,7.6,1,10,2,7.1
"U49520",21,"Female","Freelancer","Android",8.2,3.8,8,4.8,5,50,2,7.9
"U49521",38,"Female","Freelancer","iOS",11.1,3.2,4,4.1,2,21,1,8.5
"U49522",55,"Female","Business Owner","iOS",1.6,7.3,8,6.2,6,29,5,6.6
"U49523",18,"Other","Professional","Android",5.9,0.8,8,8.8,3,41,3,5.8
"U49524",38,"Female","Business Owner","iOS",8,4.7,6,7.3,1,15,1,9.7
"U49525",36,"Other","Freelancer","Android",8.9,3.2,5,7.1,10,30,2,10
"U49526",40,"Other","Student","Android",4.3,2.2,8,6.2,7,36,1,9.4
"U49527",25,"Other","Professional","Android",7.3,5.3,1,4.7,10,40,4,13.1
"U49528",46,"Other","Freelancer","Android",6,1.5,10,5.9,7,33,4,10
"U49529",32,"Other","Professional","iOS",11.7,1.9,4,7,2,38,3,8.2
"U49530",42,"Female","Business Owner","iOS",11.1,4.6,8,4.9,1,42,0,13.6
"U49531",38,"Female","Student","iOS",7.5,0.9,7,5,8,13,1,9
"U49532",53,"Other","Professional","iOS",4.1,4,5,6,8,36,1,10.9
"U49533",41,"Other","Freelancer","Android",8.8,2.9,9,7.1,9,50,4,5.8
"U49534",36,"Female","Business Owner","iOS",11.7,5.4,3,6.5,6,16,5,10.6
"U49535",20,"Female","Freelancer","Android",4.1,6.8,3,6,3,24,6,9.9
"U49536",38,"Male","Student","Android",1.3,1.6,1,8.1,2,39,1,13.9
"U49537",54,"Male","Professional","iOS",1.2,3,1,7.9,6,14,6,12.5
"U49538",22,"Female","Freelancer","Android",1.1,6.8,9,5,5,58,2,7.6
"U49539",54,"Other","Business Owner","iOS",7,5.8,3,6.9,8,59,6,11.8
"U49540",32,"Male","Professional","iOS",9.1,7.7,3,6.5,9,11,0,8.8
"U49541",35,"Other","Freelancer","Android",2.5,6.4,8,4.5,1,31,0,13.1
"U49542",37,"Other","Student","Android",4,7.6,3,5.4,1,38,5,10.2
"U49543",29,"Female","Business Owner","iOS",11.6,2.5,6,5.2,5,14,1,8.3
"U49544",36,"Other","Student","iOS",2.4,6,8,5.5,10,39,5,8.7
"U49545",44,"Female","Professional","iOS",3.4,6.6,4,8.6,2,16,1,2.7
"U49546",26,"Female","Student","Android",2,5.2,4,8.9,10,11,3,8.4
"U49547",60,"Male","Business Owner","iOS",9.6,7.7,7,7.4,10,34,4,12.5
"U49548",48,"Female","Freelancer","iOS",11.8,7.3,6,5.5,9,7,5,14
"U49549",24,"Male","Business Owner","Android",7.2,4.6,6,4.2,1,8,0,3.8
"U49550",26,"Other","Professional","Android",11,1.2,3,8.9,2,39,0,11.9
"U49551",30,"Male","Business Owner","Android",3.6,0.9,6,7.8,7,14,5,6.9
"U49552",57,"Male","Student","Android",1.1,5.4,6,4.9,2,31,0,11
"U49553",32,"Other","Professional","Android",9.4,3.3,1,5,9,25,1,8.4
"U49554",33,"Other","Freelancer","Android",5.3,2.4,7,6.1,3,32,4,11.7
"U49555",21,"Female","Student","iOS",3.4,7.8,4,7.4,9,44,3,13.1
"U49556",44,"Female","Freelancer","Android",8.3,1.6,10,4.3,3,42,1,13.7
"U49557",39,"Male","Professional","Android",1.6,4.9,10,4.6,7,31,4,6.9
"U49558",33,"Female","Professional","iOS",2.3,4.2,1,6.5,7,28,6,11.7
"U49559",30,"Female","Student","Android",5.5,5.7,4,4.3,7,18,2,5.1
"U49560",41,"Male","Freelancer","Android",4.6,3.5,9,8.5,9,52,3,12.3
"U49561",30,"Male","Freelancer","iOS",3.6,6.7,9,4.8,8,31,6,4.3
"U49562",41,"Female","Business Owner","Android",7.3,7.5,8,5.2,7,33,0,11
"U49563",57,"Female","Freelancer","Android",10.1,3.8,8,5.2,2,42,5,5.5
"U49564",48,"Other","Professional","Android",5.5,7.9,1,8.3,7,38,3,10.9
"U49565",38,"Male","Business Owner","iOS",1.4,2.2,5,8.7,2,5,5,2.2
"U49566",55,"Female","Freelancer","Android",3.3,3,10,6.7,10,45,2,9.7
"U49567",60,"Male","Student","iOS",2.3,4.5,6,5.4,3,29,2,3.6
"U49568",52,"Other","Professional","iOS",9.1,5.3,9,6.9,1,60,0,7.7
"U49569",19,"Male","Professional","iOS",8.6,0.6,6,8.8,6,6,6,12.4
"U49570",54,"Female","Business Owner","iOS",8.3,0.6,3,7.8,5,15,4,13.8
"U49571",43,"Female","Business Owner","Android",7.2,6.5,7,4.5,5,52,3,12.4
"U49572",28,"Male","Professional","Android",7.8,3.5,8,8,4,17,0,5.8
"U49573",50,"Female","Freelancer","Android",4.5,4,7,4.6,4,32,6,12.3
"U49574",29,"Female","Professional","iOS",4.1,3.7,1,8.8,6,57,1,6.4
"U49575",25,"Other","Professional","iOS",6.3,5.3,10,7.3,1,25,4,4.8
"U49576",56,"Other","Business Owner","Android",5.7,5.4,9,7.1,3,15,3,2.2
"U49577",43,"Female","Freelancer","iOS",5.8,6.3,9,6.8,8,53,1,10.6
"U49578",18,"Male","Freelancer","Android",8.4,5.1,9,7.1,5,13,5,8.2
"U49579",51,"Male","Business Owner","iOS",6.4,7.6,4,4.7,3,14,5,2.6
"U49580",49,"Other","Freelancer","Android",10.3,8,9,8.7,10,54,5,8.1
"U49581",53,"Male","Freelancer","Android",5.6,6.4,5,7,3,52,0,4.5
"U49582",49,"Other","Professional","iOS",10.9,4.1,10,7.3,3,48,2,5.5
"U49583",58,"Other","Freelancer","Android",2.2,4.9,2,5.2,3,48,5,5.9
"U49584",38,"Other","Business Owner","iOS",3.1,7.8,8,5.4,7,29,3,4.9
"U49585",58,"Male","Professional","Android",2.3,5.1,7,6.3,8,12,0,13.4
"U49586",48,"Other","Student","iOS",10.5,7.7,2,7.7,6,27,0,6.1
"U49587",50,"Male","Business Owner","Android",3.4,2.5,8,4.8,6,33,3,2.7
"U49588",59,"Male","Professional","Android",5.1,6.2,5,8.1,5,31,0,7.6
"U49589",53,"Male","Professional","Android",4.1,5.3,10,5.6,4,40,3,3.9
"U49590",27,"Male","Business Owner","iOS",10.5,0.7,6,4.4,1,7,1,7.1
"U49591",48,"Male","Freelancer","Android",4.9,5.8,4,4.2,9,55,6,8.8
"U49592",30,"Female","Professional","iOS",2.6,0.9,8,7.9,8,5,4,10.7
"U49593",47,"Male","Freelancer","Android",1.1,4.6,9,6.4,7,37,4,6.5
"U49594",45,"Other","Student","iOS",5.9,2.6,1,7.1,1,44,5,11.8
"U49595",33,"Other","Freelancer","iOS",5.2,4.7,3,8.3,7,28,4,12.1
"U49596",21,"Male","Professional","iOS",10.6,1.3,9,4.2,3,51,5,9.9
"U49597",55,"Male","Freelancer","Android",2.4,6.3,9,7.5,8,15,6,4.8
"U49598",48,"Other","Student","iOS",2.4,2.9,1,4.3,10,9,2,4
"U49599",47,"Male","Business Owner","Android",7.1,5.9,6,8.9,6,45,0,12.7
"U49600",32,"Other","Professional","iOS",7.2,7.6,10,6.9,9,15,4,6.2
"U49601",55,"Other","Professional","Android",8.5,4.3,3,5.8,6,40,3,3.9
"U49602",59,"Male","Freelancer","iOS",8.2,3,2,8.4,4,54,1,9.8
"U49603",50,"Female","Student","iOS",5.8,0.7,2,8.9,10,41,0,12.6
"U49604",33,"Other","Student","iOS",5.5,2.2,6,7.7,2,45,3,8.9
"U49605",45,"Male","Professional","iOS",5.6,1.1,9,8.8,9,15,0,12.7
"U49606",42,"Other","Business Owner","iOS",1.8,3.3,9,5.2,3,15,4,2.4
"U49607",44,"Female","Student","Android",7.3,4,6,9,7,31,2,10.1
"U49608",19,"Other","Freelancer","iOS",7.8,5.6,5,8.2,2,60,0,2.4
"U49609",54,"Other","Student","iOS",9.7,1.9,5,6.4,7,21,2,6.5
"U49610",49,"Male","Freelancer","Android",11.1,3.8,7,8.9,9,14,0,9.2
"U49611",60,"Female","Professional","Android",8.3,5.5,1,4.9,1,31,2,8.2
"U49612",54,"Male","Freelancer","iOS",10.5,5.9,8,8,4,39,0,6.8
"U49613",49,"Male","Business Owner","iOS",4.3,5.8,5,8.2,2,44,1,6
"U49614",50,"Other","Professional","iOS",1,0.7,9,5.4,7,51,0,11.8
"U49615",38,"Male","Business Owner","iOS",11.2,7.1,7,6.5,2,15,0,13.5
"U49616",39,"Female","Business Owner","iOS",2.2,1.4,2,4.5,4,11,5,12.5
"U49617",18,"Other","Business Owner","iOS",9.7,1.1,5,7.4,8,46,0,9.2
"U49618",21,"Male","Professional","iOS",6.4,4.5,4,7.4,7,36,4,11
"U49619",59,"Female","Business Owner","Android",1.1,1.3,1,6.6,7,15,5,5.6
"U49620",36,"Other","Freelancer","Android",9.9,4.2,2,4.5,4,15,0,8.7
"U49621",35,"Female","Business Owner","Android",2.6,1.4,1,6.8,3,8,1,5.6
"U49622",41,"Male","Freelancer","iOS",4.8,5.1,4,7.3,7,9,3,10.7
"U49623",60,"Other","Freelancer","Android",9.4,1.6,10,5.4,4,29,0,12
"U49624",20,"Female","Business Owner","iOS",1.8,2.1,9,5.4,2,45,1,4.3
"U49625",46,"Male","Business Owner","Android",3.5,7.2,7,7.5,7,24,0,13.2
"U49626",26,"Other","Student","iOS",11.2,4.4,1,5,3,54,6,13.9
"U49627",56,"Female","Student","iOS",9,4.7,7,4.2,3,35,2,8.2
"U49628",43,"Male","Professional","iOS",3.2,2.8,5,6.4,1,18,1,12.2
"U49629",28,"Male","Business Owner","Android",10.4,2.2,2,6.6,5,43,2,4.2
"U49630",57,"Female","Freelancer","Android",10.2,5.2,10,4.8,5,51,1,6.6
"U49631",19,"Female","Professional","iOS",2.1,3.7,1,6.5,10,5,1,8.8
"U49632",23,"Male","Professional","iOS",9.3,0.5,3,7.5,9,52,2,6
"U49633",19,"Other","Freelancer","Android",4.2,1.8,2,7.3,4,35,0,9.8
"U49634",46,"Female","Freelancer","Android",11.2,6.3,2,4.2,5,12,5,5.5
"U49635",57,"Other","Freelancer","iOS",6.3,4.7,2,4.3,7,49,0,13
"U49636",32,"Other","Freelancer","Android",2.7,1.2,8,7.5,4,10,1,8.5
"U49637",29,"Other","Student","iOS",3.8,7.6,9,5,2,54,3,10
"U49638",27,"Other","Freelancer","Android",3.2,1.7,10,7.9,7,34,3,7.2
"U49639",43,"Male","Professional","iOS",5.3,5.1,3,4.6,8,6,0,3.3
"U49640",40,"Other","Business Owner","iOS",9.4,2.1,7,8.9,9,12,4,7.5
"U49641",27,"Male","Student","iOS",5.6,2.9,8,7.3,2,45,3,12.2
"U49642",46,"Male","Professional","iOS",6.8,3.6,10,9,4,46,2,10.6
"U49643",51,"Female","Freelancer","iOS",10.2,7.2,10,8.5,4,12,0,3
"U49644",28,"Female","Freelancer","Android",6.8,6.7,6,7,6,27,2,12.6
"U49645",40,"Female","Professional","Android",8,6.8,10,8.3,10,13,3,12.2
"U49646",36,"Other","Business Owner","iOS",2.5,0.6,5,6.8,7,28,5,13.6
"U49647",42,"Other","Student","iOS",3.9,3.5,6,5.6,1,34,2,11.6
"U49648",33,"Female","Business Owner","Android",10.3,4.7,9,8.7,5,25,6,5.6
"U49649",19,"Other","Business Owner","iOS",2.3,6.3,4,5,10,21,2,9.2
"U49650",39,"Male","Student","iOS",5.3,4,4,4.7,7,54,3,9.5
"U49651",57,"Other","Professional","Android",9.1,5.9,9,6.8,8,55,5,10.5
"U49652",37,"Other","Business Owner","Android",11.1,7.2,10,6.4,3,42,3,3.1
"U49653",60,"Female","Professional","iOS",2.3,3.8,1,6.7,8,60,4,12.1
"U49654",23,"Female","Freelancer","iOS",5.8,6.4,7,5.3,3,45,1,3.7
"U49655",40,"Male","Student","iOS",5.7,2.3,6,8.7,9,23,4,6.1
"U49656",45,"Male","Business Owner","Android",10.7,5,6,5.7,2,26,0,10.1
"U49657",49,"Female","Freelancer","iOS",3.2,7.8,7,7.1,8,44,3,4.7
"U49658",25,"Female","Student","iOS",8.4,3.1,5,6.8,4,20,5,9.8
"U49659",22,"Female","Professional","Android",9.6,6.7,5,6.1,3,40,5,10.2
"U49660",47,"Other","Student","Android",9.7,4.4,6,8.4,7,23,1,8.2
"U49661",46,"Other","Business Owner","iOS",8.5,3.5,3,6.4,8,44,6,9.2
"U49662",38,"Other","Student","Android",11,1.6,2,4.6,1,56,0,12.2
"U49663",31,"Male","Student","iOS",4.7,0.8,6,7.2,8,19,3,11.6
"U49664",55,"Male","Student","iOS",1.8,6.1,5,7,4,5,2,12.5
"U49665",53,"Female","Freelancer","iOS",9.2,1.7,5,7.8,10,19,1,12.9
"U49666",46,"Other","Freelancer","iOS",2.6,3.4,7,6.3,3,53,2,6.3
"U49667",28,"Male","Student","iOS",7,0.7,6,9,9,17,4,6.2
"U49668",35,"Male","Freelancer","iOS",1.2,1.3,9,6.1,5,59,1,13.7
"U49669",58,"Female","Business Owner","iOS",11.1,7.1,5,6.2,3,13,4,10.6
"U49670",38,"Female","Professional","iOS",5.8,3,7,4.4,5,40,0,6.8
"U49671",53,"Male","Professional","iOS",11,6.5,10,7.3,2,11,1,10.1
"U49672",23,"Other","Student","Android",10.1,5.4,9,4.4,3,6,1,5.9
"U49673",55,"Male","Freelancer","Android",8.3,1.6,6,4.6,3,23,0,6.3
"U49674",53,"Male","Business Owner","iOS",2.7,7.3,7,6.3,7,53,0,10.7
"U49675",47,"Male","Professional","Android",9.2,5.7,5,6.9,7,5,6,7.3
"U49676",60,"Male","Business Owner","Android",9.6,6,3,4.1,9,5,6,11
"U49677",20,"Male","Professional","Android",3.3,4.7,2,4.3,10,7,1,8.3
"U49678",50,"Male","Student","Android",2.3,2,2,4.3,10,50,5,13.3
"U49679",60,"Other","Professional","iOS",4.4,4.9,10,5.8,8,51,6,2.2
"U49680",50,"Male","Student","iOS",10,3.5,1,7.7,9,33,6,11.8
"U49681",37,"Male","Freelancer","iOS",6.9,1.4,6,6.4,10,8,2,11.1
"U49682",18,"Other","Freelancer","iOS",8.9,2.6,4,6.5,4,21,5,9.6
"U49683",49,"Male","Business Owner","iOS",1.6,3.4,2,5.5,10,17,1,5.4
"U49684",39,"Other","Professional","Android",6.4,6.6,6,7,10,15,4,11.9
"U49685",38,"Female","Business Owner","Android",12,7.9,4,6.8,5,39,1,3.7
"U49686",30,"Other","Professional","iOS",8.4,2.1,1,7.4,10,44,2,12.6
"U49687",53,"Other","Business Owner","iOS",8.5,1.5,3,4.4,9,42,0,6.2
"U49688",18,"Male","Freelancer","iOS",3.3,1.2,5,7.6,6,30,6,2.3
"U49689",41,"Male","Business Owner","iOS",10.2,2.4,6,4.3,9,54,6,9.1
"U49690",30,"Female","Business Owner","Android",5.6,5.6,1,4.6,8,32,2,3.9
"U49691",43,"Female","Student","Android",4.9,7.9,7,5.4,10,39,2,5.7
"U49692",39,"Male","Professional","Android",11,3.9,7,5.5,5,26,5,5.8
"U49693",57,"Male","Student","Android",8.8,5.9,10,7.8,3,59,3,11.6
"U49694",58,"Female","Freelancer","Android",1.5,5.6,6,4,5,43,0,5
"U49695",48,"Female","Business Owner","Android",9.6,4.9,3,4.8,10,49,2,7.7
"U49696",27,"Male","Professional","iOS",8.3,2.5,3,4.2,2,44,2,7.6
"U49697",45,"Male","Student","Android",2.6,6.6,7,6.2,9,37,0,6.9
"U49698",51,"Other","Freelancer","iOS",1.8,4.8,5,8.9,10,11,5,5.4
"U49699",31,"Female","Business Owner","Android",11,4.8,5,5,6,39,5,6.3
"U49700",57,"Male","Freelancer","iOS",8.8,6.4,1,6.5,6,45,3,8.7
"U49701",41,"Female","Business Owner","Android",4.8,4.1,10,5.7,5,11,6,6.1
"U49702",20,"Male","Freelancer","iOS",1.1,5.9,6,8.1,2,29,6,9
"U49703",47,"Female","Professional","Android",9.8,1,1,4.1,4,18,0,5.1
"U49704",19,"Female","Freelancer","Android",2.2,5.3,7,6.7,10,28,0,5.3
"U49705",40,"Female","Business Owner","Android",6.6,3.2,6,5.9,9,20,5,9.9
"U49706",23,"Female","Student","Android",7.4,7.7,3,6.6,6,36,6,12.8
"U49707",30,"Male","Professional","iOS",2.1,6.2,4,4.8,1,53,2,2.3
"U49708",20,"Other","Business Owner","Android",5.4,0.5,6,8.9,5,27,3,13.5
"U49709",44,"Female","Freelancer","Android",9.8,0.7,8,7.7,10,35,5,12.9
"U49710",56,"Other","Student","Android",10.8,5.7,8,4.8,4,29,5,6
"U49711",44,"Other","Freelancer","iOS",5.9,6.9,2,4.6,3,7,5,5
"U49712",46,"Male","Professional","iOS",7.5,0.6,9,6.8,4,7,4,9
"U49713",29,"Male","Student","iOS",2.5,5,10,6.3,2,14,2,13.6
"U49714",22,"Female","Freelancer","iOS",3.7,5.8,1,5.7,7,40,2,4.2
"U49715",26,"Female","Business Owner","iOS",5.7,2.9,2,5.2,3,34,4,9.3
"U49716",52,"Male","Business Owner","Android",4.5,3.8,2,8.3,6,45,5,13.3
"U49717",24,"Male","Professional","Android",1,3.8,5,4.1,4,8,3,6.2
"U49718",38,"Other","Freelancer","Android",9.3,2.3,5,8.1,8,6,2,11.3
"U49719",42,"Other","Professional","iOS",6.4,6.7,5,8.4,8,55,1,9.8
"U49720",53,"Other","Business Owner","Android",2.2,3.2,8,5.4,3,15,4,4.6
"U49721",33,"Other","Business Owner","iOS",5.1,4.6,2,5.1,9,44,5,6.5
"U49722",53,"Female","Freelancer","Android",2.4,2.4,3,8.1,1,57,1,4.5
"U49723",46,"Female","Professional","Android",10.9,7.8,3,6,1,30,5,5.3
"U49724",19,"Female","Student","iOS",3.4,6.7,3,8.4,5,59,3,12.6
"U49725",29,"Other","Freelancer","Android",8.9,6.9,8,8.9,10,60,0,12
"U49726",48,"Female","Business Owner","Android",5.1,0.9,10,4.6,1,27,2,12.3
"U49727",51,"Other","Student","iOS",9,6.4,6,8.6,1,60,2,3.4
"U49728",39,"Male","Professional","Android",7.7,5.7,5,4.1,8,18,4,10.8
"U49729",32,"Female","Business Owner","iOS",7.4,6.8,6,8.9,5,29,5,9.1
"U49730",46,"Other","Freelancer","iOS",3.9,7.2,8,8,4,20,5,10
"U49731",54,"Other","Freelancer","Android",9.5,2,9,6.8,1,37,4,4.1
"U49732",53,"Male","Freelancer","Android",2.1,5.3,4,5.8,9,43,5,10.5
"U49733",27,"Female","Freelancer","Android",7.1,6.5,4,8.8,6,59,3,13.1
"U49734",25,"Female","Professional","iOS",4.8,7.4,5,6.1,7,56,0,13
"U49735",36,"Male","Freelancer","iOS",4.1,6.6,10,6.2,7,18,5,2.9
"U49736",54,"Female","Freelancer","iOS",8.1,5.8,3,8.2,2,42,5,8.9
"U49737",28,"Female","Student","iOS",2.1,0.9,6,6.7,10,16,3,12.6
"U49738",37,"Male","Business Owner","Android",10.7,3.5,8,8.6,7,32,0,2.6
"U49739",23,"Female","Student","iOS",8.4,2.8,6,5.8,1,53,1,7.4
"U49740",32,"Other","Professional","iOS",8.9,4.2,5,5.8,5,37,2,6.8
"U49741",48,"Other","Professional","iOS",3.1,2.5,8,5.3,3,5,0,5.5
"U49742",24,"Other","Business Owner","Android",7.7,7.3,1,7.7,5,38,6,6.3
"U49743",48,"Male","Student","Android",10.9,5.8,4,7.8,3,11,4,10.6
"U49744",33,"Male","Freelancer","Android",8.3,7.1,8,5.4,8,21,4,8.5
"U49745",18,"Female","Student","iOS",2.5,5.4,3,5.7,5,39,2,12.1
"U49746",45,"Female","Professional","Android",10.4,1.4,6,7.6,10,22,4,8.7
"U49747",30,"Male","Professional","Android",4.9,5.8,9,6,3,12,6,4.1
"U49748",54,"Male","Professional","iOS",9.5,4.5,8,7.5,3,28,4,8.6
"U49749",20,"Other","Freelancer","Android",10.3,7.8,8,8.3,8,49,1,11.8
"U49750",51,"Other","Professional","iOS",10.6,7,7,8.6,6,5,6,3.7
"U49751",41,"Female","Professional","iOS",8.8,6.2,1,7.6,9,25,4,13.8
"U49752",51,"Other","Professional","iOS",2.1,5.9,1,5.5,2,8,4,14
"U49753",31,"Female","Student","iOS",9.6,3.4,2,5.4,2,57,2,6.5
"U49754",20,"Female","Business Owner","Android",4.1,1.8,2,6.6,1,60,4,4.5
"U49755",44,"Female","Student","Android",4.9,1.4,6,5.2,3,58,2,8.4
"U49756",53,"Male","Student","iOS",11.3,7.2,9,6.8,4,39,6,10
"U49757",34,"Female","Student","iOS",11.5,4.9,7,6.2,7,11,1,5.7
"U49758",50,"Female","Business Owner","Android",6.8,6.3,1,7.9,9,27,5,5.8
"U49759",31,"Male","Freelancer","Android",3.1,4,10,7.2,2,6,5,13.9
"U49760",45,"Male","Freelancer","Android",7,6.1,10,6.1,1,36,2,5.2
"U49761",51,"Male","Freelancer","Android",11.3,2.1,7,8.5,7,59,0,13.3
"U49762",25,"Male","Business Owner","Android",10.2,5.5,2,6.8,6,15,0,3.8
"U49763",45,"Female","Professional","Android",1.6,4.8,9,6.2,10,18,3,4.3
"U49764",46,"Female","Professional","iOS",3.5,1.3,2,6.7,3,20,5,13.1
"U49765",28,"Other","Professional","Android",1.1,1.6,7,7,7,5,1,13.5
"U49766",30,"Female","Student","Android",11,4.2,8,8,10,11,5,4.4
"U49767",52,"Male","Professional","iOS",6.3,7.7,1,4.6,10,48,0,12.2
"U49768",43,"Female","Business Owner","iOS",6.2,7,1,6,9,40,0,13.4
"U49769",45,"Male","Student","Android",6.5,2.8,4,5.5,7,7,4,9.3
"U49770",39,"Female","Student","iOS",11.2,6.5,1,7.4,10,38,0,5.3
"U49771",60,"Female","Student","iOS",3.3,3.7,10,6.8,3,17,5,13.4
"U49772",44,"Male","Student","Android",5,2.2,1,7.8,8,32,6,14
"U49773",20,"Female","Freelancer","Android",7.5,5.7,1,5.3,10,11,3,5.7
"U49774",43,"Male","Student","Android",8.2,7,7,4.4,9,12,0,13
"U49775",48,"Male","Freelancer","iOS",11.9,1.5,6,8.9,5,38,0,5.3
"U49776",48,"Other","Student","Android",4.4,7.2,1,6.1,1,43,1,11.3
"U49777",41,"Male","Business Owner","iOS",7.8,5,10,8.8,5,8,1,7.8
"U49778",40,"Female","Business Owner","iOS",6.8,4.8,4,6.3,3,40,0,6
"U49779",54,"Female","Business Owner","iOS",7.9,2.4,5,8.8,5,35,2,3
"U49780",40,"Male","Student","Android",7.1,3.1,6,7.1,7,15,0,7.9
"U49781",46,"Female","Professional","Android",4.4,1.9,5,8.3,8,18,3,11.5
"U49782",33,"Other","Professional","Android",5.4,3.2,2,8,2,48,3,8
"U49783",38,"Male","Professional","iOS",6.1,2.5,2,6.2,9,55,3,2.2
"U49784",36,"Male","Business Owner","Android",9.5,0.8,1,8.7,6,30,0,10.5
"U49785",24,"Female","Business Owner","iOS",8.3,5.6,8,5.9,1,51,0,2.9
"U49786",18,"Male","Student","iOS",1.2,4.4,8,8.2,7,51,6,12.1
"U49787",38,"Other","Professional","Android",4.2,4.4,10,5,5,7,3,11.5
"U49788",58,"Male","Business Owner","iOS",4.9,7,7,4.4,5,53,1,4.5
"U49789",60,"Other","Business Owner","Android",3.4,4.5,8,5.5,8,19,5,3.4
"U49790",46,"Female","Student","Android",4.5,6.6,9,5.5,10,43,5,11.1
"U49791",48,"Other","Freelancer","Android",10.1,2.5,5,6.2,6,51,5,8.5
"U49792",60,"Other","Student","iOS",1.5,4.8,5,7.9,2,56,1,10.9
"U49793",26,"Female","Professional","iOS",4.2,6.2,6,5.6,6,19,5,6.5
"U49794",40,"Other","Professional","Android",2.7,2.1,4,5.8,2,51,1,12.3
"U49795",18,"Other","Student","Android",6.6,8,2,8.6,3,48,1,13.1
"U49796",36,"Other","Freelancer","Android",2.4,7.1,3,6.2,3,30,4,9.8
"U49797",20,"Male","Professional","Android",2.6,4.7,4,5.8,2,38,4,11.1
"U49798",29,"Male","Student","Android",10.3,5.3,7,7.2,10,32,2,9.9
"U49799",39,"Other","Student","Android",9.9,7.6,1,6.5,2,31,6,12.7
"U49800",52,"Male","Business Owner","Android",10.1,4.5,6,7.6,10,54,4,5.3
"U49801",59,"Male","Freelancer","iOS",10.3,5.2,6,5.9,7,55,5,2.8
"U49802",57,"Other","Professional","iOS",2.4,3,5,8.9,3,45,0,7.1
"U49803",50,"Other","Freelancer","Android",5.7,5.9,8,4.1,1,39,6,7.9
"U49804",53,"Male","Business Owner","iOS",9.6,7,6,5.2,4,52,5,10.7
"U49805",22,"Female","Business Owner","iOS",4.8,7.6,1,7.4,8,15,5,12.5
"U49806",19,"Female","Freelancer","Android",9.1,4.2,6,6.8,3,38,5,13.7
"U49807",58,"Other","Business Owner","Android",10.7,7.7,8,6.2,7,15,1,9.2
"U49808",52,"Female","Freelancer","iOS",3.4,2.8,1,9,10,27,4,11
"U49809",38,"Other","Freelancer","Android",3,2.4,9,8.5,9,45,4,8.5
"U49810",38,"Other","Freelancer","iOS",2.5,2.2,10,5.2,8,20,1,6.8
"U49811",51,"Female","Professional","iOS",8.7,0.9,5,4.3,9,51,0,12.5
"U49812",46,"Other","Freelancer","iOS",4.3,8,1,7.5,3,20,1,9.1
"U49813",27,"Other","Professional","iOS",5,5.5,8,4.4,8,38,2,5.7
"U49814",31,"Other","Professional","iOS",9.5,1.5,4,4.1,6,8,2,4.2
"U49815",39,"Male","Business Owner","iOS",8,0.8,9,8.7,2,19,5,6.8
"U49816",49,"Other","Business Owner","iOS",10.4,1.8,3,5.2,5,47,2,13.3
"U49817",50,"Other","Professional","Android",10.9,1.6,10,5.3,2,60,5,13.4
"U49818",36,"Male","Student","iOS",5.4,5.9,5,5.6,10,12,2,2.9
"U49819",41,"Other","Freelancer","Android",6.6,2.3,4,6.4,6,11,6,8
"U49820",48,"Other","Student","iOS",10.4,3.8,9,4.8,7,60,0,8.9
"U49821",58,"Other","Professional","iOS",9,6.7,4,5.9,10,57,5,3.2
"U49822",27,"Other","Student","iOS",6,1.7,6,6,8,32,0,11.1
"U49823",20,"Male","Professional","iOS",8.8,0.5,7,5.6,3,39,6,9.5
"U49824",51,"Male","Professional","Android",12,6.3,6,5.6,2,21,0,9.1
"U49825",19,"Female","Business Owner","iOS",9.9,6.7,10,4.1,2,60,1,4.2
"U49826",27,"Female","Student","Android",7.6,1.1,8,8.8,9,14,4,2
"U49827",36,"Other","Professional","iOS",5.2,6.4,1,8.3,5,25,6,13.1
"U49828",25,"Female","Freelancer","iOS",6.7,2,9,4.9,4,28,0,12.6
"U49829",19,"Male","Professional","iOS",5.3,3.3,2,8.3,1,14,6,3.1
"U49830",36,"Male","Student","iOS",6.8,2.3,1,7.7,3,35,1,12.2
"U49831",23,"Other","Business Owner","Android",1.4,4.1,10,8.2,6,32,3,5.4
"U49832",41,"Male","Freelancer","iOS",4.7,6.9,2,4.9,2,56,3,4.6
"U49833",21,"Female","Freelancer","iOS",2.4,1.2,5,8.2,6,12,6,9.6
"U49834",47,"Female","Student","Android",7.5,4.4,9,6.7,4,58,6,8.5
"U49835",37,"Other","Student","Android",4.7,3.1,1,4.4,1,31,4,2.4
"U49836",55,"Female","Business Owner","iOS",11.3,4.2,9,4.7,1,38,3,6.3
"U49837",33,"Male","Professional","iOS",2.8,7.8,3,4.8,3,38,2,13.3
"U49838",25,"Female","Student","Android",8.3,2.1,7,4.8,10,44,2,11.8
"U49839",43,"Female","Student","iOS",6.3,7.7,10,7,9,28,4,9.2
"U49840",42,"Female","Freelancer","Android",6.1,3.9,5,7,5,48,5,6.3
"U49841",18,"Male","Business Owner","Android",10.8,2.2,7,5.6,6,58,6,6.7
"U49842",51,"Other","Business Owner","iOS",2.8,5.6,9,8.5,10,48,6,9.4
"U49843",60,"Female","Freelancer","Android",2.5,4.9,5,4.3,8,44,5,3.2
"U49844",25,"Male","Student","iOS",1.4,6.7,7,7.9,3,31,2,7.9
"U49845",45,"Female","Freelancer","Android",4.9,2.1,5,6.7,3,50,0,2
"U49846",25,"Other","Professional","iOS",6,0.8,1,6.5,6,36,0,5.4
"U49847",23,"Other","Freelancer","iOS",9,6.3,4,7.6,3,40,3,10.5
"U49848",39,"Male","Freelancer","iOS",10.5,2.1,5,7,9,19,0,11.7
"U49849",58,"Male","Professional","iOS",2.3,5.4,5,6.8,10,39,5,2.4
"U49850",41,"Other","Student","iOS",8,4.8,8,8.1,8,39,1,12.6
"U49851",58,"Female","Professional","iOS",7.1,3,9,4.2,7,28,5,9.2
"U49852",42,"Male","Freelancer","iOS",7.1,0.9,3,6.8,3,8,3,8.2
"U49853",45,"Female","Business Owner","iOS",5.1,2.3,5,4,6,57,5,11.4
"U49854",23,"Male","Freelancer","iOS",1.4,6.4,7,8.3,7,13,1,10
"U49855",32,"Male","Freelancer","Android",2.5,6.1,5,5.6,10,29,0,9.1
"U49856",59,"Female","Student","iOS",10.5,4.1,8,9,1,39,5,12.8
"U49857",36,"Male","Professional","iOS",6.2,8,9,7.9,6,24,1,4.6
"U49858",19,"Other","Student","Android",7.5,1.2,1,5.2,2,16,1,6.7
"U49859",35,"Other","Professional","Android",1.7,2.6,2,6,7,18,4,11.1
"U49860",46,"Male","Student","iOS",11.2,4.2,2,7.9,5,43,5,10.1
"U49861",60,"Other","Student","Android",3.2,0.6,5,5.4,2,39,6,11.6
"U49862",59,"Female","Student","iOS",10.5,6.7,10,4.7,7,36,2,6.5
"U49863",40,"Other","Student","Android",10.9,4.8,9,6.6,1,15,3,5.1
"U49864",20,"Female","Professional","Android",2.3,1,6,8.7,2,42,3,7.3
"U49865",20,"Male","Student","iOS",10.2,7.2,7,4.4,6,43,0,13.2
"U49866",20,"Male","Business Owner","iOS",10,3.5,7,6.3,8,59,4,6.9
"U49867",37,"Other","Freelancer","iOS",1.4,2.7,3,7.8,5,46,0,10.8
"U49868",39,"Female","Freelancer","iOS",1.2,7.3,1,4.5,6,24,6,13.2
"U49869",53,"Male","Student","Android",7,1.6,10,4.4,9,43,3,3.4
"U49870",37,"Other","Business Owner","iOS",5,4,1,6.1,2,43,5,9.4
"U49871",20,"Female","Business Owner","iOS",4.6,5.3,2,5.6,3,52,6,2.5
"U49872",59,"Female","Business Owner","iOS",1.1,6.7,1,4.1,6,28,3,10.7
"U49873",53,"Female","Professional","iOS",11.3,5.8,4,7.7,6,26,2,6.3
"U49874",55,"Male","Student","iOS",11.2,6.3,4,7.7,1,26,2,5.8
"U49875",26,"Male","Business Owner","Android",9.6,3.2,1,5.7,7,32,1,8.9
"U49876",26,"Female","Business Owner","Android",7.2,5.7,5,4.8,8,27,6,5.4
"U49877",58,"Other","Freelancer","Android",2.5,2.4,6,6.1,3,16,6,5.9
"U49878",48,"Female","Student","Android",4.4,4.7,9,6.9,7,57,1,11.4
"U49879",19,"Male","Business Owner","Android",4.4,5,1,6.3,8,14,3,8.1
"U49880",43,"Male","Freelancer","Android",3.7,1.3,6,8.6,6,52,3,2.8
"U49881",54,"Other","Business Owner","Android",7.4,1.9,4,5.4,1,5,2,3.4
"U49882",57,"Male","Freelancer","Android",4.9,0.6,6,4.1,10,28,1,10.1
"U49883",20,"Female","Business Owner","iOS",11,0.5,5,4.3,9,48,1,8.9
"U49884",59,"Male","Freelancer","Android",7.7,4.1,4,4.5,5,34,5,12.1
"U49885",42,"Female","Student","Android",5.9,4.9,5,7.7,8,40,4,11.3
"U49886",37,"Female","Business Owner","Android",5.2,1.7,6,5.8,5,58,0,5.3
"U49887",56,"Other","Business Owner","Android",4.3,2.9,4,7.6,5,31,4,4.8
"U49888",37,"Female","Professional","iOS",3.8,2.1,5,5.7,4,35,0,6.8
"U49889",57,"Female","Freelancer","iOS",5.8,4.3,2,8.3,8,17,2,13.7
"U49890",33,"Female","Professional","Android",2.8,6.2,9,4.7,10,14,0,13.1
"U49891",39,"Male","Professional","Android",10.2,0.9,2,5.9,4,6,3,7.1
"U49892",45,"Male","Freelancer","Android",4.2,1.2,3,8.7,7,45,6,13.5
"U49893",59,"Other","Professional","iOS",10.2,0.9,9,4.3,7,59,0,6.7
"U49894",40,"Female","Student","Android",7,4.4,7,4.2,5,6,5,12.6
"U49895",59,"Male","Professional","Android",5,2,6,8,4,49,4,4.7
"U49896",50,"Other","Freelancer","Android",5.2,1.5,10,6.7,8,15,2,12.9
"U49897",20,"Female","Student","iOS",2.1,5.6,6,7.1,5,18,2,13.5
"U49898",32,"Female","Professional","Android",9.2,6.7,9,6,10,56,6,6.3
"U49899",59,"Female","Professional","iOS",11.4,2.4,2,7.3,7,30,4,7.8
"U49900",43,"Female","Student","iOS",7.2,4.4,4,7.6,8,32,5,10.2
"U49901",31,"Male","Student","Android",5.2,7.2,10,8.4,2,36,4,5.2
"U49902",53,"Male","Freelancer","iOS",10.9,5.6,10,4.7,4,44,4,5
"U49903",31,"Other","Freelancer","iOS",4.8,3.4,1,7.2,4,30,6,2.5
"U49904",43,"Other","Student","iOS",11.2,6.5,9,4.8,3,21,4,8.9
"U49905",36,"Other","Business Owner","iOS",6.9,2.8,5,7.5,5,35,1,10.5
"U49906",49,"Other","Freelancer","iOS",1,1.2,9,4,6,20,4,6.2
"U49907",26,"Male","Student","iOS",5.7,7.8,6,6.4,4,59,0,9.6
"U49908",28,"Other","Professional","Android",8.8,6.5,7,4,6,20,4,8
"U49909",37,"Other","Business Owner","iOS",11.9,6.1,8,8.1,10,36,2,2.8
"U49910",41,"Other","Professional","Android",5,0.6,10,6.9,6,32,1,3.6
"U49911",38,"Male","Professional","Android",1.9,2.2,6,6.4,5,26,1,8.9
"U49912",50,"Other","Professional","Android",1.7,4.9,3,6.6,1,10,3,5.7
"U49913",24,"Other","Freelancer","Android",8.6,6.8,9,5.3,6,52,4,11.6
"U49914",49,"Female","Business Owner","Android",11.7,4.9,10,6.8,6,36,4,12.1
"U49915",20,"Other","Student","Android",10.3,3.3,4,8.9,6,24,3,5.3
"U49916",51,"Male","Professional","Android",2.6,1.9,4,4.2,3,29,1,7.6
"U49917",32,"Male","Business Owner","iOS",4.8,0.5,6,8.9,4,40,5,11.4
"U49918",33,"Male","Professional","iOS",2.1,1,3,6.8,5,14,6,13.1
"U49919",40,"Female","Professional","iOS",11.6,3.5,8,8.6,5,20,6,11.9
"U49920",22,"Other","Student","iOS",11.7,2.4,10,5.4,10,55,2,12.7
"U49921",36,"Female","Business Owner","iOS",1.4,5.3,7,4.6,3,7,6,12.1
"U49922",59,"Other","Freelancer","Android",7.5,5.4,6,5.4,8,12,5,13.3
"U49923",60,"Female","Freelancer","iOS",7.3,2.6,7,6.1,2,35,4,12.9
"U49924",29,"Male","Business Owner","Android",7.4,1.5,9,8.8,4,48,0,12.1
"U49925",34,"Female","Student","Android",3.1,2.1,8,4.5,3,30,1,10
"U49926",35,"Male","Student","iOS",11.5,4.4,1,6.7,3,28,5,13.8
"U49927",59,"Other","Business Owner","iOS",2.9,1.9,2,6.7,5,39,6,3.9
"U49928",58,"Other","Business Owner","Android",3,3.5,3,8.4,4,49,3,6.2
"U49929",57,"Male","Student","iOS",11.7,3.7,2,8.4,6,52,4,8.3
"U49930",58,"Female","Freelancer","iOS",3.3,6.8,3,7.5,3,44,0,6.8
"U49931",44,"Female","Freelancer","Android",5,4.1,2,7.5,9,10,5,12.5
"U49932",43,"Female","Professional","iOS",2.3,3.2,7,4.2,9,5,4,13.2
"U49933",33,"Male","Student","iOS",6.6,6.4,10,4.6,10,9,1,8.1
"U49934",60,"Male","Business Owner","iOS",4,3.2,9,4.9,4,28,6,2.9
"U49935",56,"Female","Freelancer","iOS",7.9,0.8,6,8.2,3,22,6,2.6
"U49936",20,"Male","Business Owner","Android",6.1,1.5,7,6.8,6,13,1,11.3
"U49937",20,"Female","Freelancer","iOS",5.8,5.8,9,8.1,10,22,4,7.7
"U49938",20,"Female","Student","Android",7.8,7.2,6,5.8,6,29,1,5.9
"U49939",34,"Other","Freelancer","Android",2.2,1.4,1,4.9,8,18,2,7.5
"U49940",40,"Male","Professional","Android",2.8,6.4,6,6.3,5,53,5,10.3
"U49941",31,"Male","Business Owner","Android",9.9,1.3,2,5.9,6,8,3,3.3
"U49942",55,"Female","Freelancer","Android",2.6,3.4,6,6.9,10,60,6,11.6
"U49943",53,"Male","Student","Android",8.9,0.7,8,7.3,6,10,0,7.7
"U49944",19,"Other","Student","Android",11.2,5.4,10,8.6,9,10,3,13.8
"U49945",35,"Female","Freelancer","Android",11.2,7.2,3,7.4,2,60,2,9.4
"U49946",53,"Female","Freelancer","iOS",2.3,5,1,7.6,9,17,5,6.5
"U49947",52,"Other","Professional","Android",4.4,2.3,9,8.7,8,10,4,13.3
"U49948",44,"Female","Freelancer","Android",6.9,1,3,4.6,4,35,1,13.5
"U49949",49,"Female","Student","iOS",7.9,0.7,4,6.8,8,39,3,6.4
"U49950",58,"Male","Professional","Android",4.4,6.1,5,6.2,9,6,4,4.1
"U49951",28,"Other","Student","Android",9.5,2.9,3,7.5,7,6,1,6
"U49952",38,"Male","Student","Android",6.4,7.9,8,8.4,2,53,5,10.4
"U49953",24,"Other","Business Owner","iOS",11.2,3.9,3,7,4,45,4,6.2
"U49954",37,"Male","Freelancer","iOS",11.1,6.8,5,4.6,10,28,1,9.9
"U49955",18,"Male","Student","Android",9.4,6.5,2,8.8,10,24,3,5.5
"U49956",54,"Male","Business Owner","Android",4.2,4.3,7,8.4,1,46,5,13.6
"U49957",42,"Female","Professional","Android",9.5,2.4,10,8,5,15,1,3.7
"U49958",25,"Female","Freelancer","iOS",4.1,1.6,3,7.5,5,54,6,10
"U49959",46,"Female","Business Owner","Android",2.3,7.8,6,7.9,7,19,3,8.2
"U49960",21,"Male","Professional","Android",11.9,4,10,7.5,2,21,0,12.1
"U49961",54,"Male","Professional","iOS",1,2.2,9,8,7,52,0,3.4
"U49962",55,"Female","Business Owner","iOS",3.2,5.5,5,7.5,7,55,2,9.5
"U49963",50,"Other","Freelancer","Android",3.5,4,5,4.3,8,5,4,2.2
"U49964",46,"Male","Business Owner","iOS",4.9,7,3,8.8,9,42,3,9.2
"U49965",31,"Other","Business Owner","Android",11.8,2.2,3,7.8,10,33,3,11.7
"U49966",22,"Male","Freelancer","iOS",4.6,3,1,6.9,7,17,2,7
"U49967",49,"Female","Professional","Android",6.6,2.6,3,7.5,7,58,5,8.5
"U49968",18,"Male","Freelancer","Android",10.6,6.6,7,4.2,3,18,6,10.6
"U49969",55,"Female","Student","iOS",7.1,6.5,4,7.5,7,30,3,3.6
"U49970",50,"Female","Professional","iOS",1.4,1.8,10,5.9,4,24,1,12.7
"U49971",25,"Male","Freelancer","Android",11.2,2.8,3,7.1,1,39,6,9.7
"U49972",43,"Other","Business Owner","Android",3.7,2.7,2,6.9,9,20,3,13.9
"U49973",44,"Other","Professional","Android",5.3,5.7,4,5.9,7,51,3,13.2
"U49974",52,"Other","Business Owner","Android",6.6,3,4,6.5,6,48,1,2.1
"U49975",53,"Female","Freelancer","Android",1.4,3.8,6,7.3,9,19,1,5.7
"U49976",24,"Female","Professional","iOS",5.3,1,3,5.4,2,33,0,8.2
"U49977",32,"Other","Business Owner","iOS",1.6,5.2,9,8.8,7,29,3,9.2
"U49978",19,"Male","Professional","Android",10.7,4.8,1,6.2,2,23,2,3.6
"U49979",32,"Male","Business Owner","Android",6.8,4.3,7,4.3,1,55,6,12.9
"U49980",58,"Male","Professional","Android",7.3,6.1,4,6.8,8,20,0,2.8
"U49981",52,"Other","Student","Android",4.2,3.1,1,6.4,9,26,1,11.8
"U49982",36,"Male","Freelancer","Android",8.4,6.7,1,4.5,10,23,6,8.3
"U49983",42,"Female","Professional","iOS",9.3,6.8,3,7.8,9,13,4,7.5
"U49984",56,"Other","Freelancer","iOS",8.9,3.4,3,8.3,3,53,6,7
"U49985",24,"Male","Student","iOS",7.1,7,4,8.5,8,28,6,9.8
"U49986",29,"Male","Student","iOS",2.2,4.1,8,7.6,8,59,5,13.5
"U49987",53,"Male","Professional","iOS",6.4,2.9,10,5.4,1,7,4,8.7
"U49988",24,"Male","Student","iOS",3.7,7.6,2,6.8,9,11,5,8.1
"U49989",41,"Male","Student","Android",1.8,6.3,2,4.9,8,56,4,3
"U49990",21,"Female","Student","Android",6.9,1.2,2,8.3,4,10,1,8.6
"U49991",24,"Other","Freelancer","iOS",6.1,7.4,9,6.8,6,23,1,2.6
"U49992",42,"Female","Business Owner","Android",11.1,1.4,6,8.2,7,33,5,8.6
"U49993",34,"Male","Professional","iOS",10.1,4.1,3,7.3,8,36,3,5.7
"U49994",38,"Other","Freelancer","Android",2.2,3.1,1,4.1,10,18,4,4
"U49995",34,"Male","Student","Android",4.6,7,4,4.4,3,44,3,7.4
"U49996",44,"Male","Business Owner","Android",5.9,5.4,5,6.6,1,11,5,3
"U49997",42,"Other","Business Owner","Android",2.9,7.4,9,6.3,2,20,4,6.2
"U49998",27,"Female","Freelancer","iOS",1.4,2.5,4,6.7,9,39,4,5.1
"U49999",41,"Female","Business Owner","iOS",8.9,3,6,5.5,2,51,0,9.2
"U50000",46,"Other","Freelancer","Android",8.8,2.8,3,5.4,1,54,5,6.9
